ID,Year_Birth,Education,Income,Kidhome,Teenhome,Dt_Customer,Recency,MntWines,MntFruits,MntMeatProducts,MntFishProducts,MntSweetProducts,MntGoldProds,NumDealsPurchases,NumWebPurchases,NumCatalogPurchases,NumStorePurchases,NumWebVisitsMonth,AcceptedCmp3,AcceptedCmp4,AcceptedCmp5,AcceptedCmp1,AcceptedCmp2,Complain,Response,Age,Total_Children,Total_Spend,Wine_Ratio,Meat_Ratio,Total_Purchases,Web_Purchase_Ratio,Spend_per_Purchase,Education_Grouped_Postgraduate,Education_Grouped_Undergraduate,Marital_Status_Married,Marital_Status_Single,Marital_Status_Together,Marital_Status_Widow,Customer_Tenure
6237,1966,PhD,7144.0,0,2,2013-12-07,92,81,4,33,5,2,291,0,23,1,1,0,0,0,0,0,0,0,0,48,2,416,0.19471153846153846,0.07932692307692307,25,0.92,16.64,1,0,0,1,0,0,204
4837,1965,PhD,71322.0,0,1,2013-02-16,57,753,43,226,69,10,204,2,8,5,13,4,0,0,0,0,0,0,0,49,1,1305,0.5770114942528736,0.1731800766283525,28,0.2857142857142857,46.607142857142854,1,0,1,0,0,0,498
3434,1951,Graduation,80872.0,0,0,2014-05-12,60,483,72,567,94,12,108,1,4,4,10,1,0,0,0,0,0,0,0,63,0,1336,0.3615269461077844,0.4244011976047904,19,0.21052631578947367,70.3157894736842,0,0,0,1,0,0,48
1131,1967,PhD,52569.0,0,1,2014-04-05,54,85,0,3,0,0,7,1,2,0,4,3,0,0,0,0,0,0,0,47,1,95,0.8947368421052632,0.031578947368421054,7,0.2857142857142857,13.571428571428571,1,0,0,1,0,0,85
737,1949,PhD,80360.0,0,0,2013-03-03,56,1493,86,454,112,43,43,2,4,4,5,2,0,1,1,1,0,0,0,65,0,2231,0.6692066337965038,0.20349619004930525,15,0.26666666666666666,148.73333333333332,1,0,1,0,0,0,483
3790,1956,Graduation,34633.0,2,1,2014-01-23,31,8,1,5,0,0,1,1,1,0,2,6,0,0,0,0,0,0,0,58,3,15,0.5333333333333333,0.3333333333333333,4,0.25,3.75,0,0,0,0,1,0,157
607,1955,2n Cycle,41769.0,0,1,2013-02-13,31,302,29,131,32,0,27,6,8,1,7,8,0,0,0,0,0,0,0,59,1,521,0.5796545105566219,0.2514395393474088,22,0.36363636363636365,23.681818181818183,0,1,0,0,0,0,501
3091,1981,2n Cycle,75774.0,1,0,2014-05-02,27,340,21,134,258,14,56,1,7,5,8,4,0,0,0,0,0,0,0,33,1,823,0.4131227217496962,0.16281895504252733,21,0.3333333333333333,39.19047619047619,0,1,0,0,1,0,58
6634,1979,Master,33462.0,1,0,2013-08-07,78,22,3,18,0,0,11,1,2,0,3,7,0,0,0,0,0,0,0,35,1,54,0.4074074074074074,0.3333333333333333,6,0.3333333333333333,9.0,1,0,0,0,0,0,326
5955,1962,Graduation,72025.0,0,0,2012-11-17,27,833,33,549,151,133,233,1,4,3,8,3,0,0,0,0,0,0,0,52,0,1932,0.4311594202898551,0.2841614906832298,16,0.25,120.75,0,0,0,0,1,0,589
692,1954,Graduation,36807.0,1,1,2012-12-20,88,4,2,5,0,0,5,1,1,0,2,6,0,0,0,0,0,0,0,60,2,16,0.25,0.3125,4,0.25,4.0,0,0,0,0,1,0,556
5068,1971,Graduation,22804.0,1,0,2013-07-31,75,14,1,7,2,1,1,1,2,0,2,9,0,0,0,0,0,0,0,43,1,26,0.5384615384615384,0.2692307692307692,5,0.4,5.2,0,0,0,1,0,0,333
8687,1978,Graduation,53172.0,0,1,2013-05-06,54,121,62,90,68,20,125,3,2,3,8,3,0,0,0,0,0,0,0,36,1,486,0.24897119341563786,0.18518518518518517,16,0.125,30.375,0,0,0,0,1,0,419
7196,1950,PhD,41145.0,1,1,2014-02-08,20,9,0,3,0,0,1,1,0,0,3,3,0,0,0,0,0,0,0,64,2,13,0.6923076923076923,0.23076923076923078,4,0.0,3.25,1,0,1,0,0,0,141
7899,1952,PhD,77610.0,0,1,2012-10-29,70,1245,33,332,21,33,16,2,4,7,4,7,0,0,0,0,0,0,0,62,1,1680,0.7410714285714286,0.1976190476190476,17,0.23529411764705882,98.82352941176471,1,0,1,0,0,0,608
9058,1955,Graduation,79800.0,0,0,2012-09-23,65,1060,21,530,32,0,224,1,5,11,5,3,1,0,1,1,0,0,1,59,0,1867,0.5677557579003749,0.28387787895018746,22,0.22727272727272727,84.86363636363636,0,0,0,0,0,1,644
10448,1956,Graduation,46998.0,0,1,2012-10-22,55,172,41,86,45,6,27,5,5,3,5,7,1,0,0,0,0,0,0,58,1,377,0.4562334217506631,0.22811671087533156,18,0.2777777777777778,20.944444444444443,0,0,0,1,0,0,615
11031,1950,PhD,48699.0,1,1,2013-05-21,90,26,1,10,2,0,1,1,1,0,3,5,0,0,0,0,0,0,0,64,2,40,0.65,0.25,5,0.2,8.0,1,0,1,0,0,0,404
5287,1973,Graduation,34961.0,1,0,2014-06-19,77,45,2,26,4,1,1,3,3,1,3,7,0,0,0,0,0,0,0,41,1,79,0.569620253164557,0.3291139240506329,10,0.3,7.9,0,0,1,0,0,0,10
7801,1959,Graduation,54753.0,0,1,2013-09-12,87,197,107,227,7,59,131,3,5,2,11,4,0,0,0,0,0,0,0,55,1,728,0.2706043956043956,0.3118131868131868,21,0.23809523809523808,34.666666666666664,0,0,0,0,1,0,290
1404,1968,Graduation,34916.0,2,0,2013-05-15,89,51,23,82,33,0,42,4,5,1,3,9,0,0,0,0,0,0,0,46,2,231,0.22077922077922077,0.354978354978355,13,0.38461538461538464,17.76923076923077,0,0,0,0,1,0,410
9485,1986,PhD,45921.0,0,0,2014-03-10,23,102,9,49,24,3,12,1,2,1,6,4,0,0,0,0,0,0,0,28,0,199,0.5125628140703518,0.24623115577889448,10,0.2,19.9,1,0,1,0,0,0,111
4418,1983,Master,89616.0,0,0,2013-02-25,36,671,47,655,145,111,15,1,7,5,12,2,0,0,0,0,0,0,1,31,0,1644,0.4081508515815085,0.3984184914841849,25,0.28,65.76,1,0,0,1,0,0,489
7807,1974,Graduation,44989.0,0,1,2012-09-12,26,98,0,106,49,10,106,5,5,1,5,6,0,0,0,0,0,0,0,40,1,369,0.26558265582655827,0.2872628726287263,16,0.3125,23.0625,0,0,1,0,0,0,655
1802,1971,Graduation,64795.0,0,1,2013-01-17,23,412,5,119,38,29,77,3,3,3,12,2,0,0,0,0,0,0,0,43,1,680,0.6058823529411764,0.175,21,0.14285714285714285,32.38095238095238,0,0,1,0,0,0,528
5120,1982,2n Cycle,66664.0,0,0,2012-09-25,78,398,96,447,220,96,32,1,5,7,6,3,0,0,0,0,0,0,0,32,0,1289,0.30876648564778897,0.3467804499612102,19,0.2631578947368421,67.84210526315789,0,1,0,0,1,0,642
1744,1965,Basic,23529.0,0,1,2013-01-07,67,9,7,13,3,2,20,1,1,1,2,6,0,0,0,0,0,0,0,49,1,54,0.16666666666666666,0.24074074074074073,5,0.2,10.8,0,1,0,1,0,0,538
5687,1980,Graduation,81702.0,0,0,2012-09-23,98,563,50,774,28,31,187,1,7,7,12,3,0,0,0,0,0,0,0,34,0,1633,0.3447642375995101,0.4739742804654011,27,0.25925925925925924,60.48148148148148,0,0,0,0,0,0,644
3623,1976,Graduation,21675.0,1,0,2014-06-11,55,4,0,16,17,4,4,3,4,0,3,7,0,0,0,0,0,0,0,38,1,45,0.08888888888888889,0.35555555555555557,10,0.4,4.5,0,0,0,0,1,0,18
8210,1975,Master,54730.0,0,1,2013-08-15,64,318,3,17,4,7,56,5,4,1,8,4,0,0,0,0,0,0,0,39,1,405,0.7851851851851852,0.04197530864197531,18,0.2222222222222222,22.5,1,0,1,0,0,0,318
8553,1965,Graduation,44300.0,1,1,2013-06-23,65,30,0,9,0,0,3,2,1,0,3,6,0,0,0,0,0,0,0,49,2,42,0.7142857142857143,0.21428571428571427,6,0.16666666666666666,7.0,0,0,1,0,0,0,371
9999,1965,Graduation,75276.0,0,0,2012-09-27,2,610,105,125,137,42,21,1,9,4,9,5,0,0,0,0,0,0,0,49,0,1040,0.5865384615384616,0.1201923076923077,23,0.391304347826087,45.21739130434783,0,0,0,0,1,0,640
5057,1961,Master,61794.0,0,1,2013-09-14,74,264,47,188,54,47,11,2,4,4,10,2,0,0,0,0,0,0,0,53,1,611,0.4320785597381342,0.3076923076923077,20,0.2,30.55,1,0,1,0,0,0,288
1087,1975,Master,22669.0,1,0,2013-05-22,30,16,14,36,37,22,48,3,4,1,2,9,0,0,0,0,0,0,1,39,1,173,0.09248554913294797,0.20809248554913296,10,0.4,17.3,1,0,0,0,1,0,403
642,1980,Basic,16005.0,1,0,2012-08-14,69,1,3,2,20,30,47,3,2,1,2,8,0,0,0,0,0,0,0,34,1,103,0.009708737864077669,0.019417475728155338,8,0.25,12.875,0,1,1,0,0,0,684
322,1978,Graduation,42554.0,1,1,2013-01-12,93,29,1,11,0,0,0,2,2,0,3,4,0,0,0,0,0,0,0,36,2,41,0.7073170731707317,0.2682926829268293,7,0.2857142857142857,5.857142857142857,0,0,0,0,1,0,533
10451,1965,Graduation,29672.0,1,1,2013-03-12,6,9,1,3,0,4,8,1,0,0,3,6,0,0,0,0,0,0,0,49,2,25,0.36,0.12,4,0.0,6.25,0,0,0,0,1,0,474
10432,1974,Graduation,19346.0,1,0,2014-01-30,26,2,0,9,3,6,2,1,1,0,3,8,0,0,0,0,0,0,0,40,1,22,0.09090909090909091,0.4090909090909091,5,0.2,4.4,0,0,0,0,0,0,150
523,1989,Graduation,37155.0,1,0,2013-01-31,51,23,0,26,7,15,3,1,2,0,4,5,0,0,0,0,0,0,0,25,1,74,0.3108108108108108,0.35135135135135137,7,0.2857142857142857,10.571428571428571,0,0,1,0,0,0,514
2115,1957,Graduation,50116.0,1,1,2014-06-20,68,54,0,10,0,0,2,2,1,0,4,5,0,1,0,0,0,0,0,57,2,66,0.8181818181818182,0.15151515151515152,7,0.14285714285714285,9.428571428571429,0,0,0,0,1,0,9
3010,1989,Master,88420.0,0,0,2014-05-02,87,957,153,612,99,95,153,1,4,7,8,1,1,0,1,1,0,0,0,25,0,2069,0.4625422909618173,0.2957950700821653,20,0.2,103.45,1,0,0,0,1,0,58
11084,1976,Master,65104.0,0,1,2013-11-14,4,738,0,232,13,20,50,2,3,5,7,7,0,0,0,0,0,0,1,38,1,1053,0.7008547008547008,0.22032288698955366,17,0.17647058823529413,61.94117647058823,1,0,0,0,1,0,227
9757,1972,Graduation,84906.0,0,0,2013-10-04,98,997,15,414,99,30,76,1,5,6,12,2,0,1,1,0,1,0,0,42,0,1631,0.6112814224402208,0.25383200490496627,24,0.20833333333333334,67.95833333333333,0,0,0,0,1,0,268
4141,1965,Graduation,71613.0,0,0,2013-08-21,26,426,49,127,111,21,42,1,8,2,10,4,0,0,0,0,0,0,0,49,0,776,0.5489690721649485,0.163659793814433,21,0.38095238095238093,36.95238095238095,0,0,0,0,1,0,312
8402,1953,Master,67087.0,0,1,2013-12-17,40,329,35,222,130,35,43,2,7,5,8,4,0,0,0,0,0,0,0,61,1,794,0.41435768261964734,0.2795969773299748,22,0.3181818181818182,36.09090909090909,1,0,1,0,0,0,194
5253,1956,Master,54603.0,1,1,2013-07-09,85,145,13,46,17,2,4,6,4,2,4,7,0,0,0,0,0,0,0,58,2,227,0.6387665198237885,0.2026431718061674,16,0.25,14.1875,1,0,0,0,1,0,355
524,1966,Basic,22634.0,0,0,2013-01-16,47,2,23,11,8,6,46,1,2,1,2,8,0,0,0,0,0,0,0,48,0,96,0.020833333333333332,0.11458333333333333,6,0.3333333333333333,16.0,0,1,0,0,1,0,529
9707,1969,PhD,55212.0,0,1,2012-11-23,65,1103,0,45,0,0,34,3,4,2,11,8,0,1,0,0,1,0,0,45,1,1182,0.9331641285956007,0.03807106598984772,20,0.2,59.1,1,0,1,0,0,0,583
4944,1959,Graduation,71367.0,0,0,2013-08-23,24,227,23,389,42,21,75,1,4,5,7,2,0,0,0,0,0,0,0,55,0,777,0.29214929214929214,0.5006435006435006,17,0.23529411764705882,45.705882352941174,0,0,0,0,1,0,310
9703,1970,PhD,38097.0,1,1,2012-10-15,70,77,2,35,0,1,69,4,3,2,2,7,1,0,0,0,0,0,1,44,2,184,0.41847826086956524,0.19021739130434784,11,0.2727272727272727,16.727272727272727,1,0,1,0,0,0,622
1517,1969,Graduation,30822.0,1,0,2013-06-14,92,3,9,13,2,12,12,1,1,0,3,7,0,0,0,0,0,0,0,45,1,51,0.058823529411764705,0.2549019607843137,5,0.2,10.2,0,0,0,1,0,0,380
3706,1978,Graduation,28647.0,1,0,2013-08-21,54,19,8,29,0,12,26,1,2,2,2,7,1,0,0,0,0,0,1,36,1,94,0.20212765957446807,0.30851063829787234,7,0.2857142857142857,13.428571428571429,0,0,0,1,0,0,312
5029,1946,Graduation,18100.0,0,0,2013-08-06,14,3,1,2,4,3,1,1,0,0,3,5,0,0,0,0,0,0,0,68,0,14,0.21428571428571427,0.14285714285714285,4,0.0,3.5,0,0,1,0,0,0,327
6336,1960,Graduation,29315.0,1,1,2014-04-06,55,13,2,14,8,7,4,4,2,0,4,6,0,0,0,0,0,0,0,54,2,48,0.2708333333333333,0.2916666666666667,10,0.2,4.8,0,0,1,0,0,0,84
2694,1967,Graduation,42664.0,0,1,2014-03-18,44,21,0,3,0,0,0,1,1,0,3,6,0,0,0,0,0,0,0,47,1,24,0.875,0.125,5,0.2,4.8,0,0,1,0,0,0,103
2176,1972,Graduation,80134.0,1,0,2013-05-20,40,1218,16,272,104,0,80,2,5,3,6,6,0,1,1,1,0,0,1,42,1,1690,0.7207100591715976,0.16094674556213018,16,0.3125,105.625,0,0,1,0,0,0,405
3732,1955,Master,52750.0,0,1,2013-02-04,72,393,0,239,90,69,69,6,5,7,9,4,0,0,0,0,0,0,0,59,1,860,0.4569767441860465,0.2779069767441861,27,0.18518518518518517,31.85185185185185,1,0,1,0,0,0,510
7129,1962,PhD,54693.0,0,1,2013-02-17,72,686,17,142,23,26,35,8,6,4,13,6,0,0,0,0,0,0,0,52,1,929,0.7384284176533907,0.15285252960172227,31,0.1935483870967742,29.967741935483872,1,0,1,0,0,0,497
4023,1970,Graduation,22979.0,1,0,2012-09-06,29,16,17,19,20,21,22,3,3,2,2,8,0,0,0,0,0,0,1,44,1,115,0.1391304347826087,0.16521739130434782,10,0.3,11.5,0,0,1,0,0,0,661
10542,1968,PhD,36778.0,1,1,2012-08-05,63,29,4,34,2,4,4,3,3,0,3,9,0,0,0,0,0,0,0,46,2,77,0.37662337662337664,0.44155844155844154,9,0.3333333333333333,8.555555555555555,1,0,1,0,0,0,693
7930,1969,Master,26877.0,0,0,2013-08-19,74,101,13,76,20,18,40,2,3,1,6,6,0,0,0,0,0,0,0,45,0,268,0.376865671641791,0.2835820895522388,12,0.25,22.333333333333332,1,0,0,1,0,0,314
4216,1981,Graduation,91065.0,0,0,2013-02-22,33,822,114,108,179,137,114,1,7,9,9,3,0,0,1,1,0,0,1,33,0,1474,0.5576662143826323,0.07327001356852103,26,0.2692307692307692,56.69230769230769,0,0,0,1,0,0,492
2304,1963,PhD,66313.0,0,1,2013-09-16,86,625,7,99,10,22,7,2,6,3,12,4,0,0,0,0,0,0,0,51,1,770,0.8116883116883117,0.12857142857142856,23,0.2608695652173913,33.47826086956522,1,0,0,0,1,0,286
7002,1955,Graduation,62535.0,0,1,2013-10-03,13,163,48,90,0,45,52,1,3,2,8,3,0,0,0,0,0,0,0,59,1,398,0.40954773869346733,0.22613065326633167,14,0.21428571428571427,28.428571428571427,0,0,0,1,0,0,269
10089,1974,Graduation,102692.0,0,0,2013-04-05,5,168,148,444,32,172,148,1,6,9,13,2,0,1,1,1,1,0,1,40,0,1112,0.1510791366906475,0.39928057553956836,29,0.20689655172413793,38.3448275862069,0,0,0,0,0,0,450
6504,1975,2n Cycle,19789.0,1,0,2013-11-20,24,2,5,9,28,6,28,3,2,1,3,5,1,0,0,0,0,0,0,39,1,78,0.02564102564102564,0.11538461538461539,9,0.2222222222222222,8.666666666666666,0,1,0,0,1,0,221
9386,1962,Graduation,50127.0,0,1,2014-05-29,88,274,0,21,4,6,15,1,5,1,6,6,0,1,0,0,0,0,0,52,1,320,0.85625,0.065625,13,0.38461538461538464,24.615384615384617,0,0,0,0,1,0,31
7943,1975,PhD,36663.0,1,0,2014-04-25,40,18,0,6,3,3,5,1,1,1,3,2,0,0,0,0,0,0,0,39,1,35,0.5142857142857142,0.17142857142857143,6,0.16666666666666666,5.833333333333333,1,0,1,0,0,0,65
3515,1952,Graduation,62307.0,0,1,2014-02-17,94,87,13,34,10,6,10,1,4,0,4,5,0,0,0,0,0,0,0,62,1,160,0.54375,0.2125,9,0.4444444444444444,17.77777777777778,0,0,0,1,0,0,132
2437,1989,Graduation,50943.0,0,0,2013-06-03,69,861,138,461,60,30,61,1,6,5,12,3,0,1,0,1,0,0,0,25,0,1611,0.5344506517690876,0.2861576660459342,24,0.25,67.125,0,0,1,0,0,0,391
736,1983,Graduation,28427.0,1,0,2013-03-21,67,18,3,19,3,3,6,2,2,0,3,8,0,0,0,0,0,0,0,31,1,52,0.34615384615384615,0.36538461538461536,7,0.2857142857142857,7.428571428571429,0,0,0,0,1,0,465
2431,1990,Graduation,18222.0,0,0,2012-12-31,70,12,4,19,12,6,14,1,2,0,3,8,0,0,0,0,0,0,0,24,0,67,0.1791044776119403,0.2835820895522388,6,0.3333333333333333,11.166666666666666,0,0,1,0,0,0,545
5987,1989,2n Cycle,10404.0,1,0,2014-05-04,52,2,2,11,10,6,12,2,1,0,4,5,0,0,0,0,0,0,0,25,1,43,0.046511627906976744,0.2558139534883721,7,0.14285714285714285,6.142857142857143,0,1,0,0,1,0,56
2829,1955,Graduation,65210.0,0,1,2014-03-10,25,626,0,70,0,7,28,2,9,3,8,6,0,1,0,1,0,0,0,59,1,731,0.8563611491108071,0.09575923392612859,22,0.4090909090909091,33.22727272727273,0,0,1,0,0,0,111
6543,1945,Master,62847.0,0,0,2013-01-15,45,521,168,706,80,76,61,1,3,6,4,2,0,0,0,0,0,0,0,69,0,1612,0.3232009925558313,0.43796526054590573,14,0.21428571428571427,115.14285714285714,1,0,0,0,1,0,530
10598,1967,Graduation,27943.0,1,1,2013-04-15,89,12,1,16,4,1,3,3,2,0,3,8,0,0,0,0,0,0,0,47,2,37,0.32432432432432434,0.43243243243243246,8,0.25,4.625,0,0,0,0,1,0,440
4692,1976,Graduation,7500.0,1,0,2012-08-01,19,7,0,12,13,7,32,5,4,1,2,9,1,0,0,0,0,0,1,38,1,71,0.09859154929577464,0.16901408450704225,12,0.3333333333333333,5.916666666666667,0,0,1,0,0,0,697
2295,1954,PhD,62670.0,0,1,2014-02-02,57,539,30,92,80,46,38,1,5,3,13,3,0,0,0,0,0,0,0,60,1,825,0.6533333333333333,0.11151515151515151,22,0.22727272727272727,37.5,1,0,1,0,0,0,147
175,1986,Graduation,71952.0,1,0,2013-01-10,93,656,80,455,52,107,93,2,8,4,8,4,1,0,1,0,0,0,0,28,1,1443,0.4546084546084546,0.3153153153153153,22,0.36363636363636365,65.5909090909091,0,0,1,0,0,0,535
1857,1952,Graduation,47139.0,1,1,2014-03-06,2,46,0,12,0,2,23,2,2,1,2,7,0,0,0,0,0,0,1,62,2,83,0.5542168674698795,0.14457831325301204,7,0.2857142857142857,11.857142857142858,0,0,0,1,0,0,115
11176,1970,PhD,65968.0,0,1,2014-05-12,12,376,9,83,19,4,4,2,5,4,7,3,0,0,0,0,0,0,0,44,1,495,0.7595959595959596,0.16767676767676767,18,0.2777777777777778,27.5,1,0,0,0,1,0,48
3281,1960,PhD,49154.0,1,1,2013-11-03,69,206,10,67,30,27,71,6,4,1,8,6,0,0,0,0,0,0,0,54,2,411,0.5012165450121655,0.1630170316301703,19,0.21052631578947367,21.63157894736842,1,0,1,0,0,0,238
3717,1959,Graduation,61180.0,0,1,2014-04-23,70,403,24,29,6,24,218,2,5,5,6,3,1,0,0,0,0,0,0,55,1,704,0.5724431818181818,0.041193181818181816,18,0.2777777777777778,39.111111111111114,0,0,1,0,0,0,67
1448,1963,Master,33562.0,1,2,2014-06-25,33,21,12,12,0,3,3,3,2,0,4,4,0,0,0,0,0,0,0,51,3,51,0.4117647058823529,0.23529411764705882,9,0.2222222222222222,5.666666666666667,1,0,1,0,0,0,4
10562,1946,Master,66835.0,0,0,2013-09-28,21,620,26,195,34,17,141,1,6,4,13,2,0,0,0,0,0,0,0,68,0,1033,0.6001936108422071,0.1887705711519845,24,0.25,43.041666666666664,1,0,1,0,0,0,274
5610,1965,Graduation,33456.0,1,1,2014-04-21,58,7,3,10,8,1,7,2,1,0,3,7,0,0,0,0,0,0,0,49,2,36,0.19444444444444445,0.2777777777777778,6,0.16666666666666666,6.0,0,0,0,0,1,0,69
2793,1976,PhD,70179.0,0,1,2013-07-21,10,532,88,168,69,44,133,3,7,3,13,5,0,0,0,0,0,0,0,38,1,1034,0.5145067698259188,0.16247582205029013,26,0.2692307692307692,39.76923076923077,1,0,0,0,0,0,343
2406,1949,Graduation,54591.0,0,1,2013-08-05,63,376,4,94,12,9,24,3,6,2,8,5,0,0,0,0,0,0,0,65,1,519,0.7244701348747592,0.1811175337186898,19,0.3157894736842105,27.31578947368421,0,0,0,0,1,0,328
3934,1966,Graduation,61286.0,0,1,2013-08-02,34,356,0,107,19,9,117,2,7,1,8,5,0,0,0,0,0,0,0,48,1,608,0.5855263157894737,0.17598684210526316,18,0.3888888888888889,33.77777777777778,0,0,1,0,0,0,331
10972,1949,Graduation,72298.0,0,0,2014-03-10,52,625,35,169,58,17,35,1,4,3,6,1,0,1,1,0,0,0,0,65,0,939,0.6656017039403621,0.1799787007454739,14,0.2857142857142857,67.07142857142857,0,0,0,0,0,1,111
9423,1979,Master,32765.0,1,0,2014-02-23,49,13,3,17,7,3,3,2,2,0,4,5,0,0,0,0,0,0,0,35,1,46,0.2826086956521739,0.3695652173913043,8,0.25,5.75,1,0,1,0,0,0,126
9970,1977,Graduation,55375.0,0,1,2013-10-17,3,42,11,57,10,28,14,1,1,1,6,2,0,0,0,0,0,0,0,37,1,162,0.25925925925925924,0.35185185185185186,9,0.1111111111111111,18.0,0,0,0,0,1,0,255
8700,1986,Basic,14906.0,0,0,2012-12-22,86,7,7,14,7,16,15,3,2,1,3,7,0,0,0,0,0,0,0,28,0,66,0.10606060606060606,0.21212121212121213,9,0.2222222222222222,7.333333333333333,0,1,0,1,0,0,554
10967,1963,Graduation,33378.0,1,1,2013-02-06,38,33,6,40,3,7,10,3,2,0,4,7,0,0,0,0,0,0,0,51,2,99,0.3333333333333333,0.40404040404040403,9,0.2222222222222222,11.0,0,0,0,0,0,0,508
1503,1976,PhD,162397.0,1,1,2013-06-03,31,85,1,16,2,1,2,0,0,0,1,1,0,0,0,0,0,0,0,38,2,107,0.794392523364486,0.14953271028037382,1,0.0,107.0,1,0,0,0,1,0,391
3265,1959,Graduation,35701.0,0,0,2013-03-19,36,21,1,9,7,3,5,1,1,0,3,6,0,0,0,0,0,0,0,55,0,46,0.45652173913043476,0.1956521739130435,5,0.2,9.2,0,0,1,0,0,0,467
10841,1975,PhD,56559.0,0,1,2012-12-25,46,226,22,133,41,31,31,3,4,3,8,4,0,0,0,0,0,0,0,39,1,484,0.4669421487603306,0.27479338842975204,18,0.2222222222222222,26.88888888888889,1,0,0,0,1,0,551
9392,1971,Graduation,26954.0,1,0,2014-05-08,17,4,1,11,0,0,1,1,1,0,2,7,0,0,0,0,0,0,0,43,1,17,0.23529411764705882,0.6470588235294118,4,0.25,4.25,0,0,0,1,0,0,52
1519,1972,PhD,38578.0,1,1,2013-06-22,2,38,4,22,3,3,3,3,3,0,3,8,0,0,0,0,0,0,1,42,2,73,0.5205479452054794,0.3013698630136986,9,0.3333333333333333,8.11111111111111,1,0,0,1,0,0,372
9076,1980,PhD,30732.0,1,0,2013-01-05,44,155,1,25,0,1,3,4,4,1,4,8,0,0,0,0,0,0,0,34,1,185,0.8378378378378378,0.13513513513513514,13,0.3076923076923077,14.23076923076923,1,0,1,0,0,0,540
5252,1969,Graduation,23910.0,1,0,2012-10-26,80,16,12,18,7,1,13,1,2,0,3,7,0,0,0,0,0,0,0,45,1,67,0.23880597014925373,0.26865671641791045,6,0.3333333333333333,11.166666666666666,0,0,0,0,0,0,611
1139,1984,PhD,73356.0,0,0,2014-02-06,56,1050,14,322,0,14,112,1,5,11,5,2,1,0,1,1,0,0,1,30,0,1512,0.6944444444444444,0.21296296296296297,22,0.22727272727272727,68.72727272727273,1,0,1,0,0,0,143
6398,1974,Basic,18393.0,1,0,2014-03-29,2,7,10,13,16,0,4,2,3,0,3,8,0,0,0,0,0,0,0,40,1,50,0.14,0.26,8,0.375,6.25,0,1,1,0,0,0,92
1515,1975,Master,34176.0,0,1,2014-01-22,9,11,2,7,4,2,2,1,1,0,3,3,0,0,0,0,0,0,0,39,1,28,0.39285714285714285,0.25,5,0.2,5.6,1,0,0,0,1,0,158
10913,1984,Master,31385.0,1,0,2012-12-05,56,3,2,12,0,1,9,1,1,0,2,8,1,0,0,0,0,0,1,30,1,27,0.1111111111111111,0.4444444444444444,4,0.25,6.75,1,0,0,1,0,0,571
5342,1976,Basic,9548.0,1,0,2012-08-08,31,0,1,3,10,6,9,2,1,0,3,8,0,0,0,0,0,0,0,38,1,29,0.0,0.10344827586206896,6,0.16666666666666666,4.833333333333333,0,1,0,0,0,0,690
2532,1987,Master,73454.0,0,0,2014-03-01,95,982,73,351,56,14,175,1,2,4,6,5,1,0,0,0,0,0,0,27,0,1651,0.5947910357359176,0.2125984251968504,13,0.15384615384615385,127.0,1,0,0,1,0,0,120
7053,1966,PhD,78420.0,0,0,2013-06-29,75,604,28,674,91,28,28,1,3,10,8,1,0,0,0,0,0,0,0,48,0,1453,0.41569167240192706,0.4638678596008259,22,0.13636363636363635,66.04545454545455,1,0,0,1,0,0,365
7381,1968,Graduation,75693.0,0,0,2012-12-06,10,797,153,293,72,97,30,1,11,4,6,4,0,1,1,1,0,0,1,46,0,1442,0.5527045769764216,0.2031900138696255,22,0.5,65.54545454545455,0,0,0,0,0,0,570
10219,1972,Graduation,31590.0,1,0,2013-06-18,40,6,2,15,6,6,3,1,1,0,3,8,0,0,0,0,0,0,0,42,1,38,0.15789473684210525,0.39473684210526316,5,0.2,7.6,0,0,0,0,1,0,376
6116,1968,2n Cycle,48985.0,0,1,2013-07-05,13,19,13,18,10,7,8,1,1,1,3,3,0,0,0,0,0,0,0,46,1,75,0.25333333333333335,0.24,6,0.16666666666666666,12.5,0,1,1,0,0,0,359
2428,1970,Graduation,28164.0,1,0,2013-05-04,23,3,18,26,11,8,12,3,2,0,4,7,0,0,0,0,0,0,0,44,1,78,0.038461538461538464,0.3333333333333333,9,0.2222222222222222,8.666666666666666,0,0,1,0,0,0,421
4808,1956,Graduation,15759.0,0,0,2013-09-05,12,1,2,5,6,0,3,1,1,0,2,7,0,0,0,0,0,0,0,58,0,17,0.058823529411764705,0.29411764705882354,4,0.25,4.25,0,0,1,0,0,0,297
9224,1972,PhD,55260.0,0,1,2012-12-12,81,825,8,53,11,0,242,2,8,10,5,6,0,0,0,0,0,0,0,42,1,1139,0.7243195785776997,0.046532045654082525,25,0.32,45.56,1,0,0,1,0,0,564
1044,1953,Graduation,58398.0,0,0,2013-05-14,44,299,5,201,21,21,49,3,5,4,8,4,0,0,0,0,0,0,0,61,0,596,0.5016778523489933,0.337248322147651,20,0.25,29.8,0,0,0,0,1,0,411
2114,1946,PhD,82800.0,0,0,2012-11-24,23,1006,22,115,59,68,45,1,7,6,12,3,0,0,1,1,0,0,1,68,0,1315,0.7650190114068441,0.08745247148288973,26,0.2692307692307692,50.57692307692308,1,0,0,1,0,0,582
10613,1958,PhD,37334.0,1,1,2014-02-26,44,26,1,16,2,2,15,4,3,0,4,4,0,0,0,0,0,0,0,56,2,62,0.41935483870967744,0.25806451612903225,11,0.2727272727272727,5.636363636363637,1,0,0,0,1,0,123
1970,1968,Master,34053.0,0,1,2012-09-10,14,63,0,21,7,0,12,1,3,0,3,8,0,0,0,0,0,0,0,46,1,103,0.6116504854368932,0.20388349514563106,7,0.42857142857142855,14.714285714285714,1,0,0,0,1,0,657
4994,1943,Master,77598.0,0,0,2013-10-01,53,1193,33,281,129,66,33,1,7,5,13,3,0,0,1,0,0,0,0,71,0,1735,0.6876080691642651,0.16195965417867436,26,0.2692307692307692,66.73076923076923,1,0,0,1,0,0,271
7505,1957,PhD,44155.0,1,1,2014-01-19,24,22,1,9,0,0,14,1,1,1,2,4,0,0,0,0,0,0,0,57,2,46,0.4782608695652174,0.1956521739130435,5,0.2,9.2,1,0,1,0,0,0,161
7187,1969,Master,50943.0,1,1,2013-05-18,52,375,42,48,94,66,96,7,4,10,4,3,0,0,0,0,0,0,0,45,2,721,0.5201109570041609,0.06657420249653259,25,0.16,28.84,1,0,0,0,1,0,407
1029,1970,PhD,64413.0,0,1,2013-08-01,27,200,5,44,0,10,20,1,5,1,5,5,0,0,0,0,0,0,0,44,1,279,0.7168458781362007,0.15770609318996415,12,0.4166666666666667,23.25,1,0,0,0,1,0,332
946,1958,2n Cycle,26490.0,0,0,2012-09-22,92,45,47,52,21,20,25,2,3,1,5,6,0,0,0,0,0,0,0,56,0,210,0.21428571428571427,0.24761904761904763,11,0.2727272727272727,19.09090909090909,0,1,0,0,1,0,645
3439,1972,Graduation,56721.0,1,1,2012-10-31,64,157,6,39,6,13,75,5,4,1,5,6,0,0,0,0,0,0,0,42,2,296,0.5304054054054054,0.13175675675675674,15,0.26666666666666666,19.733333333333334,0,0,1,0,0,0,606
2292,1985,Graduation,22327.0,1,0,2013-08-02,94,5,4,8,2,0,5,1,1,0,3,5,0,0,0,0,0,0,0,29,1,24,0.20833333333333334,0.3333333333333333,5,0.2,4.8,0,0,0,1,0,0,331
9697,1951,Graduation,53790.0,0,2,2014-03-06,86,335,42,127,28,5,5,3,7,2,8,6,0,0,0,0,0,0,0,63,2,542,0.6180811808118081,0.23431734317343172,20,0.35,27.1,0,0,1,0,0,0,115
7348,1958,PhD,71691.0,0,0,2014-03-17,0,336,130,411,240,32,43,1,4,7,5,2,0,0,0,0,0,0,1,56,0,1192,0.28187919463087246,0.3447986577181208,17,0.23529411764705882,70.11764705882354,1,0,0,1,0,0,104
7300,1952,Graduation,69142.0,0,1,2014-06-29,50,448,4,34,6,4,39,3,8,1,7,5,0,1,0,0,0,0,0,62,1,535,0.8373831775700935,0.06355140186915888,19,0.42105263157894735,28.157894736842106,0,0,0,0,0,0,0
4207,1981,PhD,87171.0,0,0,2013-05-01,27,1001,44,107,58,44,44,1,6,7,11,2,1,0,1,0,0,0,0,33,0,1298,0.7711864406779662,0.08243451463790447,25,0.24,51.92,1,0,1,0,0,0,424
4406,1970,Graduation,67419.0,0,1,2013-01-16,29,846,84,352,91,56,42,4,9,4,8,5,0,0,0,0,0,0,0,44,1,1471,0.5751189666893269,0.23929299796057105,25,0.36,58.84,0,0,0,0,1,0,529
3551,1954,Master,60033.0,0,1,2014-03-29,28,62,1,57,19,11,48,2,2,1,5,2,0,0,0,0,0,0,0,60,1,198,0.31313131313131315,0.2878787878787879,10,0.2,19.8,1,0,0,0,1,0,92
5863,1953,Graduation,47703.0,0,1,2013-05-29,95,359,0,134,13,26,123,4,6,3,8,5,0,0,0,0,0,0,0,61,1,655,0.5480916030534351,0.20458015267175572,21,0.2857142857142857,31.19047619047619,0,0,1,0,0,0,396
2902,1958,Graduation,50943.0,1,1,2012-09-03,87,19,4,12,2,2,6,1,1,0,3,5,0,0,0,0,0,0,0,56,2,45,0.4222222222222222,0.26666666666666666,5,0.2,9.0,0,0,0,0,1,0,664
10245,1986,2n Cycle,80910.0,0,0,2012-10-31,71,160,80,369,67,39,41,1,3,3,8,1,0,0,0,0,0,0,0,28,0,756,0.21164021164021163,0.4880952380952381,15,0.2,50.4,0,1,0,1,0,0,606
1958,1973,PhD,55012.0,0,1,2014-03-21,85,582,0,65,0,0,13,6,8,2,9,5,0,0,0,0,0,0,0,41,1,660,0.8818181818181818,0.09848484848484848,25,0.32,26.4,1,0,0,0,1,0,100
2612,1987,Graduation,75794.0,0,0,2013-12-24,33,754,160,625,63,32,48,1,7,5,12,3,0,0,0,1,0,0,0,27,0,1682,0.4482758620689655,0.37158145065398335,25,0.28,67.28,0,0,1,0,0,0,187
4864,1977,Graduation,34380.0,1,0,2013-05-02,68,72,7,58,13,1,24,4,4,1,3,8,0,0,0,0,0,0,0,37,1,175,0.4114285714285714,0.3314285714285714,12,0.3333333333333333,14.583333333333334,0,0,1,0,0,0,423
3075,1972,PhD,59973.0,0,0,2013-09-11,47,130,30,168,20,34,0,1,3,4,7,1,0,0,0,0,0,0,0,42,0,382,0.3403141361256545,0.4397905759162304,15,0.2,25.466666666666665,1,0,1,0,0,0,291
1118,1956,Master,50965.0,0,1,2013-02-20,87,544,13,85,8,6,29,3,10,4,5,8,1,0,0,0,0,0,0,58,1,685,0.7941605839416058,0.12408759124087591,22,0.45454545454545453,31.136363636363637,1,0,1,0,0,0,494
7396,1966,Graduation,80398.0,0,0,2012-11-10,92,342,51,936,207,35,26,1,5,8,12,3,0,0,1,0,0,0,0,48,0,1597,0.21415153412648716,0.5860989355040701,26,0.19230769230769232,61.42307692307692,0,0,1,0,0,0,596
10092,1954,Graduation,70044.0,0,1,2013-02-18,46,1073,0,250,153,14,14,4,7,10,5,5,0,0,0,0,0,0,0,60,1,1504,0.7134308510638298,0.16622340425531915,26,0.2692307692307692,57.84615384615385,0,0,0,0,0,0,496
8041,1971,PhD,47111.0,0,1,2012-09-08,35,595,71,153,120,112,41,6,3,2,10,9,0,0,0,0,0,0,0,43,1,1092,0.5448717948717948,0.1401098901098901,21,0.14285714285714285,52.0,1,0,0,0,0,1,659
11188,1957,Graduation,26091.0,1,1,2014-02-25,84,15,10,19,8,17,20,3,2,1,3,5,0,0,0,0,0,0,0,57,2,89,0.16853932584269662,0.21348314606741572,9,0.2222222222222222,9.88888888888889,0,0,0,0,1,0,124
8931,1986,Graduation,83033.0,1,0,2014-05-18,82,812,99,431,237,149,33,1,11,4,10,5,0,0,0,1,0,0,0,28,1,1761,0.4611016467915957,0.2447473026689381,26,0.4230769230769231,67.73076923076923,0,0,0,0,1,0,42
7034,1978,2n Cycle,25804.0,1,0,2013-09-01,34,8,7,9,13,6,12,2,2,0,3,8,0,0,0,0,0,0,0,36,1,55,0.14545454545454545,0.16363636363636364,7,0.2857142857142857,7.857142857142857,0,1,1,0,0,0,301
7281,1959,PhD,50943.0,0,0,2013-11-05,80,81,11,50,3,2,39,1,1,3,4,2,0,0,0,0,0,0,0,55,0,186,0.43548387096774194,0.26881720430107525,9,0.1111111111111111,20.666666666666668,1,0,0,1,0,0,236
7488,1963,Master,64191.0,0,1,2013-01-22,30,420,15,186,151,38,15,3,5,3,13,3,0,0,0,0,0,0,0,51,1,825,0.509090909090909,0.22545454545454546,24,0.20833333333333334,34.375,1,0,0,1,0,0,523
3445,1956,Graduation,60714.0,0,0,2013-01-17,56,216,162,224,101,92,162,2,7,4,10,5,0,0,0,0,0,0,1,58,0,957,0.22570532915360503,0.23406478578892373,23,0.30434782608695654,41.608695652173914,0,0,0,1,0,0,528
2253,1990,Graduation,18929.0,0,0,2013-02-16,15,32,0,8,23,4,18,1,1,0,4,6,0,0,0,0,0,0,0,24,0,85,0.3764705882352941,0.09411764705882353,6,0.16666666666666666,14.166666666666666,0,0,1,0,0,0,498
1016,1959,PhD,34554.0,0,1,2014-03-30,43,41,1,6,2,0,5,2,2,0,3,6,0,0,0,0,0,0,0,55,1,55,0.7454545454545455,0.10909090909090909,7,0.2857142857142857,7.857142857142857,1,0,0,1,0,0,91
9500,1959,Graduation,58113.0,0,1,2013-01-25,66,221,104,169,102,78,84,3,9,2,8,7,0,0,0,0,0,1,0,55,1,758,0.29155672823219,0.22295514511873352,22,0.4090909090909091,34.45454545454545,0,0,1,0,0,0,520
4507,1952,Graduation,72228.0,0,0,2012-11-27,87,631,28,491,30,14,56,1,6,7,8,3,0,0,0,0,0,0,0,62,0,1250,0.5048,0.3928,22,0.2727272727272727,56.81818181818182,0,0,0,1,0,0,579
8008,1983,Graduation,36075.0,1,0,2013-12-09,54,46,0,30,12,1,30,1,2,0,4,6,0,0,0,0,0,0,0,31,1,119,0.3865546218487395,0.25210084033613445,7,0.2857142857142857,17.0,0,0,0,0,1,0,202
2683,1969,Graduation,52413.0,0,2,2013-02-02,56,295,106,271,75,98,65,4,6,4,12,6,0,0,0,0,0,0,0,45,2,910,0.3241758241758242,0.2978021978021978,26,0.23076923076923078,35.0,0,0,1,0,0,0,512
8911,1967,PhD,56320.0,0,1,2013-04-08,11,201,53,172,116,77,83,3,5,4,9,4,0,0,0,0,0,0,0,47,1,702,0.2863247863247863,0.245014245014245,21,0.23809523809523808,33.42857142857143,1,0,1,0,0,0,447
9135,1950,Graduation,27203.0,1,1,2012-08-06,92,13,2,21,4,0,24,2,1,1,2,8,0,0,0,0,0,0,0,64,2,64,0.203125,0.328125,6,0.16666666666666666,10.666666666666666,0,0,0,0,1,0,692
8720,1978,2n Cycle,50943.0,0,0,2012-08-12,53,32,2,1607,12,4,22,0,0,0,1,0,0,1,0,0,0,0,0,36,0,1679,0.019058963668850508,0.9571173317450864,1,0.0,1679.0,0,1,0,0,1,0,686
983,1984,Graduation,40059.0,1,0,2013-09-28,82,110,29,92,28,10,145,1,6,2,3,8,1,0,0,0,0,0,0,30,1,414,0.26570048309178745,0.2222222222222222,12,0.5,34.5,0,0,1,0,0,0,274
1081,1957,PhD,75283.0,1,2,2013-03-27,26,733,9,180,12,19,66,11,6,3,5,4,0,0,0,0,0,0,0,57,3,1019,0.719332679097154,0.17664376840039253,25,0.24,40.76,1,0,1,0,0,0,459
7610,1983,Graduation,37292.0,1,0,2013-04-18,32,275,0,86,10,23,66,5,6,3,5,8,0,0,0,0,0,0,0,31,1,460,0.5978260869565217,0.18695652173913044,19,0.3157894736842105,24.210526315789473,0,0,0,0,1,0,437
10413,1984,Graduation,72570.0,0,0,2014-04-25,67,274,83,216,151,141,224,1,4,6,12,1,0,0,0,0,0,0,0,30,0,1089,0.2516069788797062,0.19834710743801653,23,0.17391304347826086,47.34782608695652,0,0,1,0,0,0,65
1829,1961,PhD,54959.0,0,1,2013-01-19,55,1148,0,60,0,0,24,3,9,5,4,7,0,1,0,0,0,0,1,53,1,1232,0.9318181818181818,0.048701298701298704,21,0.42857142857142855,58.666666666666664,1,0,0,0,0,0,526
5223,1966,Master,45903.0,0,1,2014-04-23,80,33,8,10,2,10,3,2,2,1,3,4,0,0,0,0,0,0,0,48,1,66,0.5,0.15151515151515152,8,0.25,8.25,1,0,0,0,1,0,67
10091,1956,Graduation,60230.0,0,1,2013-05-20,78,520,20,367,39,81,40,2,6,3,6,5,0,0,0,0,0,0,0,58,1,1067,0.4873477038425492,0.34395501405810686,17,0.35294117647058826,62.76470588235294,0,0,0,1,0,0,405
7441,1973,Graduation,71128.0,1,0,2012-10-06,80,958,159,447,20,0,31,3,2,10,12,7,0,0,0,0,0,0,0,41,1,1615,0.5931888544891641,0.27678018575851393,27,0.07407407407407407,59.81481481481482,0,0,0,0,0,0,631
9923,1972,Master,46423.0,1,1,2013-09-18,6,68,0,16,0,0,8,3,2,0,4,7,0,0,0,0,0,0,0,42,2,92,0.7391304347826086,0.17391304347826086,9,0.2222222222222222,10.222222222222221,1,0,0,1,0,0,284
10602,1983,Graduation,39922.0,1,0,2013-02-14,30,29,12,59,19,1,36,2,3,0,4,8,0,0,0,0,0,0,0,31,1,156,0.1858974358974359,0.3782051282051282,9,0.3333333333333333,17.333333333333332,0,0,1,0,0,0,500
10479,1975,PhD,76618.0,0,0,2012-12-07,64,749,40,294,121,160,147,1,3,2,5,1,0,0,0,0,0,0,0,39,0,1511,0.4956982131039047,0.19457313037723362,11,0.2727272727272727,137.36363636363637,1,0,1,0,0,0,569
6312,1959,Graduation,65031.0,0,1,2013-03-17,29,258,107,291,84,37,86,4,10,3,13,7,0,0,0,0,0,0,0,55,1,863,0.2989571263035921,0.33719582850521435,30,0.3333333333333333,28.766666666666666,0,0,1,0,0,0,469
5140,1985,PhD,64355.0,1,0,2012-08-24,66,1047,0,140,67,38,153,2,4,3,12,8,0,0,0,0,0,0,0,29,1,1445,0.7245674740484429,0.09688581314878893,21,0.19047619047619047,68.80952380952381,1,0,1,0,0,0,674
9559,1961,PhD,57072.0,0,1,2014-01-24,79,944,0,60,0,0,30,2,7,5,13,5,1,0,0,0,0,0,0,53,1,1034,0.9129593810444874,0.058027079303675046,27,0.25925925925925924,38.2962962962963,1,0,1,0,0,0,156
8254,1974,PhD,34596.0,1,0,2013-04-13,48,14,0,2,0,0,7,1,1,0,2,8,0,0,0,0,0,0,0,40,1,23,0.6086956521739131,0.08695652173913043,4,0.25,5.75,1,0,1,0,0,0,442
2836,1972,PhD,43269.0,1,0,2013-09-16,61,10,1,7,0,0,1,1,1,0,2,8,0,0,0,0,0,0,0,42,1,19,0.5263157894736842,0.3684210526315789,4,0.25,4.75,1,0,1,0,0,0,286
9286,1960,Master,83151.0,0,0,2012-10-10,93,407,28,100,120,74,18,1,5,9,4,3,0,0,0,0,0,0,0,54,0,747,0.5448460508701473,0.13386880856760375,19,0.2631578947368421,39.31578947368421,1,0,0,0,1,0,627
1158,1966,Graduation,48877.0,0,1,2014-01-05,27,102,1,15,2,0,24,1,3,0,4,7,0,0,0,0,0,0,0,48,1,144,0.7083333333333334,0.10416666666666667,8,0.375,18.0,0,0,0,0,0,0,175
8939,1959,Graduation,61250.0,0,1,2012-12-16,49,382,138,65,60,26,59,6,5,2,12,5,0,0,0,0,0,0,0,55,1,730,0.5232876712328767,0.08904109589041095,25,0.2,29.2,0,0,0,0,0,0,560
11010,1984,PhD,16269.0,1,0,2013-08-30,75,19,3,18,3,1,0,3,3,0,3,8,0,0,0,0,0,0,0,30,1,44,0.4318181818181818,0.4090909090909091,9,0.3333333333333333,4.888888888888889,1,0,0,1,0,0,303
1127,1973,PhD,85844.0,0,0,2014-05-29,62,938,19,843,25,95,38,1,6,6,7,2,0,0,1,0,0,0,0,41,0,1958,0.4790602655771195,0.4305413687436159,20,0.3,97.9,1,0,1,0,0,0,31
1513,1979,2n Cycle,60839.0,1,1,2012-08-28,72,600,21,128,223,150,128,13,2,2,12,8,0,0,0,0,0,0,0,35,2,1250,0.48,0.1024,29,0.06896551724137931,43.10344827586207,0,1,0,0,1,0,670
9432,1977,Graduation,666666.0,1,0,2013-06-02,23,9,14,18,8,1,12,4,3,1,3,6,0,0,0,0,0,0,0,37,1,62,0.14516129032258066,0.2903225806451613,11,0.2727272727272727,5.636363636363637,0,0,0,0,1,0,392
11110,1973,Graduation,3502.0,1,0,2013-04-13,56,2,1,1,0,0,1,0,0,0,0,14,0,0,0,0,0,0,0,41,1,5,0.4,0.2,0,0.0,0.0,0,0,0,1,0,0,442
1773,1978,2n Cycle,12393.0,0,0,2012-12-04,38,5,6,15,11,7,13,1,2,0,3,9,0,0,0,0,0,0,0,36,0,57,0.08771929824561403,0.2631578947368421,6,0.3333333333333333,9.5,0,1,1,0,0,0,572
9305,1976,2n Cycle,79689.0,0,0,2013-05-12,65,311,26,640,180,37,121,1,4,9,13,2,0,0,0,0,0,0,0,38,0,1315,0.23650190114068442,0.4866920152091255,27,0.14814814814814814,48.7037037037037,0,1,0,1,0,0,413
7881,1946,Master,66835.0,0,0,2013-09-28,21,620,26,195,34,17,141,1,6,4,13,2,0,0,0,0,0,0,0,68,0,1033,0.6001936108422071,0.1887705711519845,24,0.25,43.041666666666664,1,0,1,0,0,0,274
2613,1960,Master,54197.0,0,1,2014-04-03,16,162,6,37,6,13,13,2,1,3,6,1,0,0,0,0,0,0,0,54,1,237,0.6835443037974683,0.15611814345991562,12,0.08333333333333333,19.75,1,0,1,0,0,0,87
6320,1976,Master,70893.0,0,0,2013-02-06,42,768,44,561,77,44,14,1,6,6,10,3,0,0,0,0,0,0,0,38,0,1508,0.5092838196286472,0.3720159151193634,23,0.2608695652173913,65.56521739130434,1,0,0,1,0,0,508
2894,1985,Graduation,72903.0,0,0,2013-10-29,74,1067,138,750,0,19,39,1,7,5,8,4,0,1,1,1,0,0,1,29,0,2013,0.5300546448087432,0.37257824143070045,21,0.3333333333333333,95.85714285714286,0,0,0,1,0,0,243
5049,1974,PhD,30351.0,1,0,2013-06-06,19,14,0,24,3,3,2,1,3,0,2,9,0,0,0,0,0,0,0,40,1,46,0.30434782608695654,0.5217391304347826,6,0.5,7.666666666666667,1,0,0,0,1,0,388
9668,1971,Graduation,18793.0,1,0,2013-01-12,14,4,16,20,0,17,20,3,2,0,4,8,0,0,0,0,0,0,0,43,1,77,0.05194805194805195,0.2597402597402597,9,0.2222222222222222,8.555555555555555,0,0,1,0,0,0,533
10855,1968,Master,50014.0,1,0,2014-01-22,9,234,14,77,19,10,42,2,4,1,8,5,0,0,0,0,0,0,0,46,1,396,0.5909090909090909,0.19444444444444445,15,0.26666666666666666,26.4,1,0,0,1,0,0,158
10319,1971,Graduation,66303.0,0,1,2013-02-26,56,1090,12,96,16,12,60,4,3,4,11,8,0,1,0,0,0,0,0,43,1,1286,0.8475894245723172,0.07465007776049767,22,0.13636363636363635,58.45454545454545,0,0,1,0,0,0,488
6055,1979,Graduation,71626.0,0,0,2012-11-01,94,546,72,376,94,145,72,1,5,5,8,3,0,1,0,0,0,0,0,35,0,1305,0.41839080459770117,0.28812260536398465,19,0.2631578947368421,68.6842105263158,0,0,1,0,0,0,605
2589,1972,Graduation,26759.0,1,0,2014-02-07,65,25,3,16,8,5,2,2,2,1,3,6,0,0,0,0,0,0,0,42,1,59,0.423728813559322,0.2711864406779661,8,0.25,7.375,0,0,0,0,0,0,142
2826,1967,Graduation,22574.0,2,1,2013-10-28,28,25,0,8,2,0,2,2,2,0,3,7,0,0,0,0,0,0,0,47,3,37,0.6756756756756757,0.21621621621621623,7,0.2857142857142857,5.285714285714286,0,0,1,0,0,0,244
709,1952,Graduation,51537.0,0,1,2012-12-09,27,787,20,204,0,0,92,3,2,2,11,8,0,0,0,0,0,0,0,62,1,1103,0.71350861287398,0.18495013599274707,18,0.1111111111111111,61.27777777777778,0,0,0,0,0,0,567
7235,1975,2n Cycle,17003.0,1,0,2013-12-09,37,2,5,12,4,8,7,3,2,0,4,5,0,0,0,0,0,0,0,39,1,38,0.05263157894736842,0.3157894736842105,9,0.2222222222222222,4.222222222222222,0,1,1,0,0,0,202
9145,1972,Graduation,72504.0,0,1,2013-04-06,43,604,26,470,123,161,94,2,5,9,6,2,0,0,0,0,0,0,0,42,1,1478,0.40866035182679294,0.31799729364005414,22,0.22727272727272727,67.18181818181819,0,0,0,1,0,0,449
1655,1979,Graduation,34350.0,1,0,2013-10-19,81,16,3,15,2,1,11,1,1,0,3,7,0,0,0,0,0,0,0,35,1,48,0.3333333333333333,0.3125,5,0.2,9.6,0,0,0,0,1,0,253
833,1955,Master,38452.0,1,1,2014-03-30,62,56,0,14,0,0,2,3,3,0,3,7,0,0,0,0,0,0,0,59,2,72,0.7777777777777778,0.19444444444444445,9,0.3333333333333333,8.0,1,0,1,0,0,0,91
3584,1955,PhD,49667.0,0,0,2012-08-20,35,1181,26,120,17,13,39,2,5,10,5,8,1,0,0,0,0,0,1,59,0,1396,0.8459885386819485,0.08595988538681948,22,0.22727272727272727,63.45454545454545,1,0,0,1,0,0,678
3722,1972,Graduation,44503.0,1,1,2014-04-16,83,31,1,8,0,0,8,2,2,0,3,6,0,0,0,0,0,0,0,42,2,48,0.6458333333333334,0.16666666666666666,7,0.2857142857142857,6.857142857142857,0,0,0,1,0,0,74
7270,1981,Graduation,56981.0,0,0,2014-01-25,91,908,48,217,32,12,24,1,2,3,13,6,0,1,0,0,0,0,0,33,0,1241,0.7316680096696213,0.17485898468976632,19,0.10526315789473684,65.3157894736842,0,0,0,0,0,0,155
6721,1951,Graduation,71965.0,0,1,2013-07-29,21,572,19,286,50,38,248,3,6,3,5,3,0,0,0,0,0,0,0,63,1,1213,0.47155812036273703,0.23577906018136852,17,0.35294117647058826,71.3529411764706,0,0,1,0,0,0,335
6271,1952,PhD,50870.0,0,1,2014-06-19,13,53,0,8,0,0,2,1,2,0,3,5,0,0,0,0,0,0,0,62,1,63,0.8412698412698413,0.12698412698412698,6,0.3333333333333333,10.5,1,0,1,0,0,0,10
5885,1973,2n Cycle,35688.0,2,1,2012-08-22,94,73,3,90,12,1,32,7,4,1,4,8,0,0,0,0,0,0,0,41,3,211,0.3459715639810427,0.4265402843601896,16,0.25,13.1875,0,1,1,0,0,0,676
10686,1965,PhD,34230.0,1,1,2012-12-26,72,15,0,4,0,0,2,1,1,0,2,7,0,0,0,0,0,0,0,49,2,21,0.7142857142857143,0.19047619047619047,4,0.25,5.25,1,0,0,0,1,0,550
7613,1974,2n Cycle,49669.0,1,0,2014-05-24,97,166,5,107,11,8,29,2,5,1,6,6,0,0,0,0,0,0,0,40,1,326,0.50920245398773,0.3282208588957055,14,0.35714285714285715,23.285714285714285,0,1,0,0,1,0,36
2173,1952,Graduation,40049.0,0,1,2013-10-16,23,13,6,7,0,3,3,1,1,0,3,6,0,0,0,0,0,0,0,62,1,32,0.40625,0.21875,5,0.2,6.4,0,0,0,0,0,1,256
4927,1971,Graduation,16626.0,2,0,2014-01-15,76,8,3,22,21,1,13,3,3,0,3,9,0,0,0,0,0,0,0,43,2,68,0.11764705882352941,0.3235294117647059,9,0.3333333333333333,7.555555555555555,0,0,0,0,1,0,165
9239,1961,Master,61923.0,0,2,2013-07-26,94,92,4,18,3,3,6,1,2,1,4,3,0,0,0,0,0,0,0,53,2,126,0.7301587301587301,0.14285714285714285,8,0.25,15.75,1,0,1,0,0,0,338
1143,1972,Graduation,22063.0,1,0,2013-08-08,43,7,10,13,3,11,11,2,2,0,3,7,0,0,0,0,0,0,0,42,1,55,0.12727272727272726,0.23636363636363636,7,0.2857142857142857,7.857142857142857,0,0,1,0,0,0,325
6991,1951,Graduation,43185.0,0,1,2013-04-10,88,537,6,42,16,6,30,2,9,3,6,8,0,0,0,0,0,0,0,63,1,637,0.8430141287284144,0.06593406593406594,20,0.45,31.85,0,0,0,0,0,0,445
4399,1969,Graduation,68695.0,0,0,2014-06-25,3,458,81,356,106,50,40,1,4,4,7,2,0,0,0,0,0,0,0,45,0,1091,0.41979835013748856,0.32630614115490375,16,0.25,68.1875,0,0,0,0,1,0,4
176,1980,2n Cycle,67506.0,0,1,2014-01-02,73,90,38,67,33,36,67,1,4,1,6,3,0,0,0,0,0,0,0,34,1,331,0.2719033232628399,0.20241691842900303,12,0.3333333333333333,27.583333333333332,0,1,0,1,0,0,178
1103,1976,Master,81929.0,1,0,2012-09-29,60,1486,55,278,49,0,185,2,4,4,10,6,1,0,1,0,0,0,1,38,1,2053,0.7238188017535314,0.1354115927910375,20,0.2,102.65,1,0,1,0,0,0,638
10242,1966,PhD,47472.0,1,1,2013-09-16,39,56,0,11,0,0,8,2,2,0,4,5,0,0,0,0,0,0,0,48,2,75,0.7466666666666667,0.14666666666666667,8,0.25,9.375,1,0,0,0,1,0,286
7685,1978,Graduation,33039.0,1,0,2013-09-09,4,30,8,12,8,8,12,1,2,0,4,5,0,0,0,0,0,0,0,36,1,78,0.38461538461538464,0.15384615384615385,7,0.2857142857142857,11.142857142857142,0,0,1,0,0,0,293
8369,1987,Graduation,18227.0,1,0,2012-11-08,21,1,2,7,4,3,11,1,0,1,2,8,0,0,0,0,0,0,0,27,1,28,0.03571428571428571,0.25,4,0.0,7.0,0,0,0,0,1,0,598
968,1968,Master,41335.0,1,0,2013-12-26,24,112,19,21,16,14,5,3,4,1,4,7,0,0,0,0,0,0,0,46,1,187,0.5989304812834224,0.11229946524064172,12,0.3333333333333333,15.583333333333334,1,0,0,0,0,0,185
5517,1969,Graduation,25293.0,1,0,2013-09-15,51,15,0,11,0,2,9,1,1,1,2,8,0,0,0,0,0,0,0,45,1,37,0.40540540540540543,0.2972972972972973,5,0.2,7.4,0,0,1,0,0,0,287
4310,1944,Graduation,80589.0,0,0,2014-01-22,25,507,93,520,242,40,26,1,5,10,5,1,0,0,0,1,0,0,1,70,0,1428,0.3550420168067227,0.3641456582633053,21,0.23809523809523808,68.0,0,0,1,0,0,0,158
591,1957,Graduation,66033.0,0,1,2013-01-20,76,293,35,179,46,59,65,2,8,3,7,7,0,0,0,0,0,0,0,57,1,677,0.4327917282127031,0.26440177252584934,20,0.4,33.85,0,0,0,0,0,1,525
7005,1981,Graduation,58684.0,0,0,2014-06-16,71,479,35,179,28,7,85,1,5,3,12,2,0,1,0,0,0,0,0,33,0,813,0.5891758917589176,0.2201722017220172,21,0.23809523809523808,38.714285714285715,0,0,0,1,0,0,13
7428,1975,Graduation,80144.0,0,0,2013-09-30,47,240,132,445,250,192,108,1,3,7,8,1,0,0,0,0,0,0,0,39,0,1367,0.1755669348939283,0.32553035844915873,19,0.15789473684210525,71.94736842105263,0,0,0,0,1,0,272
7938,1958,PhD,51518.0,0,1,2013-10-03,92,350,8,66,17,4,4,2,3,2,10,3,0,0,0,0,0,0,0,56,1,449,0.779510022271715,0.14699331848552338,17,0.17647058823529413,26.41176470588235,1,0,0,0,1,0,269
9847,1955,2n Cycle,62972.0,0,1,2012-08-03,39,313,15,47,20,0,192,2,7,4,3,6,0,0,0,0,0,0,0,59,1,587,0.5332197614991482,0.08006814310051108,16,0.4375,36.6875,0,1,1,0,0,0,695
10037,1993,Graduation,74293.0,0,0,2014-05-04,66,375,152,335,93,91,81,1,5,4,6,2,0,0,0,0,0,0,0,21,0,1127,0.33274179236912155,0.2972493345164153,16,0.3125,70.4375,0,0,0,1,0,0,56
3712,1959,Graduation,52332.0,0,0,2013-08-28,63,212,5,33,7,0,2,1,3,2,6,4,0,1,0,0,0,0,0,55,0,259,0.8185328185328186,0.1274131274131274,12,0.25,21.583333333333332,0,0,0,0,0,0,305
5956,1948,PhD,45072.0,1,2,2013-10-16,74,144,2,99,7,2,30,5,6,1,4,8,0,0,0,0,0,0,0,66,3,284,0.5070422535211268,0.3485915492957746,16,0.375,17.75,1,0,0,0,0,0,256
4828,1954,Graduation,79865.0,0,1,2014-06-18,12,71,99,278,185,121,38,1,5,10,5,1,0,0,0,0,0,0,0,60,1,792,0.08964646464646464,0.351010101010101,21,0.23809523809523808,37.714285714285715,0,0,0,0,0,0,11
10102,1966,Graduation,79946.0,0,0,2014-05-12,19,395,183,565,166,141,28,1,5,11,5,3,0,0,0,0,0,0,0,48,0,1478,0.2672530446549391,0.38227334235453314,22,0.22727272727272727,67.18181818181819,0,0,0,0,0,1,48
5150,1979,Basic,20194.0,1,0,2012-12-17,64,0,4,7,11,10,15,2,2,0,3,6,0,0,0,0,0,0,0,35,1,47,0.0,0.14893617021276595,7,0.2857142857142857,6.714285714285714,0,1,0,1,0,0,559
3517,1952,Graduation,40887.0,1,1,2013-05-06,32,50,4,44,10,10,43,3,3,1,3,9,0,0,0,0,0,0,1,62,2,161,0.3105590062111801,0.2732919254658385,10,0.3,16.1,0,0,0,1,0,0,419
10766,1964,PhD,65526.0,0,1,2014-04-11,22,397,19,69,12,0,9,1,4,4,8,2,0,0,0,0,0,0,0,50,1,506,0.7845849802371542,0.13636363636363635,17,0.23529411764705882,29.764705882352942,1,0,1,0,0,0,79
773,1971,Master,42835.0,1,1,2013-06-30,64,379,4,93,12,9,98,7,6,6,4,6,0,0,0,0,0,0,0,43,2,595,0.6369747899159663,0.15630252100840336,23,0.2608695652173913,25.869565217391305,1,0,0,0,0,0,364
9624,1958,PhD,65488.0,0,0,2014-06-13,46,603,45,207,36,18,54,1,3,4,6,1,0,0,0,0,0,0,0,56,0,963,0.6261682242990654,0.21495327102803738,14,0.21428571428571427,68.78571428571429,1,0,0,0,1,0,16
2453,1960,Graduation,62807.0,0,1,2012-08-31,83,526,28,135,10,21,99,3,5,3,12,5,0,0,0,0,0,0,0,54,1,819,0.6422466422466423,0.16483516483516483,23,0.21739130434782608,35.608695652173914,0,0,0,0,1,0,667
5453,1956,Master,90226.0,0,0,2012-09-26,26,1083,108,649,253,151,108,1,4,7,12,2,0,0,0,1,0,0,0,58,0,2352,0.4604591836734694,0.27593537414965985,24,0.16666666666666666,98.0,1,0,1,0,0,0,641
2098,1969,PhD,33581.0,2,0,2013-01-08,38,11,0,5,0,0,1,1,1,0,2,8,0,0,0,0,0,0,0,45,2,17,0.6470588235294118,0.29411764705882354,4,0.25,4.25,1,0,1,0,0,0,537
3599,1970,Graduation,63684.0,0,1,2012-11-26,61,575,80,428,208,93,80,3,8,4,8,5,0,0,0,0,0,0,0,44,1,1464,0.3927595628415301,0.2923497267759563,23,0.34782608695652173,63.65217391304348,0,0,1,0,0,0,580
1553,1946,Graduation,82657.0,0,0,2013-09-27,71,966,168,672,246,105,126,1,7,5,10,4,0,1,0,1,0,0,0,68,0,2283,0.4231274638633377,0.2943495400788436,23,0.30434782608695654,99.26086956521739,0,0,0,0,1,0,275
5015,1976,Master,34529.0,1,0,2012-09-14,94,68,6,38,3,6,41,2,2,2,3,7,0,0,0,0,0,0,0,38,1,162,0.41975308641975306,0.2345679012345679,9,0.2222222222222222,18.0,1,0,1,0,0,0,653
2296,1975,Master,37368.0,1,0,2013-12-16,4,3,2,11,2,2,10,1,1,0,2,6,1,0,0,0,0,0,0,39,1,30,0.1,0.36666666666666664,4,0.25,7.5,1,0,1,0,0,0,195
6885,1977,Graduation,32952.0,1,0,2013-12-01,36,38,0,12,3,1,1,1,2,0,3,7,0,0,0,0,0,0,0,37,1,55,0.6909090909090909,0.21818181818181817,6,0.3333333333333333,9.166666666666666,0,0,0,0,0,0,210
4356,1971,Graduation,71819.0,0,1,2013-08-28,70,1224,28,140,0,14,168,3,3,3,5,6,0,1,1,0,0,0,0,43,1,1574,0.7776365946632783,0.08894536213468869,14,0.21428571428571427,112.42857142857143,0,0,0,0,1,0,305
503,1985,Master,20559.0,1,0,2013-03-12,88,13,1,29,3,0,7,2,2,0,3,8,0,0,0,0,0,0,0,29,1,53,0.24528301886792453,0.5471698113207547,7,0.2857142857142857,7.571428571428571,1,0,1,0,0,0,474
5491,1951,Master,47352.0,0,1,2013-04-11,70,172,12,112,8,0,15,4,6,1,5,7,0,0,0,0,0,0,0,63,1,319,0.5391849529780565,0.3510971786833856,16,0.375,19.9375,1,0,0,0,1,0,444
10525,1986,Graduation,26576.0,1,0,2012-10-13,40,10,0,8,0,0,9,1,1,0,2,9,1,0,0,0,0,0,1,28,1,27,0.37037037037037035,0.2962962962962963,4,0.25,6.75,0,0,0,1,0,0,624
3536,1960,Graduation,19740.0,0,1,2013-03-24,65,7,11,3,10,4,20,2,1,1,3,5,0,0,0,0,0,0,0,54,1,55,0.12727272727272726,0.05454545454545454,7,0.14285714285714285,7.857142857142857,0,0,0,0,1,0,462
10390,1959,2n Cycle,26887.0,0,1,2013-02-10,27,6,7,4,3,4,6,1,1,0,3,6,0,0,0,0,0,0,0,55,1,30,0.2,0.13333333333333333,5,0.2,6.0,0,1,1,0,0,0,504
5577,1983,Graduation,43776.0,1,0,2014-05-03,77,8,0,9,2,1,3,1,1,0,2,6,0,0,0,0,0,0,0,31,1,23,0.34782608695652173,0.391304347826087,4,0.25,5.75,0,0,0,0,1,0,57
9264,1986,Graduation,79529.0,0,0,2014-04-27,1,423,42,706,73,197,197,1,4,8,9,2,0,0,0,0,0,0,0,28,0,1638,0.25824175824175827,0.43101343101343104,22,0.18181818181818182,74.45454545454545,0,0,1,0,0,0,63
6387,1976,PhD,52190.0,1,1,2014-05-08,39,42,0,17,0,0,18,3,2,1,3,5,1,0,0,0,0,0,0,38,2,77,0.5454545454545454,0.22077922077922077,9,0.2222222222222222,8.555555555555555,1,0,0,0,1,0,52
6682,1973,Basic,18978.0,1,0,2012-12-11,41,2,8,1,4,7,15,1,1,0,3,8,0,0,0,0,0,0,0,41,1,37,0.05405405405405406,0.02702702702702703,5,0.2,7.4,0,1,1,0,0,0,565
9516,1971,2n Cycle,49118.0,0,0,2012-08-18,90,620,54,239,99,98,119,2,9,7,10,7,0,1,0,0,1,0,1,43,0,1229,0.5044751830756713,0.19446704637917006,28,0.32142857142857145,43.892857142857146,0,1,0,0,0,0,680
7901,1971,Master,34109.0,0,1,2013-11-06,39,9,1,5,2,1,4,1,0,0,3,4,0,0,0,0,0,0,0,43,1,22,0.4090909090909091,0.22727272727272727,4,0.0,5.5,1,0,1,0,0,0,235
9292,1952,Graduation,81795.0,0,0,2012-10-26,74,324,132,693,27,118,88,1,4,11,7,2,0,0,0,0,0,0,0,62,0,1382,0.23444283646888567,0.5014471780028944,23,0.17391304347826086,60.08695652173913,0,0,1,0,0,0,611
10536,1971,PhD,32892.0,1,0,2014-05-25,78,26,0,15,2,1,2,2,3,0,3,8,0,0,0,0,0,0,0,43,1,46,0.5652173913043478,0.32608695652173914,8,0.375,5.75,1,0,0,0,1,0,35
803,1968,Graduation,40521.0,1,1,2013-04-05,82,12,0,5,0,0,4,1,0,1,2,5,0,0,0,0,0,0,0,46,2,21,0.5714285714285714,0.23809523809523808,4,0.0,5.25,0,0,0,0,1,0,450
8737,1978,Graduation,55563.0,0,1,2014-04-05,22,29,1,9,2,0,2,1,2,0,3,3,0,0,0,0,0,0,0,36,1,43,0.6744186046511628,0.20930232558139536,6,0.3333333333333333,7.166666666666667,0,0,0,0,0,0,85
1764,1975,Graduation,33955.0,1,0,2013-08-09,92,100,2,128,23,7,10,4,5,1,5,8,0,0,0,0,0,0,0,39,1,270,0.37037037037037035,0.4740740740740741,15,0.3333333333333333,18.0,0,0,0,1,0,0,324
4391,1968,Master,63841.0,0,1,2013-04-21,64,635,15,100,20,7,131,1,9,3,9,6,0,0,0,0,0,0,0,46,1,908,0.6993392070484582,0.11013215859030837,22,0.4090909090909091,41.27272727272727,1,0,0,0,0,0,434
10270,1981,2n Cycle,35523.0,1,0,2013-10-03,8,11,5,22,12,5,11,2,3,0,3,7,0,0,0,0,0,0,0,33,1,66,0.16666666666666666,0.3333333333333333,8,0.375,8.25,0,1,1,0,0,0,269
5186,1955,PhD,58482.0,0,1,2014-03-12,59,576,7,115,19,7,7,2,7,4,9,6,0,1,0,0,0,0,0,59,1,731,0.7879616963064295,0.1573187414500684,22,0.3181818181818182,33.22727272727273,1,0,1,0,0,0,109
9336,1969,PhD,62187.0,0,1,2014-03-22,38,512,0,83,0,0,41,3,6,2,10,4,0,0,0,0,0,0,0,45,1,636,0.8050314465408805,0.13050314465408805,21,0.2857142857142857,30.285714285714285,1,0,0,0,0,1,99
7275,1971,Master,33316.0,1,1,2013-10-04,34,79,1,31,4,4,12,3,2,1,4,6,0,0,0,0,0,0,0,43,2,131,0.6030534351145038,0.2366412213740458,10,0.2,13.1,1,0,0,1,0,0,268
9449,1958,PhD,79761.0,0,1,2013-10-04,32,415,5,124,15,35,11,1,5,2,11,3,0,0,0,0,0,0,0,56,1,605,0.6859504132231405,0.2049586776859504,19,0.2631578947368421,31.842105263157894,1,0,0,1,0,0,268
9504,1949,Master,81698.0,0,0,2013-11-06,4,179,28,520,111,123,47,1,3,8,13,1,0,0,0,0,0,0,1,65,0,1008,0.1775793650793651,0.5158730158730159,25,0.12,40.32,1,0,1,0,0,0,235
4943,1953,Graduation,70503.0,0,0,2012-09-30,73,1379,33,216,0,33,66,1,2,4,9,6,0,1,1,0,0,0,0,61,0,1727,0.7984944991314418,0.1250723798494499,16,0.125,107.9375,0,0,1,0,0,0,637
4394,1965,PhD,81051.0,0,0,2014-05-23,43,1142,29,249,38,29,14,1,5,5,12,2,0,1,1,0,0,0,0,49,0,1501,0.7608261159227182,0.1658894070619587,23,0.21739130434782608,65.26086956521739,1,0,1,0,0,0,37
380,1954,Graduation,64497.0,0,1,2012-09-10,17,1170,48,320,42,32,192,5,11,4,9,8,1,0,0,0,0,0,1,60,1,1804,0.6485587583148559,0.17738359201773837,29,0.3793103448275862,62.206896551724135,0,0,0,0,0,0,657
10742,1983,PhD,86580.0,0,0,2013-02-27,72,532,21,127,26,20,20,0,4,2,5,1,0,0,1,0,0,0,0,31,0,746,0.7131367292225201,0.17024128686327078,11,0.36363636363636365,67.81818181818181,1,0,1,0,0,0,487
5830,1972,PhD,86857.0,0,0,2012-09-12,96,899,102,838,133,102,40,1,5,6,10,2,0,0,0,0,0,0,1,42,0,2114,0.4252601702932829,0.39640491958372753,22,0.22727272727272727,96.0909090909091,1,0,0,1,0,0,655
10936,1965,Graduation,72190.0,0,0,2013-02-13,79,597,166,597,172,166,249,1,5,6,4,3,0,0,0,0,0,0,0,49,0,1947,0.3066255778120185,0.3066255778120185,16,0.3125,121.6875,0,0,1,0,0,0,501
2853,1980,Graduation,51766.0,1,0,2014-03-11,74,60,51,87,6,20,51,2,4,2,4,5,0,0,0,0,0,0,0,34,1,275,0.21818181818181817,0.31636363636363635,12,0.3333333333333333,22.916666666666668,0,0,0,1,0,0,110
10176,1968,Graduation,57107.0,0,1,2012-08-24,44,159,0,120,0,0,137,7,4,4,8,8,0,1,0,0,1,0,1,46,1,416,0.38221153846153844,0.28846153846153844,23,0.17391304347826086,18.08695652173913,0,0,0,1,0,0,674
1351,1956,Master,58656.0,0,1,2012-09-20,25,962,12,194,16,24,12,4,7,8,13,6,0,0,1,0,0,0,0,58,1,1220,0.7885245901639344,0.15901639344262294,32,0.21875,38.125,1,0,0,0,1,0,647
8557,1982,Graduation,50943.0,1,0,2013-06-17,57,11,3,22,2,2,6,2,2,0,3,6,0,0,0,0,0,0,0,32,1,46,0.2391304347826087,0.4782608695652174,7,0.2857142857142857,6.571428571428571,0,0,0,1,0,0,377
8923,1973,Graduation,83917.0,0,0,2013-04-18,12,514,22,732,42,198,79,1,6,7,7,3,0,0,0,0,0,0,1,41,0,1587,0.3238815374921235,0.4612476370510397,21,0.2857142857142857,75.57142857142857,0,0,0,1,0,0,437
5138,1950,Graduation,28320.0,0,1,2013-01-14,68,19,1,14,3,2,4,1,1,0,3,8,0,0,0,0,0,0,0,64,1,43,0.4418604651162791,0.32558139534883723,5,0.2,8.6,0,0,0,0,1,0,531
7128,1977,PhD,42997.0,1,1,2013-12-07,91,4,0,5,0,1,5,1,1,0,2,7,0,0,0,0,0,0,0,37,2,15,0.26666666666666666,0.3333333333333333,4,0.25,3.75,1,0,0,1,0,0,204
4992,1975,Master,17459.0,1,0,2013-09-19,12,6,4,16,3,10,30,3,3,1,2,7,0,0,0,0,0,0,1,39,1,69,0.08695652173913043,0.2318840579710145,9,0.3333333333333333,7.666666666666667,1,0,0,0,1,0,283
1458,1982,Master,21059.0,1,0,2014-01-07,40,8,3,19,3,3,8,3,3,0,3,6,0,0,0,0,0,0,0,32,1,44,0.18181818181818182,0.4318181818181818,9,0.3333333333333333,4.888888888888889,1,0,1,0,0,0,173
5125,1960,Graduation,79530.0,0,0,2013-05-17,64,333,0,815,129,42,29,1,4,10,11,2,0,0,0,0,0,0,0,54,0,1348,0.2470326409495549,0.6045994065281899,26,0.15384615384615385,51.84615384615385,0,0,1,0,0,0,408
10241,1975,2n Cycle,11448.0,0,0,2013-12-15,16,0,0,0,6,2,6,1,1,0,2,6,0,0,0,0,0,0,0,39,0,14,0.0,0.0,4,0.25,3.5,0,1,0,0,0,0,196
3386,1992,Graduation,34935.0,0,0,2013-06-21,71,34,4,66,3,10,20,1,2,1,4,7,0,0,0,0,0,0,0,22,0,137,0.24817518248175183,0.48175182481751827,8,0.25,17.125,0,0,1,0,0,0,373
241,1952,Graduation,83844.0,0,0,2013-05-12,57,901,31,345,75,31,191,1,4,4,11,1,0,0,1,0,0,0,0,62,0,1574,0.5724269377382465,0.21918678526048285,20,0.2,78.7,0,0,0,0,1,0,413
10691,1960,Master,28520.0,1,1,2013-06-14,55,11,0,10,0,2,20,1,1,1,2,6,0,0,0,0,0,0,0,54,2,43,0.2558139534883721,0.23255813953488372,5,0.2,8.6,1,0,1,0,0,0,380
6810,1983,Graduation,82025.0,0,0,2013-05-28,76,267,98,606,48,70,98,1,3,2,6,1,0,0,1,0,0,0,1,31,0,1187,0.22493681550126368,0.510530749789385,12,0.25,98.91666666666667,0,0,0,0,0,0,397
9140,1960,2n Cycle,50523.0,1,1,2013-12-25,89,51,4,24,4,7,1,2,2,0,4,6,0,0,0,0,0,0,0,54,2,91,0.5604395604395604,0.26373626373626374,8,0.25,11.375,0,1,0,0,1,0,186
10061,1950,Graduation,59462.0,0,1,2013-01-05,29,724,17,143,0,8,196,2,9,2,12,7,0,0,0,0,0,0,0,64,1,1088,0.6654411764705882,0.13143382352941177,25,0.36,43.52,0,0,1,0,0,0,540
1968,1971,Graduation,45684.0,1,0,2013-12-02,37,5,1,5,10,0,7,1,1,0,2,7,0,0,0,0,0,0,0,43,1,28,0.17857142857142858,0.17857142857142858,4,0.25,7.0,0,0,0,0,0,1,209
7072,1973,Graduation,67432.0,0,1,2013-03-29,69,432,79,341,177,136,170,2,8,5,4,4,0,0,0,0,0,0,0,41,1,1335,0.3235955056179775,0.2554307116104869,19,0.42105263157894735,70.26315789473684,0,0,1,0,0,0,457
2632,1954,Graduation,50501.0,1,1,2013-06-18,10,297,0,38,13,0,152,7,5,4,4,6,1,0,0,0,0,0,1,60,2,500,0.594,0.076,20,0.25,25.0,0,0,1,0,0,0,376
2565,1955,Master,70638.0,0,0,2013-06-01,69,1016,12,215,16,12,63,1,4,5,10,3,0,1,0,0,0,0,0,59,0,1334,0.7616191904047976,0.16116941529235382,20,0.2,66.7,1,0,0,0,0,0,393
7699,1969,Graduation,40590.0,1,1,2013-10-02,30,154,0,50,6,11,37,5,3,4,3,6,1,0,0,0,0,0,0,45,2,258,0.5968992248062015,0.1937984496124031,15,0.2,17.2,0,0,0,0,0,1,270
8143,1985,PhD,37929.0,0,0,2013-07-30,49,202,2,46,3,2,10,2,4,2,5,7,0,1,0,1,0,0,1,29,0,265,0.7622641509433963,0.17358490566037735,13,0.3076923076923077,20.384615384615383,1,0,0,1,0,0,334
4328,1986,2n Cycle,21955.0,1,0,2013-09-07,81,5,1,7,17,14,11,2,2,1,3,6,0,0,0,0,0,0,0,28,1,55,0.09090909090909091,0.12727272727272726,8,0.25,6.875,0,1,1,0,0,0,295
2308,1954,Graduation,46734.0,0,1,2012-11-18,40,110,5,137,26,23,29,2,6,1,5,7,0,0,0,0,0,0,0,60,1,330,0.3333333333333333,0.41515151515151516,14,0.42857142857142855,23.571428571428573,0,0,1,0,0,0,588
5234,1967,2n Cycle,30753.0,1,1,2013-07-11,85,12,5,25,0,9,30,2,1,1,3,5,0,0,0,0,0,0,0,47,2,81,0.14814814814814814,0.30864197530864196,7,0.14285714285714285,11.571428571428571,0,1,0,0,1,0,353
521,1985,Graduation,54006.0,1,0,2012-09-18,42,174,77,203,6,24,97,2,8,1,7,7,0,0,0,0,0,0,0,29,1,581,0.29948364888123924,0.3493975903614458,18,0.4444444444444444,32.27777777777778,0,0,0,0,1,0,649
4301,1971,Master,35178.0,1,0,2013-01-10,10,23,1,13,2,2,18,1,1,1,2,7,1,0,0,0,0,0,1,43,1,59,0.3898305084745763,0.22033898305084745,5,0.2,11.8,1,0,1,0,0,0,535
1509,1958,PhD,84460.0,0,0,2013-01-04,80,152,27,103,106,54,81,0,9,9,4,5,0,1,1,1,1,0,1,56,0,523,0.29063097514340347,0.19694072657743786,22,0.4090909090909091,23.772727272727273,1,0,0,0,1,0,541
2281,1970,Graduation,33697.0,1,0,2013-09-15,34,4,3,7,0,3,11,1,1,0,2,7,1,0,0,0,0,0,0,44,1,28,0.14285714285714285,0.25,4,0.25,7.0,0,0,0,1,0,0,287
2258,1986,Graduation,32880.0,1,0,2012-12-04,76,8,4,15,7,6,2,1,1,0,3,8,0,0,0,0,0,0,0,28,1,42,0.19047619047619047,0.35714285714285715,5,0.2,8.4,0,0,1,0,0,0,572
2625,1954,2n Cycle,42607.0,0,1,2013-11-17,30,156,29,56,30,32,47,2,3,2,7,3,0,0,0,0,0,0,0,60,1,350,0.44571428571428573,0.16,14,0.21428571428571427,25.0,0,1,0,1,0,0,224
3829,1979,Basic,24594.0,1,0,2013-12-10,94,1,3,6,10,0,9,1,1,0,3,5,0,0,0,0,0,0,0,35,1,29,0.034482758620689655,0.20689655172413793,5,0.2,5.8,0,1,0,0,1,0,201
8977,1985,Basic,16581.0,0,0,2013-01-12,51,1,3,4,2,3,11,1,0,0,3,4,0,0,0,0,0,0,0,29,0,24,0.041666666666666664,0.16666666666666666,4,0.0,6.0,0,1,0,1,0,0,533
6173,1979,Graduation,77298.0,0,1,2013-11-02,46,425,115,292,23,35,79,1,6,6,11,3,0,0,0,0,0,0,0,35,1,969,0.43859649122807015,0.3013415892672859,24,0.25,40.375,0,0,0,0,1,0,239
11025,1961,Graduation,36443.0,1,1,2013-02-03,9,65,0,46,4,3,20,4,3,1,3,8,0,0,0,0,0,0,0,53,2,138,0.47101449275362317,0.3333333333333333,11,0.2727272727272727,12.545454545454545,0,0,1,0,0,0,511
2261,1969,Graduation,26304.0,1,0,2013-06-23,5,4,1,5,2,0,4,1,1,0,2,7,0,0,0,0,0,0,0,45,1,16,0.25,0.3125,4,0.25,4.0,0,0,1,0,0,0,371
3112,1977,Master,22701.0,1,0,2013-09-05,2,2,4,9,0,4,5,1,1,0,3,5,0,0,0,0,0,0,0,37,1,24,0.08333333333333333,0.375,5,0.2,4.8,1,0,1,0,0,0,297
5740,1970,2n Cycle,25959.0,1,1,2013-02-14,1,4,2,12,7,5,26,2,1,2,2,6,0,0,0,0,0,0,1,44,2,56,0.07142857142857142,0.21428571428571427,7,0.14285714285714285,8.0,0,1,0,0,0,0,500
4552,1991,Graduation,51373.0,0,0,2013-06-22,37,83,2,101,64,26,117,1,3,5,3,4,0,0,0,0,0,0,0,23,0,393,0.21119592875318066,0.25699745547073793,12,0.25,32.75,0,0,1,0,0,0,372
8362,1982,PhD,84169.0,0,0,2013-08-07,9,1478,19,403,0,19,0,1,7,6,6,3,0,1,1,0,0,0,1,32,0,1919,0.7701928087545596,0.21000521104742054,20,0.35,95.95,1,0,1,0,0,0,326
3310,1973,2n Cycle,35688.0,2,1,2012-08-22,94,73,3,90,12,1,32,7,4,1,4,8,0,0,0,0,0,0,0,41,3,211,0.3459715639810427,0.4265402843601896,16,0.25,13.1875,0,1,1,0,0,0,676
10524,1963,Master,49476.0,0,1,2013-06-20,29,386,23,95,54,41,196,4,2,11,5,2,0,0,0,0,0,0,0,51,1,795,0.48553459119496856,0.11949685534591195,22,0.09090909090909091,36.13636363636363,1,0,0,0,0,0,374
2345,1982,PhD,70038.0,0,0,2013-10-25,54,587,54,348,71,54,130,1,4,4,8,2,0,0,0,0,0,0,0,32,0,1244,0.47186495176848875,0.2797427652733119,17,0.23529411764705882,73.17647058823529,1,0,0,0,1,0,247
535,1987,Graduation,81361.0,0,0,2014-02-25,18,163,23,424,27,65,76,1,3,10,13,1,0,0,0,0,0,0,0,27,0,778,0.2095115681233933,0.5449871465295629,27,0.1111111111111111,28.814814814814813,0,0,0,0,0,0,124
3830,1953,Master,59354.0,0,2,2014-04-24,59,295,21,78,39,13,13,1,4,4,7,3,0,0,0,0,0,0,0,61,2,459,0.6427015250544662,0.16993464052287582,16,0.25,28.6875,1,0,1,0,0,0,66
6961,1974,Graduation,26751.0,2,0,2014-05-22,26,1,1,5,0,3,1,1,1,0,2,8,0,0,0,0,0,0,0,40,2,11,0.09090909090909091,0.45454545454545453,4,0.25,2.75,0,0,1,0,0,0,38
4964,1958,PhD,74250.0,0,0,2014-01-26,90,680,11,392,75,0,0,1,2,11,4,1,0,0,0,0,0,0,0,56,0,1158,0.5872193436960277,0.3385146804835924,18,0.1111111111111111,64.33333333333333,1,0,0,0,1,0,154
663,1989,PhD,33996.0,0,0,2013-09-11,46,40,2,15,8,0,6,1,1,1,3,4,0,0,0,0,0,0,0,25,0,71,0.5633802816901409,0.2112676056338028,6,0.16666666666666666,11.833333333333334,1,0,0,1,0,0,291
965,1971,Graduation,55635.0,0,1,2012-11-13,34,235,65,164,50,49,27,4,7,3,7,6,0,0,0,0,0,0,0,43,1,590,0.3983050847457627,0.27796610169491526,21,0.3333333333333333,28.095238095238095,0,0,0,0,0,0,593
3389,1970,Graduation,69016.0,0,1,2012-11-22,61,726,53,363,123,107,161,4,8,9,13,5,0,0,0,0,0,0,0,44,1,1533,0.4735812133072407,0.23679060665362034,34,0.23529411764705882,45.088235294117645,0,0,1,0,0,0,584
1328,1982,2n Cycle,57937.0,0,1,2014-02-16,56,261,42,144,55,48,133,3,4,4,9,3,0,0,0,0,0,0,0,32,1,683,0.3821376281112738,0.2108345534407028,20,0.2,34.15,0,1,1,0,0,0,133
3979,1983,PhD,90687.0,0,0,2013-05-22,98,982,17,672,23,34,51,1,6,2,8,2,0,0,1,0,0,0,1,31,0,1779,0.5519955030916245,0.3777403035413153,17,0.35294117647058826,104.6470588235294,1,0,0,0,0,0,403
10141,1960,Master,39228.0,0,0,2013-05-10,1,7,1,6,0,3,3,1,0,0,3,4,0,0,0,0,0,0,0,54,0,20,0.35,0.3,4,0.0,5.0,1,0,0,0,0,0,415
9760,1963,PhD,52278.0,0,1,2013-01-25,24,953,0,71,0,0,174,6,10,5,10,8,0,0,0,0,0,0,1,51,1,1198,0.7954924874791319,0.05926544240400668,31,0.3225806451612903,38.645161290322584,1,0,0,0,0,1,520
1581,1980,Graduation,37406.0,1,0,2013-10-10,18,2,0,8,2,2,3,1,1,0,2,8,0,0,0,0,0,0,1,34,1,17,0.11764705882352941,0.47058823529411764,4,0.25,4.25,0,0,1,0,0,0,262
3559,1988,2n Cycle,16248.0,1,0,2014-05-10,77,12,11,10,3,12,9,3,2,1,3,6,0,0,0,0,0,0,0,26,1,57,0.21052631578947367,0.17543859649122806,9,0.2222222222222222,6.333333333333333,0,1,1,0,0,0,50
8475,1973,PhD,157243.0,0,1,2014-03-01,98,20,2,1582,1,2,1,15,0,22,0,0,0,0,0,0,0,0,0,41,1,1608,0.012437810945273632,0.9838308457711443,37,0.0,43.45945945945946,1,0,1,0,0,0,120
1626,1973,PhD,35860.0,1,1,2014-05-19,37,15,0,8,4,2,20,2,1,1,2,5,1,0,0,0,0,0,1,41,2,49,0.30612244897959184,0.16326530612244897,6,0.16666666666666666,8.166666666666666,1,0,0,0,0,0,41
6233,1976,Graduation,65991.0,0,1,2012-09-07,21,507,19,364,25,47,9,3,9,5,10,7,0,0,0,0,0,0,0,38,1,971,0.5221421215242018,0.3748712667353244,27,0.3333333333333333,35.96296296296296,0,0,1,0,0,0,660
2797,1977,Graduation,72117.0,0,1,2013-08-20,34,707,20,171,65,60,50,1,9,7,9,5,0,0,0,0,0,0,0,37,1,1073,0.6589002795899348,0.15936626281453867,26,0.34615384615384615,41.26923076923077,0,0,1,0,0,0,313
9426,1964,Master,58308.0,0,1,2013-01-12,77,691,0,69,10,0,130,4,2,6,3,8,0,0,0,0,0,0,0,50,1,900,0.7677777777777778,0.07666666666666666,15,0.13333333333333333,60.0,1,0,0,1,0,0,533
146,1960,PhD,76045.0,0,0,2013-11-15,78,760,53,400,17,93,0,1,4,5,11,2,0,0,0,1,0,0,0,54,0,1323,0.5744520030234316,0.30234315948601664,21,0.19047619047619047,63.0,1,0,0,1,0,0,226
2549,1983,PhD,21840.0,1,0,2013-07-21,80,17,0,9,0,0,1,1,1,0,3,9,0,0,0,0,0,0,0,31,1,27,0.6296296296296297,0.3333333333333333,5,0.2,5.4,1,0,0,0,1,0,343
4697,1949,Master,35416.0,0,0,2013-06-13,62,248,3,81,4,3,51,3,7,1,5,8,0,0,0,0,0,0,0,65,0,390,0.6358974358974359,0.2076923076923077,16,0.4375,24.375,1,0,0,0,0,0,381
590,1970,Master,78579.0,0,0,2012-12-22,35,816,66,549,216,66,99,1,5,6,4,3,0,0,0,0,0,0,1,44,0,1812,0.4503311258278146,0.3029801324503311,16,0.3125,113.25,1,0,0,0,0,0,554
4452,1957,Graduation,50388.0,0,1,2014-05-28,3,292,6,37,0,3,34,4,6,1,6,7,0,1,0,1,0,0,1,57,1,372,0.7849462365591398,0.09946236559139784,17,0.35294117647058826,21.88235294117647,0,0,0,1,0,0,32
3690,1986,Master,80141.0,0,0,2013-01-11,20,1184,102,673,52,40,40,1,7,4,10,6,0,0,1,0,0,0,1,28,0,2091,0.5662362505978001,0.3218555714968914,22,0.3181818181818182,95.04545454545455,1,0,1,0,0,0,534
4599,1976,Master,49681.0,0,2,2013-11-04,66,411,0,26,0,0,21,6,7,1,7,7,0,0,0,0,0,0,0,38,2,458,0.8973799126637555,0.056768558951965066,21,0.3333333333333333,21.80952380952381,1,0,1,0,0,0,237
9589,1948,PhD,82032.0,0,0,2014-04-05,54,332,194,377,149,125,57,0,4,6,7,1,0,0,0,0,0,0,0,66,0,1234,0.26904376012965964,0.3055105348460292,17,0.23529411764705882,72.58823529411765,1,0,0,0,0,1,85
9576,1982,PhD,32313.0,1,0,2013-02-11,60,86,4,56,2,4,7,3,4,0,4,9,0,0,0,0,0,0,0,32,1,159,0.5408805031446541,0.3522012578616352,11,0.36363636363636365,14.454545454545455,1,0,0,0,1,0,503
10660,1957,Master,66726.0,1,1,2014-01-12,61,349,7,35,0,0,47,3,8,2,4,7,0,1,0,0,0,0,0,57,2,438,0.7968036529680366,0.07990867579908675,17,0.47058823529411764,25.764705882352942,1,0,1,0,0,0,168
375,1954,Graduation,76773.0,0,0,2013-02-25,79,516,56,449,86,33,16,1,2,2,11,1,0,0,0,0,0,0,0,60,0,1156,0.4463667820069204,0.3884083044982699,16,0.125,72.25,0,0,0,0,0,0,489
4333,1954,Graduation,32144.0,1,1,2014-03-23,76,41,0,10,0,0,3,4,2,1,3,7,0,1,0,0,0,0,0,60,2,54,0.7592592592592593,0.18518518518518517,10,0.2,5.4,0,0,0,0,1,0,98
4741,1974,2n Cycle,65463.0,1,0,2014-01-30,17,391,32,70,21,32,16,2,6,2,9,5,0,1,0,0,0,0,0,40,1,562,0.6957295373665481,0.12455516014234876,19,0.3157894736842105,29.57894736842105,0,1,1,0,0,0,150
6263,1968,Graduation,35322.0,1,2,2012-08-22,34,28,9,37,12,7,13,3,2,0,4,8,0,0,0,0,0,0,0,46,3,106,0.2641509433962264,0.3490566037735849,9,0.2222222222222222,11.777777777777779,0,0,0,0,1,0,676
5011,1963,Graduation,68118.0,0,1,2013-10-18,51,595,23,123,10,23,154,2,8,9,4,6,0,0,0,0,0,0,0,51,1,928,0.6411637931034483,0.13254310344827586,23,0.34782608695652173,40.34782608695652,0,0,0,0,0,0,254
3421,1968,Master,63841.0,0,1,2013-04-21,64,635,15,100,20,7,131,1,9,3,9,6,0,0,0,0,0,0,0,46,1,908,0.6993392070484582,0.11013215859030837,22,0.4090909090909091,41.27272727272727,1,0,0,0,0,0,434
7532,1980,Graduation,43586.0,0,1,2012-08-30,26,99,2,11,4,0,16,3,3,0,4,8,0,0,0,0,0,0,0,34,1,132,0.75,0.08333333333333333,10,0.3,13.2,0,0,1,0,0,0,668
7786,1986,PhD,29999.0,1,0,2013-02-13,22,68,7,59,10,5,11,4,3,1,4,8,0,0,0,0,0,0,0,28,1,160,0.425,0.36875,12,0.25,13.333333333333334,1,0,0,1,0,0,501
10364,1959,Graduation,23295.0,0,0,2013-07-13,72,0,0,1,2,12,5,1,1,0,2,8,0,0,0,0,0,0,0,55,0,20,0.0,0.05,4,0.25,5.0,0,0,0,0,0,0,351
202,1948,PhD,82032.0,0,0,2014-04-05,54,332,194,377,149,125,57,0,4,6,7,1,0,0,0,0,0,0,0,66,0,1234,0.26904376012965964,0.3055105348460292,17,0.23529411764705882,72.58823529411765,1,0,0,0,0,1,85
6466,1965,PhD,57236.0,1,1,2014-03-12,22,105,0,9,2,1,4,3,2,1,4,3,0,0,0,0,0,0,0,49,2,121,0.8677685950413223,0.0743801652892562,10,0.2,12.1,1,0,1,0,0,0,109
9904,1956,Graduation,71391.0,0,1,2013-03-29,50,336,123,274,46,123,141,5,6,5,12,3,0,0,0,0,0,0,0,58,1,1043,0.3221476510067114,0.26270373921380635,28,0.21428571428571427,37.25,0,0,1,0,0,0,457
6310,1978,Graduation,33039.0,1,0,2013-09-09,4,30,8,12,8,8,12,1,2,0,4,5,0,0,0,0,0,0,0,36,1,78,0.38461538461538464,0.15384615384615385,7,0.2857142857142857,11.142857142857142,0,0,1,0,0,0,293
273,1970,Master,36138.0,1,1,2013-07-16,48,130,0,16,0,0,5,5,3,1,4,7,0,1,0,0,0,0,0,44,2,151,0.8609271523178808,0.10596026490066225,13,0.23076923076923078,11.615384615384615,1,0,1,0,0,0,348
10652,1957,Master,65487.0,0,0,2014-01-10,48,240,67,500,199,0,163,3,3,5,6,2,0,0,0,0,0,0,0,57,0,1169,0.20530367835757057,0.42771599657827203,17,0.17647058823529413,68.76470588235294,1,0,0,0,1,0,170
3194,1974,PhD,71466.0,0,0,2014-04-05,86,412,12,546,78,182,0,1,4,4,10,1,0,0,0,0,0,0,0,40,0,1230,0.33495934959349594,0.44390243902439025,19,0.21052631578947367,64.73684210526316,1,0,0,1,0,0,85
8387,1957,Graduation,43140.0,0,1,2013-01-05,68,134,8,76,6,0,11,1,4,1,5,6,0,0,0,0,0,0,0,57,1,235,0.5702127659574469,0.32340425531914896,11,0.36363636363636365,21.363636363636363,0,0,1,0,0,0,540
9381,1978,Graduation,66373.0,1,1,2013-06-12,57,328,9,124,12,24,109,7,4,2,10,3,0,0,0,0,0,0,0,36,2,606,0.5412541254125413,0.20462046204620463,23,0.17391304347826086,26.347826086956523,0,0,1,0,0,0,382
2939,1970,Master,79419.0,0,0,2014-06-22,96,751,127,687,20,15,31,1,4,6,4,2,0,0,0,0,0,0,0,44,0,1631,0.46045370938074803,0.4212139791538933,15,0.26666666666666666,108.73333333333333,1,0,0,0,1,0,7
7832,1959,Master,77520.0,0,1,2013-08-28,30,940,44,396,0,88,58,1,8,7,7,4,1,0,1,1,0,0,1,55,1,1526,0.6159895150720839,0.2595019659239843,23,0.34782608695652173,66.34782608695652,1,0,1,0,0,0,305
4603,1960,PhD,65695.0,0,1,2014-01-31,50,371,32,189,0,58,6,2,5,4,10,4,0,0,0,0,0,0,0,54,1,656,0.5655487804878049,0.28810975609756095,21,0.23809523809523808,31.238095238095237,1,0,1,0,0,0,149
999,1991,Graduation,86037.0,0,0,2013-01-02,95,490,44,125,29,20,22,1,6,7,11,3,0,1,1,0,0,0,1,23,0,730,0.6712328767123288,0.17123287671232876,25,0.24,29.2,0,0,0,1,0,0,543
8545,1954,Graduation,85683.0,0,0,2014-03-21,6,1296,17,311,45,69,51,1,2,4,10,1,0,1,1,1,1,0,1,60,0,1789,0.7244270542202348,0.1738401341531582,17,0.11764705882352941,105.23529411764706,0,0,0,0,0,0,100
2005,1990,Graduation,35765.0,1,0,2013-12-11,86,22,3,30,0,5,15,2,2,0,4,6,0,0,0,0,0,0,0,24,1,75,0.29333333333333333,0.4,8,0.25,9.375,0,0,1,0,0,0,200
11086,1984,Basic,25707.0,1,0,2014-01-18,18,1,6,2,3,6,3,1,1,0,3,7,0,0,0,0,0,0,0,30,1,21,0.047619047619047616,0.09523809523809523,5,0.2,4.2,0,1,0,1,0,0,162
1710,1978,Graduation,30168.0,1,0,2013-03-07,51,154,20,66,0,12,27,7,6,1,4,9,0,0,0,0,0,0,0,36,1,279,0.5519713261648745,0.23655913978494625,18,0.3333333333333333,15.5,0,0,0,1,0,0,479
4501,1965,Master,69882.0,0,0,2013-11-10,94,292,127,635,132,127,165,1,3,7,9,1,0,0,0,0,0,0,0,49,0,1478,0.1975642760487145,0.42963464140730717,20,0.15,73.9,1,0,0,1,0,0,231
10814,1947,Graduation,70321.0,0,0,2013-01-16,6,303,23,751,82,26,191,1,6,5,13,4,0,0,0,0,0,0,1,67,0,1376,0.22020348837209303,0.5457848837209303,25,0.24,55.04,0,0,0,0,1,0,529
7101,1963,PhD,52278.0,0,1,2013-01-25,24,953,0,71,0,0,174,6,10,5,10,8,0,0,0,0,0,0,0,51,1,1198,0.7954924874791319,0.05926544240400668,31,0.3225806451612903,38.645161290322584,1,0,0,0,0,1,520
1834,1978,Master,35544.0,1,0,2014-03-08,77,30,5,23,4,1,4,1,2,0,3,7,0,0,0,0,0,0,0,36,1,67,0.44776119402985076,0.34328358208955223,6,0.3333333333333333,11.166666666666666,1,0,0,1,0,0,113
8148,1956,Master,50898.0,1,1,2013-01-08,88,285,28,242,55,114,135,13,6,2,12,5,0,0,0,0,0,0,0,58,2,859,0.3317811408614668,0.2817229336437718,33,0.18181818181818182,26.03030303030303,1,0,0,0,1,0,537
4324,1989,Graduation,42387.0,1,0,2012-10-29,42,235,0,235,19,4,191,5,8,1,7,8,0,0,0,0,0,0,0,25,1,684,0.3435672514619883,0.3435672514619883,21,0.38095238095238093,32.57142857142857,0,0,1,0,0,0,608
10832,1958,Graduation,46610.0,0,0,2013-07-18,4,288,10,30,4,10,125,1,6,1,6,6,0,0,0,0,0,0,0,56,0,467,0.6167023554603854,0.06423982869379015,14,0.42857142857142855,33.357142857142854,0,0,0,0,1,0,346
9204,1970,Graduation,66731.0,0,1,2012-09-12,33,371,159,194,58,106,141,4,4,3,6,3,0,0,0,0,0,0,0,44,1,1029,0.36054421768707484,0.18853255587949466,17,0.23529411764705882,60.529411764705884,0,0,0,0,0,1,655
3033,1963,Master,38620.0,0,0,2013-05-11,56,112,17,44,34,22,89,1,2,5,3,3,0,0,0,0,0,0,0,51,0,318,0.3522012578616352,0.13836477987421383,11,0.18181818181818182,28.90909090909091,1,0,0,0,1,0,414
7212,1966,Graduation,44794.0,0,1,2014-06-08,99,54,0,7,0,0,4,1,2,0,3,6,0,0,0,0,0,0,0,48,1,65,0.8307692307692308,0.1076923076923077,6,0.3333333333333333,10.833333333333334,0,0,1,0,0,0,21
8146,1976,Master,46106.0,1,1,2014-05-11,84,30,0,8,2,0,14,1,1,1,2,6,0,0,0,0,0,0,0,38,2,54,0.5555555555555556,0.14814814814814814,5,0.2,10.8,1,0,0,0,1,0,49
6866,1969,Master,35924.0,1,1,2014-03-23,56,8,0,14,2,3,7,1,1,0,3,5,0,0,0,0,0,0,0,45,2,34,0.23529411764705882,0.4117647058823529,5,0.2,6.8,1,0,0,0,1,0,98
1584,1977,Graduation,41443.0,1,0,2014-04-01,79,171,7,171,25,19,89,6,8,1,5,8,0,0,0,0,0,0,0,37,1,482,0.35477178423236516,0.35477178423236516,20,0.4,24.1,0,0,1,0,0,0,89
6376,1979,Graduation,57537.0,1,0,2013-06-10,83,191,56,139,51,8,100,4,4,3,8,4,0,0,0,0,0,0,0,35,1,545,0.3504587155963303,0.25504587155963304,19,0.21052631578947367,28.68421052631579,0,0,0,1,0,0,384
10350,1950,PhD,54432.0,2,1,2013-05-09,37,33,0,5,0,0,0,1,1,0,3,4,0,0,0,0,0,0,0,64,3,38,0.868421052631579,0.13157894736842105,5,0.2,7.6,1,0,1,0,0,0,416
10681,1970,2n Cycle,62466.0,0,1,2014-01-15,13,129,129,259,168,121,83,5,6,3,12,4,0,0,0,0,0,0,0,44,1,889,0.14510686164229472,0.29133858267716534,26,0.23076923076923078,34.19230769230769,0,1,1,0,0,0,165
1927,1973,2n Cycle,69401.0,0,1,2014-03-23,41,399,27,159,58,8,39,4,4,4,5,2,0,0,0,0,0,0,0,41,1,690,0.5782608695652174,0.23043478260869565,17,0.23529411764705882,40.588235294117645,0,1,0,0,1,0,98
8234,1973,Basic,27190.0,1,0,2013-08-15,13,1,6,7,0,1,3,1,1,0,2,8,1,0,0,0,0,0,1,41,1,18,0.05555555555555555,0.3888888888888889,4,0.25,4.5,0,1,0,0,1,0,318
3120,1981,Graduation,38547.0,1,0,2013-08-28,49,6,1,10,0,1,4,1,1,0,2,8,0,0,0,0,0,1,0,33,1,22,0.2727272727272727,0.45454545454545453,4,0.25,5.5,0,0,0,0,1,0,305
2157,1972,Graduation,26290.0,1,1,2013-01-12,49,15,8,16,11,5,22,4,2,0,4,6,0,0,0,0,0,0,0,42,2,77,0.19480519480519481,0.2077922077922078,10,0.2,7.7,0,0,0,0,1,0,533
8799,1984,PhD,38175.0,1,0,2013-09-23,6,70,6,69,2,3,3,3,3,1,4,7,0,0,0,0,0,0,0,30,1,153,0.45751633986928103,0.45098039215686275,11,0.2727272727272727,13.909090909090908,1,0,1,0,0,0,279
3933,1980,Graduation,44010.0,1,0,2012-10-13,46,186,36,234,86,72,48,6,10,2,6,9,0,0,0,0,0,0,0,34,1,662,0.2809667673716012,0.35347432024169184,24,0.4166666666666667,27.583333333333332,0,0,0,0,1,0,624
10240,1949,Graduation,69372.0,0,0,2013-02-19,10,997,26,269,34,13,42,1,10,4,6,4,0,1,1,0,0,0,1,65,0,1381,0.721940622737147,0.1947863866763215,21,0.47619047619047616,65.76190476190476,0,0,0,0,1,0,495
2945,1955,PhD,46015.0,1,1,2014-04-13,25,38,0,2,0,0,6,1,1,0,3,7,1,0,0,0,1,0,0,59,2,46,0.8260869565217391,0.043478260869565216,5,0.2,9.2,1,0,0,0,1,0,77
11114,1970,Graduation,19656.0,1,0,2013-02-08,94,25,4,9,6,8,32,3,2,1,3,7,0,0,0,0,0,0,0,44,1,84,0.2976190476190476,0.10714285714285714,9,0.2222222222222222,9.333333333333334,0,0,0,0,1,0,506
10702,1984,Graduation,52413.0,1,0,2012-11-03,67,185,8,133,56,56,12,2,7,1,7,7,0,0,0,0,0,0,0,30,1,450,0.4111111111111111,0.29555555555555557,17,0.4117647058823529,26.470588235294116,0,0,0,1,0,0,603
8439,1964,Graduation,63404.0,0,2,2014-06-06,97,734,26,70,11,44,17,2,6,3,4,4,0,0,0,1,0,0,0,50,2,902,0.8137472283813747,0.07760532150776053,15,0.4,60.13333333333333,0,0,0,0,1,0,23
10340,1984,Graduation,35196.0,1,0,2012-11-13,68,75,12,141,43,39,187,6,6,1,5,8,0,0,0,0,0,0,0,30,1,497,0.15090543259557343,0.2837022132796781,18,0.3333333333333333,27.61111111111111,0,0,0,0,1,0,593
5074,1986,Master,28072.0,1,0,2013-07-08,10,30,0,10,2,0,5,1,1,0,3,7,0,0,0,0,0,0,0,28,1,47,0.6382978723404256,0.2127659574468085,5,0.2,9.4,1,0,1,0,0,0,356
3104,1961,Graduation,82332.0,0,0,2012-09-17,89,830,59,968,51,79,19,1,5,3,12,2,0,0,1,0,0,0,1,53,0,2006,0.4137587238285145,0.48255234297108673,21,0.23809523809523808,95.52380952380952,0,0,0,1,0,0,650
5043,1951,Basic,26997.0,0,0,2012-11-05,89,7,23,78,133,49,144,2,4,2,5,7,0,0,0,0,0,0,0,63,0,434,0.016129032258064516,0.17972350230414746,13,0.3076923076923077,33.38461538461539,0,1,1,0,0,0,601
1241,1984,2n Cycle,14796.0,1,0,2012-09-17,1,13,3,8,7,4,16,2,1,0,3,9,0,0,0,0,0,0,1,30,1,51,0.2549019607843137,0.1568627450980392,6,0.16666666666666666,8.5,0,1,1,0,0,0,650
2678,1990,Graduation,34412.0,1,0,2013-02-13,62,52,12,50,4,36,55,3,5,0,3,9,0,0,0,0,0,0,0,24,1,209,0.24880382775119617,0.23923444976076555,11,0.45454545454545453,19.0,0,0,0,1,0,0,501
4967,1960,PhD,38201.0,0,1,2013-03-29,19,233,0,23,0,0,12,4,5,1,5,8,0,0,0,0,0,0,0,54,1,268,0.8694029850746269,0.08582089552238806,15,0.3333333333333333,17.866666666666667,1,0,0,0,1,0,457
4867,1968,PhD,38236.0,1,1,2013-09-20,2,58,0,18,2,0,10,4,3,0,4,7,0,0,0,0,0,0,0,46,2,88,0.6590909090909091,0.20454545454545456,11,0.2727272727272727,8.0,1,0,0,1,0,0,282
4128,1962,PhD,56067.0,0,1,2013-07-20,51,517,12,54,16,6,120,2,7,4,7,5,0,0,0,0,0,0,0,52,1,725,0.713103448275862,0.07448275862068965,20,0.35,36.25,1,0,0,0,1,0,344
8524,1974,PhD,25509.0,1,0,2012-09-18,15,40,3,30,10,7,11,3,3,0,3,9,0,0,0,0,0,0,1,40,1,101,0.39603960396039606,0.297029702970297,9,0.3333333333333333,11.222222222222221,1,0,0,0,0,0,649
11030,1976,Master,33181.0,1,0,2014-01-03,90,9,0,3,0,0,4,1,1,0,2,6,1,0,0,0,0,0,0,38,1,16,0.5625,0.1875,4,0.25,4.0,1,0,1,0,0,0,177
6497,1960,Graduation,51651.0,0,1,2012-11-07,32,293,6,23,13,6,92,4,6,2,5,8,0,0,0,0,0,0,0,54,1,433,0.6766743648960739,0.053117782909930716,17,0.35294117647058826,25.470588235294116,0,0,1,0,0,0,599
4838,1978,Graduation,22775.0,1,0,2013-06-19,40,5,1,8,0,0,1,1,1,0,2,8,0,0,0,0,0,0,0,36,1,15,0.3333333333333333,0.5333333333333333,4,0.25,3.75,0,0,0,0,1,0,375
2066,1949,Graduation,38823.0,0,1,2012-08-30,56,70,0,11,2,8,23,1,2,1,3,6,0,0,0,0,0,0,0,65,1,114,0.6140350877192983,0.09649122807017543,7,0.2857142857142857,16.285714285714285,0,0,0,0,1,0,668
4298,1973,PhD,20427.0,1,0,2014-03-24,63,5,0,4,0,0,1,1,1,0,2,8,0,0,0,0,0,0,0,41,1,10,0.5,0.4,4,0.25,2.5,1,0,0,0,1,0,97
2516,1969,2n Cycle,46831.0,1,1,2013-06-08,84,22,2,10,6,4,34,2,1,2,2,4,0,0,0,0,0,0,0,45,2,78,0.28205128205128205,0.1282051282051282,7,0.14285714285714285,11.142857142857142,0,1,1,0,0,0,386
7411,1964,PhD,31686.0,1,1,2014-06-05,31,11,0,5,0,0,1,2,1,0,3,6,0,0,0,0,0,0,0,50,2,17,0.6470588235294118,0.29411764705882354,6,0.16666666666666666,2.8333333333333335,1,0,1,0,0,0,24
2918,1981,Graduation,28510.0,1,1,2013-04-13,72,44,5,19,0,4,19,3,2,0,4,5,0,0,0,0,0,0,0,33,2,91,0.4835164835164835,0.2087912087912088,9,0.2222222222222222,10.11111111111111,0,0,0,0,0,0,442
760,1975,PhD,60554.0,1,0,2013-08-09,8,588,7,76,110,15,15,2,8,4,9,6,0,0,0,0,0,0,0,39,1,811,0.7250308261405672,0.093711467324291,23,0.34782608695652173,35.26086956521739,1,0,0,0,0,0,324
3130,1964,Graduation,18701.0,1,1,2013-06-04,95,12,4,2,10,6,10,4,2,0,4,5,0,0,0,0,0,0,0,50,2,44,0.2727272727272727,0.045454545454545456,10,0.2,4.4,0,0,0,1,0,0,390
3050,1966,Graduation,54198.0,1,1,2013-12-17,13,185,0,28,3,2,17,6,3,1,6,4,0,0,0,0,0,0,0,48,2,235,0.7872340425531915,0.11914893617021277,16,0.1875,14.6875,0,0,1,0,0,0,194
5721,1956,PhD,84117.0,0,0,2014-05-11,60,611,76,749,59,45,26,1,7,10,6,2,0,0,1,0,0,0,0,58,0,1566,0.3901660280970626,0.4782886334610473,24,0.2916666666666667,65.25,1,0,1,0,0,0,49
1734,1968,PhD,40706.0,2,1,2013-01-17,37,59,0,11,4,2,5,4,3,0,4,7,0,0,0,0,0,0,0,46,3,81,0.7283950617283951,0.13580246913580246,11,0.2727272727272727,7.363636363636363,1,0,0,0,1,0,528
1777,1980,Basic,25965.0,0,0,2012-09-07,29,2,2,11,41,7,11,1,2,0,3,8,0,0,0,0,0,0,0,34,0,74,0.02702702702702703,0.14864864864864866,6,0.3333333333333333,12.333333333333334,0,1,1,0,0,0,660
1440,1978,2n Cycle,52513.0,0,0,2012-09-04,84,367,17,241,104,188,232,2,9,5,9,7,0,0,0,0,0,0,0,36,0,1149,0.31940818102698,0.20974760661444736,25,0.36,45.96,0,1,0,0,1,0,663
1245,1966,Graduation,63810.0,0,1,2012-11-11,45,977,12,253,16,12,101,4,4,3,12,8,0,1,0,0,0,0,0,48,1,1371,0.712618526622903,0.18453683442742524,23,0.17391304347826086,59.608695652173914,0,0,0,1,0,0,595
3525,1970,Graduation,38200.0,1,1,2012-12-07,19,12,0,4,0,0,1,1,1,0,2,7,0,0,0,0,0,0,0,44,2,17,0.7058823529411765,0.23529411764705882,4,0.25,4.25,0,0,0,0,1,0,569
955,1962,Master,47175.0,1,1,2012-10-28,81,167,2,44,6,2,19,7,4,2,4,8,1,0,0,0,0,0,1,52,2,240,0.6958333333333333,0.18333333333333332,17,0.23529411764705882,14.117647058823529,1,0,0,0,1,0,609
6768,1962,Graduation,37859.0,1,2,2013-01-12,75,22,1,8,2,1,2,2,1,0,3,8,0,0,0,0,0,0,0,52,3,36,0.6111111111111112,0.2222222222222222,6,0.16666666666666666,6.0,0,0,0,0,0,0,533
6872,1974,PhD,65352.0,0,1,2013-08-21,43,284,3,84,4,7,23,2,4,2,8,4,0,0,0,0,0,0,0,40,1,405,0.7012345679012346,0.2074074074074074,16,0.25,25.3125,1,0,1,0,0,0,312
10067,1976,2n Cycle,25176.0,1,1,2013-08-10,79,4,0,4,0,0,5,1,1,0,2,7,0,0,0,0,0,0,0,38,2,13,0.3076923076923077,0.3076923076923077,4,0.25,3.25,0,1,0,0,1,0,323
2986,1976,Graduation,30772.0,1,1,2014-03-12,89,7,2,4,2,1,4,1,1,0,2,6,0,0,0,0,0,0,0,38,2,20,0.35,0.2,4,0.25,5.0,0,0,1,0,0,0,109
10839,1976,Graduation,36283.0,1,1,2014-04-14,42,6,5,5,8,0,5,2,1,0,3,4,0,0,0,0,0,0,0,38,2,29,0.20689655172413793,0.1724137931034483,6,0.16666666666666666,4.833333333333333,0,0,0,0,1,0,76
7290,1985,Graduation,70596.0,0,0,2012-10-05,68,347,44,534,17,0,26,1,3,5,12,2,0,0,0,0,0,0,0,29,0,968,0.3584710743801653,0.5516528925619835,21,0.14285714285714285,46.095238095238095,0,0,0,1,0,0,632
8588,1961,Graduation,60544.0,1,1,2012-08-25,92,201,2,43,3,5,35,4,5,1,5,6,0,0,0,0,0,0,0,53,2,289,0.6955017301038062,0.14878892733564014,15,0.3333333333333333,19.266666666666666,0,0,1,0,0,0,673
7010,1965,2n Cycle,70924.0,0,0,2014-04-07,41,635,114,254,132,152,76,1,6,6,7,3,0,0,1,0,0,0,0,49,0,1363,0.4658840792369773,0.1863536316947909,20,0.3,68.15,0,1,1,0,0,0,83
5117,1963,2n Cycle,32632.0,0,0,2012-08-02,32,63,151,137,153,19,53,2,4,4,8,5,0,0,0,0,0,0,0,51,0,576,0.109375,0.2378472222222222,18,0.2222222222222222,32.0,0,1,1,0,0,0,696
3433,1955,2n Cycle,72635.0,0,0,2013-06-03,54,390,22,323,104,35,107,1,6,8,6,3,0,0,0,1,0,0,0,59,0,981,0.39755351681957185,0.3292558613659531,21,0.2857142857142857,46.714285714285715,0,1,1,0,0,0,391
11071,1984,Graduation,79607.0,0,0,2013-04-21,37,450,133,951,173,0,216,1,3,6,6,1,0,0,0,0,0,0,1,30,0,1923,0.23400936037441497,0.49453978159126366,16,0.1875,120.1875,0,0,0,1,0,0,434
1928,1973,Graduation,31814.0,1,0,2013-02-09,73,35,3,20,4,1,20,2,2,0,3,9,1,0,0,0,0,0,0,41,1,83,0.42168674698795183,0.24096385542168675,7,0.2857142857142857,11.857142857142858,0,0,1,0,0,0,505
5236,1979,Graduation,77568.0,0,1,2012-08-25,30,1230,0,396,232,178,158,1,10,2,8,5,0,1,1,1,0,0,0,35,1,2194,0.5606198723792161,0.1804922515952598,21,0.47619047619047616,104.47619047619048,0,0,0,0,1,0,673
6142,1943,Master,65073.0,0,0,2013-08-20,65,629,17,177,69,0,8,1,5,3,5,2,0,0,0,0,0,1,0,71,0,900,0.6988888888888889,0.19666666666666666,14,0.35714285714285715,64.28571428571429,1,0,1,0,0,0,313
6892,1968,Graduation,61671.0,0,1,2014-06-03,23,641,7,56,0,0,28,8,10,4,6,8,0,1,0,1,0,0,0,46,1,732,0.8756830601092896,0.07650273224043716,28,0.35714285714285715,26.142857142857142,0,0,0,0,0,0,26
10142,1976,PhD,66476.0,0,1,2013-03-07,99,372,18,126,47,48,78,2,5,2,11,4,0,0,0,0,0,0,0,38,1,689,0.5399129172714079,0.18287373004354138,20,0.25,34.45,1,0,0,0,0,0,479
8341,1969,PhD,30396.0,1,0,2014-04-30,22,15,0,6,0,1,12,2,1,1,2,7,1,0,0,0,0,0,1,45,1,34,0.4411764705882353,0.17647058823529413,6,0.16666666666666666,5.666666666666667,1,0,1,0,0,0,60
5907,1952,Master,33444.0,1,1,2012-11-03,24,8,0,8,0,0,2,1,1,0,2,8,0,0,0,0,0,0,0,62,2,18,0.4444444444444444,0.4444444444444444,4,0.25,4.5,1,0,1,0,0,0,603
4580,1969,Graduation,75759.0,0,0,2013-10-25,46,1394,22,708,89,91,182,1,9,7,9,5,1,0,1,1,0,0,1,45,0,2486,0.5607401448109413,0.2847948511665326,26,0.34615384615384615,95.61538461538461,0,0,1,0,0,0,247
2631,1982,Graduation,71853.0,0,0,2013-05-08,29,358,108,413,141,97,32,1,2,8,6,1,0,0,0,0,0,0,0,32,0,1149,0.31157528285465624,0.35944299390774587,17,0.11764705882352941,67.58823529411765,0,0,0,0,1,0,417
821,1992,Master,92859.0,0,0,2012-10-19,46,962,61,921,52,61,20,1,5,4,12,2,0,0,0,0,0,0,0,22,0,2077,0.4631680308136736,0.44342802118440056,22,0.22727272727272727,94.4090909090909,1,0,0,1,0,0,618
6343,1959,Graduation,79823.0,0,1,2014-03-31,6,835,73,380,114,73,43,1,6,9,7,2,0,1,0,0,0,0,0,55,1,1518,0.5500658761528326,0.2503293807641634,23,0.2608695652173913,66.0,0,0,1,0,0,0,90
7530,1950,PhD,56551.0,1,1,2014-05-07,48,67,4,32,17,2,16,3,2,1,4,4,0,0,0,0,0,0,0,64,2,138,0.4855072463768116,0.2318840579710145,10,0.2,13.8,1,0,0,0,0,1,53
1092,1980,Graduation,61014.0,0,1,2012-08-11,17,269,129,495,182,43,29,4,9,3,4,7,0,0,0,0,0,0,0,34,1,1147,0.23452484742807322,0.4315605928509154,20,0.45,57.35,0,0,1,0,0,0,687
1518,1965,Master,62694.0,1,1,2013-06-17,29,379,6,157,25,91,91,5,9,3,7,7,0,0,0,0,0,0,0,49,2,749,0.5060080106809078,0.2096128170894526,24,0.375,31.208333333333332,1,0,1,0,0,0,377
4860,1970,Graduation,24206.0,1,0,2013-03-08,66,7,2,8,3,2,3,1,1,0,3,6,0,0,0,0,0,0,0,44,1,25,0.28,0.32,5,0.2,5.0,0,0,0,1,0,0,478
2471,1965,Graduation,61482.0,0,0,2014-06-27,39,48,58,68,16,66,43,1,3,2,6,2,0,0,0,0,0,0,0,49,0,299,0.1605351170568562,0.22742474916387959,12,0.25,24.916666666666668,0,0,1,0,0,0,2
5092,1949,PhD,51569.0,0,1,2013-02-12,39,380,0,47,6,0,34,4,7,1,7,8,0,1,0,0,0,0,1,65,1,467,0.8137044967880086,0.1006423982869379,19,0.3684210526315789,24.57894736842105,1,0,0,0,0,1,502
6969,1982,Graduation,50272.0,1,0,2013-08-07,75,99,13,66,43,8,4,3,4,1,5,7,0,0,0,0,0,0,0,32,1,233,0.4248927038626609,0.2832618025751073,13,0.3076923076923077,17.923076923076923,0,0,0,0,1,0,326
940,1987,Graduation,57100.0,1,0,2014-05-18,9,158,11,99,15,11,17,2,3,2,7,3,0,0,0,0,0,0,0,27,1,311,0.5080385852090032,0.3183279742765273,14,0.21428571428571427,22.214285714285715,0,0,0,1,0,0,42
7631,1978,Master,61346.0,1,0,2013-10-06,34,562,58,168,43,16,142,1,5,7,10,3,0,0,0,0,0,0,0,36,1,989,0.5682507583417593,0.1698685540950455,23,0.21739130434782608,43.0,1,0,0,0,1,0,266
1994,1983,Graduation,50943.0,1,0,2013-11-15,11,5,5,6,0,2,1,1,1,0,2,7,0,0,0,0,0,0,0,31,1,19,0.2631578947368421,0.3157894736842105,4,0.25,4.75,0,0,1,0,0,0,226
5675,1960,PhD,50611.0,0,1,2012-10-04,98,459,0,24,6,0,4,6,4,5,7,6,0,1,0,0,0,0,0,54,1,493,0.9310344827586207,0.0486815415821501,22,0.18181818181818182,22.40909090909091,1,0,0,0,0,0,633
9635,1983,Master,35876.0,0,0,2014-04-20,13,66,2,40,4,3,14,1,3,1,3,6,0,0,0,0,0,0,0,31,0,129,0.5116279069767442,0.31007751937984496,8,0.375,16.125,1,0,1,0,0,0,70
5909,1964,Graduation,58512.0,0,1,2013-09-19,25,895,10,101,13,0,152,5,3,4,8,8,0,0,0,0,0,0,0,50,1,1171,0.7643040136635354,0.08625106746370624,20,0.15,58.55,0,0,1,0,0,0,283
5063,1977,Graduation,28769.0,1,0,2012-12-18,76,41,5,129,10,3,3,3,4,1,4,9,0,0,0,0,0,0,0,37,1,191,0.21465968586387435,0.675392670157068,12,0.3333333333333333,15.916666666666666,0,0,0,1,0,0,558
6181,1950,2n Cycle,52203.0,0,0,2012-07-31,36,488,21,238,56,108,28,1,8,7,11,6,0,0,0,0,0,0,0,64,0,939,0.5197018104366348,0.2534611288604899,27,0.2962962962962963,34.77777777777778,0,1,0,0,1,0,698
11051,1956,PhD,77376.0,1,1,2014-05-10,72,492,19,110,16,12,12,4,6,3,10,4,0,0,0,0,0,0,0,58,2,661,0.7443267776096822,0.1664145234493192,23,0.2608695652173913,28.73913043478261,1,0,0,0,1,0,50
10343,1991,2n Cycle,61618.0,0,0,2012-09-29,27,605,91,399,0,45,205,2,3,6,8,3,0,0,0,0,0,0,0,23,0,1345,0.44981412639405205,0.2966542750929368,19,0.15789473684210525,70.78947368421052,0,1,0,1,0,0,638
7214,1957,Graduation,62187.0,0,0,2013-07-05,49,792,0,275,45,45,126,1,4,8,5,3,0,0,0,0,0,0,0,57,0,1283,0.61730319563523,0.21434138737334374,18,0.2222222222222222,71.27777777777777,0,0,1,0,0,0,359
11039,1975,Graduation,51948.0,0,1,2013-09-17,51,82,33,54,71,30,41,2,5,2,4,5,0,0,0,0,0,0,0,39,1,311,0.26366559485530544,0.17363344051446947,13,0.38461538461538464,23.923076923076923,0,0,1,0,0,0,285
2569,1987,Graduation,17323.0,0,0,2012-10-10,38,3,14,17,6,1,5,1,1,0,3,8,0,0,0,0,0,0,0,27,0,46,0.06521739130434782,0.3695652173913043,5,0.2,9.2,0,0,1,0,0,0,627
2202,1978,Graduation,41154.0,0,1,2013-04-09,98,44,2,11,2,3,7,1,1,0,4,5,0,0,0,0,0,0,0,36,1,69,0.6376811594202898,0.15942028985507245,6,0.16666666666666666,11.5,0,0,0,0,1,0,446
7264,1978,2n Cycle,52195.0,2,1,2014-05-12,2,12,0,4,0,0,1,1,1,0,2,8,0,0,0,0,0,0,0,36,3,17,0.7058823529411765,0.23529411764705882,4,0.25,4.25,0,1,0,1,0,0,48
8175,1992,Graduation,34935.0,0,0,2013-06-21,71,34,4,66,3,10,20,1,2,1,4,7,0,0,0,0,0,0,0,22,0,137,0.24817518248175183,0.48175182481751827,8,0.25,17.125,0,0,1,0,0,0,373
10868,1951,Graduation,70792.0,0,0,2013-02-06,82,344,45,654,104,11,114,2,3,4,10,3,0,0,0,0,0,0,0,63,0,1272,0.27044025157232704,0.5141509433962265,19,0.15789473684210525,66.94736842105263,0,0,0,0,0,1,508
6457,1976,Graduation,64892.0,0,1,2014-05-29,77,527,24,230,32,24,65,2,6,4,12,4,0,0,0,0,0,0,0,38,1,902,0.5842572062084257,0.2549889135254989,24,0.25,37.583333333333336,0,0,0,0,0,0,31
6211,1976,PhD,37395.0,1,0,2014-05-02,47,18,0,9,0,1,11,1,1,0,3,6,0,0,0,0,0,0,0,38,1,39,0.46153846153846156,0.23076923076923078,5,0.2,7.8,1,0,0,0,1,0,58
4259,1986,Master,19485.0,2,0,2013-09-24,80,6,0,4,0,0,0,1,1,0,2,7,0,0,0,0,0,0,0,28,2,10,0.6,0.4,4,0.25,2.5,1,0,0,1,0,0,278
3711,1944,Master,80184.0,0,0,2014-03-01,19,1035,134,670,25,38,0,1,6,3,10,3,0,0,1,1,0,0,0,70,0,1902,0.5441640378548895,0.352260778128286,20,0.3,95.1,1,0,1,0,0,0,120
10277,1961,Graduation,30081.0,0,1,2013-02-21,27,36,0,2,0,0,4,1,1,0,3,7,0,0,0,0,0,0,0,53,1,42,0.8571428571428571,0.047619047619047616,5,0.2,8.4,0,0,0,1,0,0,493
6999,1980,Master,69661.0,0,0,2014-05-13,80,656,16,106,32,16,8,1,7,3,12,3,0,0,0,0,0,0,0,34,0,834,0.7865707434052758,0.12709832134292565,23,0.30434782608695654,36.26086956521739,1,0,1,0,0,0,47
9262,1984,2n Cycle,32414.0,0,0,2013-07-04,11,20,6,5,0,9,12,1,1,0,3,7,1,0,0,0,0,0,0,30,0,52,0.38461538461538464,0.09615384615384616,5,0.2,10.4,0,1,0,0,1,0,360
5048,1971,PhD,42767.0,2,0,2013-05-11,53,20,6,43,19,5,38,1,3,1,2,8,0,0,0,0,0,0,0,43,2,131,0.15267175572519084,0.3282442748091603,7,0.42857142857142855,18.714285714285715,1,0,0,1,0,0,414
4682,1958,Graduation,51876.0,0,0,2013-10-15,88,99,27,102,28,48,6,1,2,2,8,1,0,0,0,0,0,0,0,56,0,310,0.3193548387096774,0.32903225806451614,13,0.15384615384615385,23.846153846153847,0,0,1,0,0,0,257
10323,1952,Graduation,49413.0,0,1,2013-10-25,88,205,7,41,3,2,46,2,4,2,5,5,0,0,0,0,0,0,0,62,1,304,0.6743421052631579,0.13486842105263158,13,0.3076923076923077,23.384615384615383,0,0,1,0,0,0,247
5025,1979,Graduation,48526.0,1,0,2013-12-24,32,23,17,23,43,20,9,1,2,1,4,3,0,0,0,0,0,0,0,35,1,135,0.17037037037037037,0.17037037037037037,8,0.25,16.875,0,0,0,1,0,0,187
9240,1971,PhD,60504.0,0,1,2014-02-07,73,458,0,24,6,4,34,2,6,2,8,6,0,0,0,0,0,0,0,43,1,526,0.870722433460076,0.045627376425855515,18,0.3333333333333333,29.22222222222222,1,0,0,1,0,0,142
3025,1958,Graduation,49967.0,0,1,2013-07-08,4,212,6,69,4,12,3,3,6,1,5,7,0,0,0,0,0,0,0,56,1,306,0.6928104575163399,0.22549019607843138,15,0.4,20.4,0,0,0,1,0,0,356
6528,1982,Master,18492.0,1,0,2014-06-05,75,2,2,2,2,1,1,1,1,0,2,8,0,0,0,0,0,0,0,32,1,10,0.2,0.2,4,0.25,2.5,1,0,0,0,1,0,24
5871,1979,Master,24401.0,0,0,2012-08-31,98,73,28,217,10,24,115,3,6,1,6,8,0,0,0,0,0,0,0,35,0,467,0.15631691648822268,0.46466809421841543,16,0.375,29.1875,1,0,0,0,1,0,667
5300,1973,Master,38961.0,1,0,2013-12-30,60,19,7,19,0,1,24,1,2,1,2,7,0,0,0,0,0,0,0,41,1,70,0.2714285714285714,0.2714285714285714,6,0.3333333333333333,11.666666666666666,1,0,1,0,0,0,181
8235,1956,Master,69245.0,0,1,2014-01-24,8,428,30,214,80,30,61,2,6,5,10,3,0,0,0,0,0,0,0,58,1,843,0.5077105575326216,0.2538552787663108,23,0.2608695652173913,36.65217391304348,1,0,0,0,1,0,156
448,1978,PhD,54880.0,1,0,2013-03-01,57,308,85,137,102,45,118,2,6,2,11,5,0,0,0,0,0,0,0,36,1,795,0.38742138364779877,0.17232704402515722,21,0.2857142857142857,37.857142857142854,1,0,0,1,0,0,485
455,1946,PhD,51012.0,0,0,2013-04-18,86,102,9,63,2,9,24,1,4,1,4,6,0,0,0,0,0,0,0,68,0,209,0.4880382775119617,0.3014354066985646,10,0.4,20.9,1,0,1,0,0,0,437
5314,1951,Graduation,40689.0,0,1,2013-03-18,69,270,3,27,39,6,99,7,7,1,5,8,0,0,0,0,0,0,0,63,1,444,0.6081081081081081,0.060810810810810814,20,0.35,22.2,0,0,0,0,1,0,468
10643,1987,PhD,42000.0,0,0,2013-01-10,23,124,83,267,85,59,35,2,5,2,11,5,0,0,0,0,0,0,1,27,0,653,0.18989280245022971,0.40888208269525267,20,0.25,32.65,1,0,0,1,0,0,535
7628,1973,2n Cycle,43050.0,1,0,2014-03-18,10,30,5,24,6,3,8,2,2,0,4,5,0,0,0,0,0,0,0,41,1,76,0.39473684210526316,0.3157894736842105,8,0.25,9.5,0,1,1,0,0,0,103
3262,1958,Graduation,68281.0,0,0,2012-08-07,31,995,112,417,42,48,41,1,2,9,13,5,0,0,0,0,0,0,1,56,0,1655,0.6012084592145015,0.25196374622356493,25,0.08,66.2,0,0,0,1,0,0,691
3855,1963,Graduation,22419.0,0,0,2013-04-18,74,30,3,47,19,21,42,1,3,2,2,8,0,0,0,0,0,0,0,51,0,162,0.18518518518518517,0.29012345679012347,8,0.375,20.25,0,0,1,0,0,0,437
1818,1971,PhD,29732.0,1,0,2014-03-25,23,25,0,8,0,1,4,1,2,0,2,9,0,0,0,0,0,0,0,43,1,38,0.6578947368421053,0.21052631578947367,5,0.4,7.6,1,0,0,0,1,0,96
6119,1963,PhD,36736.0,1,1,2013-05-10,52,10,0,3,0,0,4,1,1,0,2,6,0,0,0,0,0,0,0,51,2,17,0.5882352941176471,0.17647058823529413,4,0.25,4.25,1,0,0,1,0,0,415
339,1972,PhD,57091.0,0,1,2012-11-23,82,462,0,24,6,0,4,2,9,2,5,7,0,1,0,0,0,0,1,42,1,496,0.9314516129032258,0.04838709677419355,18,0.5,27.555555555555557,1,0,1,0,0,0,583
1987,1987,Basic,21063.0,1,0,2013-09-25,34,1,10,11,19,3,15,2,2,0,3,6,0,0,0,0,0,0,0,27,1,59,0.01694915254237288,0.1864406779661017,7,0.2857142857142857,8.428571428571429,0,1,0,1,0,0,277
6906,1953,Master,84953.0,0,0,2013-06-03,73,167,48,602,63,72,72,1,3,10,4,2,0,1,1,1,0,0,1,61,0,1024,0.1630859375,0.587890625,18,0.16666666666666666,56.888888888888886,1,0,0,0,0,1,391
8690,1962,Graduation,86111.0,0,0,2013-04-19,73,399,28,756,36,40,126,1,5,7,10,2,0,0,0,0,0,0,0,52,0,1385,0.28808664259927796,0.5458483754512635,23,0.21739130434782608,60.21739130434783,0,0,1,0,0,0,436
5316,1976,Master,21024.0,0,0,2013-07-04,89,36,4,18,6,2,18,1,2,0,4,7,0,0,0,0,0,0,0,38,0,84,0.42857142857142855,0.21428571428571427,7,0.2857142857142857,12.0,1,0,0,0,1,0,360
2570,1968,Graduation,56534.0,0,1,2013-07-23,35,691,7,61,10,0,46,4,10,4,7,8,0,1,0,0,1,0,1,46,1,815,0.8478527607361963,0.07484662576687116,25,0.4,32.6,0,0,0,0,1,0,341
6932,1941,PhD,93027.0,0,0,2013-04-13,77,1285,42,716,55,0,21,0,7,10,5,2,0,0,1,0,0,0,0,73,0,2119,0.6064181217555451,0.3378952336007551,22,0.3181818181818182,96.31818181818181,1,0,1,0,0,0,442
236,1951,Graduation,34838.0,1,1,2013-01-19,62,28,23,29,29,14,47,3,2,1,4,6,0,0,0,0,0,0,0,63,2,170,0.16470588235294117,0.17058823529411765,10,0.2,17.0,0,0,1,0,0,0,526
8650,1978,Graduation,54162.0,1,1,2013-03-18,31,5,6,10,6,5,10,1,1,0,3,4,0,0,0,0,0,0,0,36,2,42,0.11904761904761904,0.23809523809523808,5,0.2,8.4,0,0,0,0,0,1,468
9738,1986,Master,42386.0,1,0,2013-01-13,43,65,4,16,0,4,11,1,3,0,3,8,0,0,0,0,0,0,0,28,1,100,0.65,0.16,7,0.42857142857142855,14.285714285714286,1,0,0,0,1,0,532
2552,1955,PhD,55521.0,1,2,2013-10-22,11,416,0,26,0,0,4,9,6,3,6,7,0,1,0,0,0,0,1,59,3,446,0.9327354260089686,0.05829596412556054,24,0.25,18.583333333333332,1,0,0,1,0,0,250
8504,1973,Graduation,79593.0,0,0,2014-05-12,70,350,60,568,110,133,145,1,5,6,7,2,0,0,1,0,0,0,0,41,0,1366,0.2562225475841874,0.4158125915080527,19,0.2631578947368421,71.89473684210526,0,0,1,0,0,0,48
6097,1959,Graduation,50664.0,1,1,2013-01-16,64,313,8,104,6,4,126,9,8,1,6,9,0,0,0,0,0,0,0,55,2,561,0.5579322638146168,0.18538324420677363,24,0.3333333333333333,23.375,0,0,0,1,0,0,529
5959,1968,Graduation,35893.0,1,1,2012-10-15,80,158,0,23,0,0,18,6,3,1,5,8,0,0,0,0,0,0,0,46,2,199,0.7939698492462312,0.11557788944723618,15,0.2,13.266666666666667,0,0,0,1,0,0,622
433,1958,Master,61331.0,1,1,2013-03-10,42,534,5,47,0,5,41,5,11,1,6,8,0,0,0,0,0,0,0,56,2,632,0.8449367088607594,0.07436708860759493,23,0.4782608695652174,27.47826086956522,1,0,0,1,0,0,476
10099,1984,Graduation,55434.0,1,0,2013-10-05,21,238,115,215,169,69,76,3,5,3,13,4,0,0,0,0,0,0,0,30,1,882,0.2698412698412698,0.2437641723356009,24,0.20833333333333334,36.75,0,0,1,0,0,0,267
8584,1952,PhD,85431.0,0,0,2013-06-08,54,376,53,462,168,53,53,1,2,7,7,0,0,0,0,0,0,0,0,62,0,1165,0.32274678111587984,0.3965665236051502,17,0.11764705882352941,68.52941176470588,1,0,0,0,1,0,386
6575,1981,Graduation,56386.0,1,1,2012-10-27,51,230,48,214,13,32,75,8,9,1,7,9,0,0,0,0,0,0,0,33,2,612,0.3758169934640523,0.34967320261437906,25,0.36,24.48,0,0,0,0,1,0,610
7393,1978,Graduation,41580.0,1,1,2012-12-10,15,56,5,24,4,0,3,3,2,1,3,5,0,0,0,0,0,0,0,36,2,92,0.6086956521739131,0.2608695652173913,9,0.2222222222222222,10.222222222222221,0,0,0,0,1,0,566
3276,1976,2n Cycle,36301.0,1,0,2013-10-25,53,11,12,35,3,5,12,1,3,0,3,7,0,0,0,0,0,0,0,38,1,78,0.14102564102564102,0.44871794871794873,7,0.42857142857142855,11.142857142857142,0,1,0,0,1,0,247
437,1976,Master,75012.0,0,0,2014-01-25,41,294,142,218,164,58,151,1,3,8,11,1,0,0,0,0,0,0,0,38,0,1027,0.2862706913339825,0.21226874391431352,23,0.13043478260869565,44.65217391304348,1,0,0,0,0,0,155
8663,1974,Graduation,39996.0,1,1,2014-05-22,85,11,0,3,0,0,1,1,1,0,2,6,0,0,0,0,0,0,0,40,2,15,0.7333333333333333,0.2,4,0.25,3.75,0,0,0,0,0,0,38
5726,1983,Master,31788.0,1,0,2014-03-20,15,16,7,23,0,8,6,3,3,0,4,5,0,0,0,0,0,1,0,31,1,60,0.26666666666666666,0.38333333333333336,10,0.3,6.0,1,0,0,1,0,0,101
2639,1966,Graduation,43602.0,1,1,2014-01-10,45,19,5,12,10,3,19,3,3,1,2,6,0,0,0,0,0,0,0,48,2,68,0.27941176470588236,0.17647058823529413,9,0.3333333333333333,7.555555555555555,0,0,0,1,0,0,170
9972,1955,PhD,46015.0,1,1,2014-04-13,25,38,0,2,0,0,6,1,1,0,3,7,1,0,0,0,1,0,0,59,2,46,0.8260869565217391,0.043478260869565216,5,0.2,9.2,1,0,0,0,1,0,77
5667,1964,PhD,60896.0,0,1,2012-10-11,90,1013,30,399,60,46,153,3,9,10,4,6,0,0,0,0,0,0,1,50,1,1701,0.5955320399764844,0.2345679012345679,26,0.34615384615384615,65.42307692307692,1,0,1,0,0,0,626
6729,1988,Graduation,68655.0,0,0,2012-08-10,95,456,19,832,75,118,38,1,4,5,11,3,0,0,0,0,0,0,0,26,0,1538,0.2964889466840052,0.540962288686606,21,0.19047619047619047,73.23809523809524,0,0,0,1,0,0,688
5802,1972,Basic,14188.0,0,0,2013-02-28,40,2,7,11,16,12,27,1,2,0,4,6,0,0,0,0,0,0,0,42,0,75,0.02666666666666667,0.14666666666666667,7,0.2857142857142857,10.714285714285714,0,1,1,0,0,0,486
1729,1961,PhD,66426.0,0,1,2013-10-02,14,1043,24,97,32,24,157,2,3,5,10,6,0,0,0,0,0,0,0,53,1,1377,0.7574437182280319,0.07044299201161947,20,0.15,68.85,1,0,0,0,1,0,270
10151,1960,Graduation,62204.0,0,2,2012-09-12,38,317,46,247,151,46,139,1,4,5,12,3,0,0,0,0,0,0,0,54,2,946,0.33509513742071884,0.26109936575052856,22,0.18181818181818182,43.0,0,0,0,0,0,0,655
10341,1948,Graduation,51315.0,0,0,2014-02-23,45,68,28,39,16,30,41,1,2,2,5,2,0,0,0,0,0,0,0,66,0,222,0.3063063063063063,0.17567567567567569,10,0.2,22.2,0,0,0,0,1,0,126
1407,1986,Basic,20425.0,1,0,2012-10-29,5,4,12,5,3,16,17,2,2,0,3,7,0,0,0,0,0,0,0,28,1,57,0.07017543859649122,0.08771929824561403,7,0.2857142857142857,8.142857142857142,0,1,1,0,0,0,608
4713,1979,PhD,31605.0,1,0,2012-11-22,15,74,0,42,2,1,6,2,2,1,4,7,0,0,0,0,0,0,0,35,1,125,0.592,0.336,9,0.2222222222222222,13.88888888888889,1,0,1,0,0,0,584
1048,1972,Master,35641.0,1,0,2013-07-14,11,63,3,67,8,9,28,2,3,1,4,7,0,0,0,0,0,0,1,42,1,178,0.3539325842696629,0.37640449438202245,10,0.3,17.8,1,0,1,0,0,0,350
10736,1971,Graduation,72258.0,0,1,2013-09-12,28,522,0,522,227,120,134,2,6,9,5,2,0,0,0,0,0,0,0,43,1,1525,0.3422950819672131,0.3422950819672131,22,0.2727272727272727,69.31818181818181,0,0,0,1,0,0,290
2878,1947,PhD,67472.0,0,1,2013-09-28,93,162,31,127,8,17,69,2,4,2,7,3,0,0,0,0,0,0,0,67,1,414,0.391304347826087,0.30676328502415456,15,0.26666666666666666,27.6,1,0,1,0,0,0,274
2861,1983,Graduation,24072.0,1,0,2013-04-16,79,9,1,6,3,0,4,1,1,0,2,8,0,0,0,0,0,0,0,31,1,23,0.391304347826087,0.2608695652173913,4,0.25,5.75,0,0,0,1,0,0,439
4796,1952,Graduation,49638.0,0,1,2014-04-19,71,18,10,3,3,5,0,1,1,0,3,2,0,0,0,0,0,0,0,62,1,39,0.46153846153846156,0.07692307692307693,5,0.2,7.8,0,0,0,0,0,0,71
2493,1966,Graduation,61286.0,0,1,2013-08-02,34,356,0,107,19,9,117,2,7,1,8,5,0,0,0,0,0,0,0,48,1,608,0.5855263157894737,0.17598684210526316,18,0.3888888888888889,33.77777777777778,0,0,1,0,0,0,331
2125,1959,Graduation,63033.0,0,0,2013-11-15,82,194,61,480,225,112,30,1,3,4,8,2,0,0,0,0,0,0,0,55,0,1102,0.17604355716878403,0.4355716878402904,16,0.1875,68.875,0,0,0,0,0,0,226
8624,1958,Graduation,81320.0,0,0,2013-02-06,61,183,33,493,59,103,57,1,4,3,10,2,0,0,0,0,0,0,0,56,0,928,0.19719827586206898,0.53125,18,0.2222222222222222,51.55555555555556,0,0,1,0,0,0,508
6460,1982,Graduation,28718.0,1,0,2013-07-13,78,12,4,6,11,8,16,2,2,0,3,8,0,0,0,0,0,0,0,32,1,57,0.21052631578947367,0.10526315789473684,7,0.2857142857142857,8.142857142857142,0,0,1,0,0,0,351
4200,1970,Master,44159.0,1,0,2014-06-17,85,167,2,62,24,13,7,4,4,1,6,5,0,0,0,0,0,0,0,44,1,275,0.6072727272727273,0.22545454545454546,15,0.26666666666666666,18.333333333333332,1,0,1,0,0,0,12
5286,1987,Master,41020.0,0,0,2013-10-28,68,112,1,54,7,7,36,1,3,2,4,3,0,0,0,0,0,0,0,27,0,217,0.5161290322580645,0.2488479262672811,10,0.3,21.7,1,0,0,1,0,0,244
3828,1951,Graduation,71107.0,0,1,2013-02-17,61,533,10,217,198,174,195,2,7,6,13,4,0,0,0,0,0,0,0,63,1,1327,0.40165787490580257,0.16352675207234363,28,0.25,47.392857142857146,0,0,1,0,0,0,497
6404,1969,Graduation,58917.0,1,2,2013-03-24,10,151,7,89,0,7,28,5,4,1,6,5,0,0,0,0,0,0,0,45,3,282,0.5354609929078015,0.31560283687943264,16,0.25,17.625,0,0,0,0,1,0,462
10264,1979,Graduation,15287.0,1,0,2012-10-10,60,1,2,8,4,3,13,2,1,1,2,7,1,0,0,0,0,0,1,35,1,31,0.03225806451612903,0.25806451612903225,6,0.16666666666666666,5.166666666666667,0,0,0,0,0,0,627
5935,1956,Master,55284.0,0,1,2012-12-24,60,547,7,140,0,7,63,3,7,5,8,5,0,0,0,0,0,0,0,58,1,764,0.7159685863874345,0.18324607329842932,23,0.30434782608695654,33.21739130434783,1,0,0,1,0,0,552
7660,1973,PhD,35860.0,1,1,2014-05-19,37,15,0,8,4,2,20,2,1,1,2,5,1,0,0,0,0,0,1,41,2,49,0.30612244897959184,0.16326530612244897,6,0.16666666666666666,8.166666666666666,1,0,0,1,0,0,41
520,1974,Graduation,34421.0,1,0,2013-07-01,81,3,3,7,6,2,9,1,1,0,2,7,0,0,0,0,0,0,0,40,1,30,0.1,0.23333333333333334,4,0.25,7.5,0,0,1,0,0,0,363
3286,1967,PhD,26642.0,1,0,2014-03-01,71,13,2,15,2,2,8,2,2,0,3,6,0,0,0,0,0,0,0,47,1,42,0.30952380952380953,0.35714285714285715,7,0.2857142857142857,6.0,1,0,0,0,0,0,120
2961,1982,Graduation,42081.0,1,0,2013-02-26,86,175,10,110,54,6,27,2,6,3,4,6,1,0,0,0,0,0,0,32,1,382,0.4581151832460733,0.2879581151832461,15,0.4,25.466666666666665,0,0,1,0,0,0,488
340,1970,Graduation,72967.0,0,1,2012-12-15,1,158,35,179,0,0,125,2,7,2,8,5,1,0,0,0,0,0,1,44,1,497,0.317907444668008,0.36016096579476864,19,0.3684210526315789,26.157894736842106,0,0,0,0,0,0,561
3179,1980,Graduation,81741.0,0,0,2013-06-16,75,249,153,940,58,134,38,0,6,6,7,2,0,0,0,0,0,0,0,34,0,1572,0.15839694656488548,0.5979643765903307,19,0.3157894736842105,82.73684210526316,0,0,0,1,0,0,378
1461,1965,PhD,36921.0,1,1,2013-07-28,74,17,1,12,3,1,4,2,2,0,3,7,0,0,0,0,0,0,0,49,2,38,0.4473684210526316,0.3157894736842105,7,0.2857142857142857,5.428571428571429,1,0,0,0,0,0,336
3267,1963,Master,57288.0,0,1,2014-06-25,27,527,0,21,0,0,60,3,8,1,8,6,0,1,0,0,0,0,0,51,1,608,0.8667763157894737,0.03453947368421053,20,0.4,30.4,1,0,0,0,1,0,4
8724,1982,Graduation,28567.0,1,0,2013-06-17,57,11,3,22,2,2,6,2,2,0,3,6,0,0,0,0,0,0,0,32,1,46,0.2391304347826087,0.4782608695652174,7,0.2857142857142857,6.571428571428571,0,0,0,1,0,0,377
4653,1978,Graduation,42011.0,1,0,2013-03-26,46,131,0,16,2,1,39,4,3,1,4,8,0,0,0,0,0,0,0,36,1,189,0.6931216931216931,0.08465608465608465,12,0.25,15.75,0,0,0,0,1,0,460
6086,1955,Graduation,80395.0,0,0,2013-11-23,62,445,25,706,80,76,48,1,6,5,12,2,0,0,0,1,0,0,0,59,0,1380,0.322463768115942,0.5115942028985507,24,0.25,57.5,0,0,1,0,0,0,218
10339,1954,Master,50943.0,0,1,2013-06-23,83,161,0,22,0,0,24,2,4,1,4,6,0,0,0,0,0,0,0,60,1,207,0.7777777777777778,0.10628019323671498,11,0.36363636363636365,18.818181818181817,1,0,0,0,1,0,371
9905,1952,Graduation,34074.0,1,1,2013-07-13,69,135,1,41,10,1,67,5,3,3,3,6,1,0,0,0,0,0,0,62,2,255,0.5294117647058824,0.1607843137254902,14,0.21428571428571427,18.214285714285715,0,0,0,0,1,0,351
3896,1984,Graduation,27255.0,1,0,2013-11-07,3,22,1,11,0,1,2,1,1,0,3,7,0,0,0,0,0,0,0,30,1,37,0.5945945945945946,0.2972972972972973,5,0.2,7.4,0,0,1,0,0,0,234
8920,1967,Master,59235.0,1,0,2013-01-12,4,448,40,469,80,0,91,3,11,2,12,7,0,0,0,0,0,0,0,47,1,1128,0.3971631205673759,0.4157801418439716,28,0.39285714285714285,40.285714285714285,1,0,0,1,0,0,533
9212,1962,Master,72828.0,0,1,2013-02-14,17,1205,0,235,19,14,205,6,6,3,13,7,0,0,0,0,0,0,0,52,1,1678,0.7181168057210966,0.1400476758045292,28,0.21428571428571427,59.92857142857143,1,0,1,0,0,0,500
1715,1978,Graduation,25851.0,1,0,2013-02-11,45,9,4,18,7,5,5,2,2,0,3,7,0,0,0,0,0,0,0,36,1,48,0.1875,0.375,7,0.2857142857142857,6.857142857142857,0,0,0,0,1,0,503
10262,1980,Graduation,15072.0,2,0,2013-05-10,96,8,2,15,0,10,18,4,3,1,3,5,0,0,0,0,0,0,0,34,2,53,0.1509433962264151,0.2830188679245283,11,0.2727272727272727,4.818181818181818,0,0,1,0,0,0,415
326,1973,Graduation,51148.0,1,1,2013-02-18,38,235,6,45,8,9,12,4,5,1,6,6,0,0,0,0,0,0,0,41,2,315,0.746031746031746,0.14285714285714285,16,0.3125,19.6875,0,0,1,0,0,0,496
8159,1968,Graduation,51287.0,1,1,2014-04-01,10,117,0,22,13,0,30,3,4,1,3,7,0,0,0,0,0,0,0,46,2,182,0.6428571428571429,0.12087912087912088,11,0.36363636363636365,16.545454545454547,0,0,1,0,0,0,89
2882,1975,2n Cycle,67893.0,0,1,2012-10-01,31,711,28,142,49,18,47,2,3,2,9,8,0,0,0,0,0,0,0,39,1,995,0.714572864321608,0.14271356783919598,16,0.1875,62.1875,0,1,0,0,0,0,636
10584,1976,Graduation,65665.0,0,1,2013-12-02,77,225,162,387,106,36,29,1,5,10,8,3,0,0,0,0,0,0,0,38,1,945,0.23809523809523808,0.4095238095238095,24,0.20833333333333334,39.375,0,0,1,0,0,0,209
9349,1985,Graduation,92533.0,0,0,2013-12-19,84,693,21,118,110,147,42,1,6,5,11,2,0,0,1,1,0,0,0,29,0,1131,0.6127320954907162,0.10433244916003537,23,0.2608695652173913,49.17391304347826,0,0,1,0,0,0,192
2561,1966,Graduation,63810.0,0,1,2012-11-11,45,977,12,253,16,12,101,4,4,3,12,8,0,1,0,0,0,0,0,48,1,1371,0.712618526622903,0.18453683442742524,23,0.17391304347826086,59.608695652173914,0,0,0,1,0,0,595
4679,1977,Master,78710.0,0,1,2014-05-23,42,721,0,152,119,50,50,3,7,6,12,4,0,0,0,0,0,0,0,37,1,1092,0.6602564102564102,0.1391941391941392,28,0.25,39.0,1,0,1,0,0,0,37
6182,1984,Graduation,26646.0,1,0,2014-02-10,26,11,4,20,10,3,5,2,2,0,4,6,0,0,0,0,0,0,0,30,1,53,0.20754716981132076,0.37735849056603776,8,0.25,6.625,0,0,0,0,1,0,139
6613,1970,Master,44511.0,1,0,2012-10-12,39,513,7,133,46,14,14,6,8,4,8,8,0,0,0,0,0,0,0,44,1,727,0.7056396148555708,0.1829436038514443,26,0.3076923076923077,27.96153846153846,1,0,1,0,0,0,625
2021,1975,Graduation,61456.0,0,1,2013-03-27,47,563,76,384,84,192,89,4,6,10,13,4,0,0,0,0,0,0,0,39,1,1388,0.40561959654178675,0.276657060518732,33,0.18181818181818182,42.06060606060606,0,0,1,0,0,0,459
7446,1967,Master,62513.0,0,1,2013-09-09,16,520,42,98,0,42,14,2,6,4,10,6,0,0,0,0,0,0,0,47,1,716,0.7262569832402235,0.13687150837988826,22,0.2727272727272727,32.54545454545455,1,0,0,0,1,0,293
3298,1956,Master,52973.0,0,1,2012-11-08,92,856,0,76,12,9,199,7,9,6,9,8,0,0,0,0,0,0,0,58,1,1152,0.7430555555555556,0.06597222222222222,31,0.2903225806451613,37.16129032258065,1,0,1,0,0,0,598
8230,1980,Graduation,33228.0,1,0,2014-01-23,28,22,2,31,7,4,5,1,2,0,3,7,0,0,0,0,0,0,0,34,1,71,0.30985915492957744,0.43661971830985913,6,0.3333333333333333,11.833333333333334,0,0,1,0,0,0,157
4279,1963,2n Cycle,39548.0,1,1,2014-03-31,87,15,4,10,3,4,18,2,1,1,3,3,0,0,0,0,0,0,0,51,2,54,0.2777777777777778,0.18518518518518517,7,0.14285714285714285,7.714285714285714,0,1,0,1,0,0,90
3726,1986,PhD,34320.0,1,0,2014-02-16,66,4,1,9,3,0,0,1,1,0,2,8,0,0,0,0,0,0,0,28,1,17,0.23529411764705882,0.5294117647058824,4,0.25,4.25,1,0,0,0,1,0,133
3005,1992,Graduation,83528.0,0,0,2014-05-01,7,530,117,678,134,44,147,1,4,10,8,1,1,0,0,1,0,0,1,22,0,1650,0.3212121212121212,0.4109090909090909,23,0.17391304347826086,71.73913043478261,0,0,0,1,0,0,59
8541,1990,2n Cycle,24683.0,1,0,2014-03-08,98,8,4,10,6,7,6,2,2,0,4,5,0,0,0,0,0,0,0,24,1,41,0.1951219512195122,0.24390243902439024,8,0.25,5.125,0,1,1,0,0,0,113
6439,1958,Graduation,61074.0,0,1,2012-08-17,37,789,0,133,0,28,152,7,11,5,8,7,0,0,0,0,0,0,0,56,1,1102,0.7159709618874773,0.1206896551724138,31,0.3548387096774194,35.54838709677419,0,0,1,0,0,0,681
8945,1970,Graduation,54137.0,0,1,2013-08-16,46,171,0,11,0,1,20,2,4,1,4,6,0,0,0,0,0,0,0,44,1,203,0.8423645320197044,0.054187192118226604,11,0.36363636363636365,18.454545454545453,0,0,0,0,0,0,317
793,1973,Graduation,20895.0,1,0,2012-10-06,24,18,3,17,3,0,4,1,2,0,3,9,0,0,0,0,0,0,0,41,1,45,0.4,0.37777777777777777,6,0.3333333333333333,7.5,0,0,1,0,0,0,631
6905,1994,Graduation,80685.0,0,0,2012-08-22,55,241,45,604,34,26,54,1,6,4,10,2,0,0,0,0,0,0,0,20,0,1004,0.2400398406374502,0.601593625498008,21,0.2857142857142857,47.80952380952381,0,0,0,0,1,0,676
6652,1965,Graduation,77343.0,0,0,2014-06-09,28,227,151,573,98,54,31,1,3,4,9,1,0,0,0,0,0,0,0,49,0,1134,0.2001763668430335,0.5052910052910053,17,0.17647058823529413,66.70588235294117,0,0,1,0,0,0,20
5631,1991,Graduation,49767.0,0,0,2013-05-02,92,202,47,197,55,42,149,1,5,4,8,4,0,0,0,0,0,0,0,23,0,692,0.29190751445086704,0.2846820809248555,18,0.2777777777777778,38.44444444444444,0,0,0,1,0,0,423
5848,1970,Graduation,81205.0,0,0,2014-01-13,43,724,74,929,97,55,130,1,5,6,7,2,1,0,1,0,1,0,1,44,0,2009,0.36037829766052765,0.46241911398705826,19,0.2631578947368421,105.73684210526316,0,0,0,0,1,0,167
48,1964,Graduation,55761.0,0,1,2014-04-24,97,136,1,12,0,3,32,2,4,1,3,6,0,1,0,0,0,0,0,50,1,184,0.7391304347826086,0.06521739130434782,10,0.4,18.4,0,0,0,0,1,0,66
5558,1954,PhD,90933.0,0,0,2014-03-31,90,1020,31,430,62,63,79,1,4,6,4,1,0,0,1,0,0,0,0,60,0,1685,0.6053412462908012,0.2551928783382789,15,0.26666666666666666,112.33333333333333,1,0,0,1,0,0,90
3762,1986,PhD,69867.0,0,0,2013-04-02,30,196,0,512,33,130,54,1,3,5,8,1,0,0,0,1,0,0,1,28,0,925,0.2118918918918919,0.5535135135135135,17,0.17647058823529413,54.411764705882355,1,0,0,1,0,0,453
8162,1956,Master,14661.0,0,0,2013-01-01,88,4,1,11,6,2,2,1,1,0,3,6,0,0,0,0,0,0,0,58,0,26,0.15384615384615385,0.4230769230769231,5,0.2,5.2,1,0,0,0,1,0,544
9648,1967,Graduation,46904.0,1,1,2012-11-03,20,153,4,56,0,9,31,4,5,1,4,8,0,0,0,0,0,0,0,47,2,253,0.6047430830039525,0.22134387351778656,14,0.35714285714285715,18.071428571428573,0,0,0,1,0,0,603
2392,1972,Graduation,40321.0,1,1,2013-07-29,59,44,4,21,6,0,27,2,3,0,3,7,0,0,0,0,0,0,0,42,2,102,0.43137254901960786,0.20588235294117646,8,0.375,12.75,0,0,1,0,0,0,335
6379,1949,Master,47570.0,1,1,2013-05-29,3,67,1,20,0,2,31,3,2,2,2,7,0,0,0,0,0,0,1,65,2,121,0.5537190082644629,0.1652892561983471,9,0.2222222222222222,13.444444444444445,1,0,0,0,0,1,396
7419,1968,Master,27071.0,1,0,2014-04-23,90,8,3,19,0,2,3,2,2,0,3,6,0,0,0,0,0,0,0,46,1,35,0.22857142857142856,0.5428571428571428,7,0.2857142857142857,5.0,1,0,0,0,0,0,67
8746,1989,Graduation,75433.0,1,0,2014-04-05,28,800,0,297,0,34,57,2,2,5,10,6,0,1,0,1,0,0,0,25,1,1188,0.6734006734006734,0.25,19,0.10526315789473684,62.526315789473685,0,0,1,0,0,0,85
7444,1969,Master,42169.0,1,1,2013-10-19,20,19,0,9,0,0,2,2,1,0,3,8,0,0,0,0,0,0,0,45,2,30,0.6333333333333333,0.3,6,0.16666666666666666,5.0,1,0,1,0,0,0,253
9246,1985,Master,40101.0,1,0,2012-10-14,73,171,3,129,26,24,62,4,6,1,6,7,0,0,0,0,0,0,0,29,1,415,0.41204819277108434,0.3108433734939759,17,0.35294117647058826,24.41176470588235,1,0,0,0,1,0,623
3641,1976,Graduation,13624.0,1,0,2013-01-20,93,10,2,15,2,1,6,2,2,0,3,6,0,0,0,0,0,0,0,38,1,36,0.2777777777777778,0.4166666666666667,7,0.2857142857142857,5.142857142857143,0,0,1,0,0,0,525
7152,1983,Master,27100.0,1,0,2013-04-05,64,12,0,13,2,0,10,1,1,0,3,7,0,0,0,0,0,0,0,31,1,37,0.32432432432432434,0.35135135135135137,5,0.2,7.4,1,0,1,0,0,0,450
1650,1960,Master,81843.0,0,0,2013-04-22,13,779,86,537,34,69,138,1,5,9,12,3,0,0,0,0,0,0,0,54,0,1643,0.47413268411442483,0.3268411442483262,27,0.18518518518518517,60.851851851851855,1,0,1,0,0,0,433
460,1972,PhD,79930.0,0,0,2012-08-08,72,792,86,740,67,51,17,1,3,5,8,2,0,0,0,0,0,0,0,42,0,1753,0.4517969195664575,0.42213348545350826,17,0.17647058823529413,103.11764705882354,1,0,1,0,0,0,690
3231,1973,Graduation,37971.0,1,0,2013-11-25,97,5,4,10,2,2,7,1,1,0,3,8,0,0,0,0,0,0,0,41,1,30,0.16666666666666666,0.3333333333333333,5,0.2,6.0,0,0,1,0,0,0,216
8278,1990,PhD,74214.0,0,0,2012-08-26,3,863,83,547,86,99,33,1,8,2,5,5,0,0,0,0,0,0,0,24,0,1711,0.5043834015195792,0.3196960841613092,16,0.5,106.9375,1,0,1,0,0,0,672
7019,1963,Graduation,54414.0,1,1,2013-01-23,49,109,18,16,24,26,18,4,3,1,5,4,0,0,0,0,0,0,0,51,2,211,0.5165876777251185,0.07582938388625593,13,0.23076923076923078,16.23076923076923,0,0,0,0,1,0,522
5181,1982,Basic,24367.0,1,0,2013-03-20,58,2,4,2,0,11,5,1,1,0,2,9,0,0,0,0,0,0,0,32,1,24,0.08333333333333333,0.08333333333333333,4,0.25,6.0,0,1,0,1,0,0,466
1386,1967,Graduation,32474.0,1,1,2014-05-11,0,10,0,1,0,0,0,1,1,0,2,7,0,0,0,0,0,0,0,47,2,11,0.9090909090909091,0.09090909090909091,4,0.25,2.75,0,0,0,0,1,0,49
1409,1951,Graduation,40689.0,0,1,2013-03-18,69,270,3,27,39,6,99,7,7,1,5,8,0,0,0,0,0,0,0,63,1,444,0.6081081081081081,0.060810810810810814,20,0.35,22.2,0,0,0,0,1,0,468
6918,1989,Graduation,28691.0,1,0,2013-07-04,56,5,4,13,8,0,4,1,1,0,3,8,0,0,0,0,0,0,0,25,1,34,0.14705882352941177,0.38235294117647056,5,0.2,6.8,0,0,1,0,0,0,360
9701,1988,Graduation,41883.0,1,0,2013-03-19,13,32,34,41,73,16,116,3,4,2,3,7,0,0,0,0,0,0,0,26,1,312,0.10256410256410256,0.13141025641025642,12,0.3333333333333333,26.0,0,0,0,0,1,0,467
304,1981,Master,22944.0,1,0,2013-12-23,67,19,3,19,4,5,26,3,3,0,3,7,0,0,0,0,0,0,0,33,1,76,0.25,0.25,9,0.3333333333333333,8.444444444444445,1,0,0,1,0,0,188
6303,1986,PhD,91820.0,0,0,2013-11-23,72,410,73,747,76,161,30,0,5,5,12,1,0,0,0,0,0,0,0,28,0,1497,0.2738810955243821,0.49899799599198397,22,0.22727272727272727,68.04545454545455,1,0,0,0,1,0,218
10476,1958,Graduation,67267.0,0,1,2014-05-13,0,134,11,59,15,2,30,1,3,2,5,2,0,0,0,0,0,0,0,56,1,251,0.5338645418326693,0.2350597609561753,11,0.2727272727272727,22.818181818181817,0,0,1,0,0,0,47
5268,1960,Graduation,29440.0,1,1,2013-08-11,95,17,8,14,10,4,3,2,1,0,4,7,0,0,0,0,0,0,0,54,2,56,0.30357142857142855,0.25,7,0.14285714285714285,8.0,0,0,1,0,0,0,322
810,1975,Graduation,74190.0,0,1,2014-05-12,49,151,81,86,168,91,64,2,4,2,11,2,0,0,0,0,0,0,0,39,1,641,0.23556942277691106,0.13416536661466458,19,0.21052631578947367,33.73684210526316,0,0,1,0,0,0,48
7408,1952,PhD,54549.0,0,1,2014-03-03,8,216,2,6,0,0,9,2,5,1,4,7,0,0,0,0,0,0,0,62,1,233,0.927038626609442,0.02575107296137339,12,0.4166666666666667,19.416666666666668,1,0,1,0,0,0,118
3498,1976,PhD,55424.0,0,1,2012-11-25,6,462,61,184,10,53,107,4,7,5,9,6,1,0,0,0,0,0,1,38,1,877,0.5267958950969214,0.20980615735461802,25,0.28,35.08,1,0,1,0,0,0,581
10260,1965,Master,45143.0,0,1,2013-08-26,74,202,5,74,11,5,14,3,6,1,5,7,0,0,0,0,0,0,0,49,1,311,0.6495176848874598,0.2379421221864952,15,0.4,20.733333333333334,1,0,0,0,1,0,307
5562,1974,Graduation,60093.0,0,1,2013-06-26,92,502,12,109,16,6,90,2,7,2,10,6,0,0,0,0,0,0,0,40,1,735,0.6829931972789116,0.14829931972789115,21,0.3333333333333333,35.0,0,0,1,0,0,0,368
2495,1974,Master,83891.0,0,1,2014-06-20,24,217,38,350,111,85,15,1,4,7,10,1,0,0,0,0,0,0,0,40,1,816,0.2659313725490196,0.42892156862745096,22,0.18181818181818182,37.09090909090909,1,0,1,0,0,0,9
9216,1971,Graduation,35788.0,1,1,2014-01-23,34,23,2,11,3,1,4,2,2,0,3,6,0,0,0,0,0,0,0,43,2,44,0.5227272727272727,0.25,7,0.2857142857142857,6.285714285714286,0,0,1,0,0,0,157
6347,1979,Basic,15862.0,1,0,2013-06-27,26,1,1,4,11,9,10,1,1,0,3,8,0,0,0,0,0,0,0,35,1,36,0.027777777777777776,0.1111111111111111,5,0.2,7.2,0,1,0,1,0,0,367
7118,1957,Graduation,73803.0,0,1,2012-08-01,61,833,80,363,52,26,174,2,9,5,6,6,1,0,0,0,0,0,1,57,1,1528,0.5451570680628273,0.23756544502617802,22,0.4090909090909091,69.45454545454545,0,0,1,0,0,0,697
10704,1969,Graduation,54803.0,0,1,2012-08-21,65,404,0,92,28,27,142,2,6,2,9,4,0,0,0,0,0,0,0,45,1,693,0.5829725829725829,0.13275613275613277,19,0.3157894736842105,36.473684210526315,0,0,0,1,0,0,677
6382,1953,Graduation,48794.0,1,1,2014-06-26,97,25,0,11,3,0,15,1,1,0,3,4,0,0,0,0,0,0,0,61,2,54,0.46296296296296297,0.2037037037037037,5,0.2,10.8,0,0,0,0,1,0,3
10010,1953,PhD,36957.0,1,1,2012-09-06,43,100,2,16,2,1,31,4,3,2,2,9,0,0,0,0,0,0,1,61,2,152,0.6578947368421053,0.10526315789473684,11,0.2727272727272727,13.818181818181818,1,0,0,0,0,0,661
8985,1964,2n Cycle,68316.0,0,1,2012-11-04,54,806,80,161,120,11,33,5,10,7,10,6,0,0,0,0,0,0,0,50,1,1211,0.6655656482246077,0.1329479768786127,32,0.3125,37.84375,0,1,0,0,1,0,602
5263,1977,2n Cycle,31056.0,1,0,2013-01-22,99,5,10,13,3,8,16,1,1,0,3,8,0,0,0,0,0,0,0,37,1,55,0.09090909090909091,0.23636363636363636,5,0.2,11.0,0,1,1,0,0,0,523
5991,1949,Master,48150.0,0,1,2013-06-08,24,173,2,39,3,2,47,3,5,1,4,7,0,0,0,0,0,0,0,65,1,266,0.650375939849624,0.14661654135338345,13,0.38461538461538464,20.46153846153846,1,0,1,0,0,0,386
2285,1954,Master,36634.0,0,1,2013-05-28,0,213,9,76,4,3,30,3,5,2,5,7,0,0,0,0,0,0,0,60,1,335,0.6358208955223881,0.22686567164179106,15,0.3333333333333333,22.333333333333332,1,0,0,0,1,0,397
10951,1968,Graduation,45688.0,0,1,2014-01-25,20,279,0,18,0,0,9,2,3,1,8,4,0,1,0,0,0,0,0,46,1,306,0.9117647058823529,0.058823529411764705,14,0.21428571428571427,21.857142857142858,0,0,1,0,0,0,155
11007,1968,PhD,29187.0,1,0,2013-05-09,43,26,0,6,0,0,2,1,1,0,3,8,0,0,0,0,0,0,0,46,1,34,0.7647058823529411,0.17647058823529413,5,0.2,6.8,1,0,1,0,0,0,416
4432,1976,Graduation,31615.0,1,0,2013-03-16,82,2,3,20,6,11,9,2,2,0,3,7,0,0,0,0,0,0,0,38,1,51,0.0392156862745098,0.39215686274509803,7,0.2857142857142857,7.285714285714286,0,0,0,0,0,0,470
4138,1962,Graduation,76624.0,0,1,2014-05-24,68,411,106,147,54,115,66,1,5,10,7,1,1,0,0,0,0,0,0,52,1,899,0.457174638487208,0.1635150166852058,23,0.21739130434782608,39.08695652173913,0,0,0,1,0,0,36
7503,1976,Graduation,75825.0,0,0,2012-10-12,40,1032,105,779,137,105,51,0,5,8,9,4,1,0,0,0,0,0,1,38,0,2209,0.46717971933001357,0.35264825712992304,22,0.22727272727272727,100.4090909090909,0,0,0,1,0,0,625
5255,1986,Graduation,50943.0,1,0,2013-02-20,19,5,1,3,3,263,362,0,27,0,0,1,0,0,0,0,0,0,0,28,1,637,0.007849293563579277,0.004709576138147566,27,1.0,23.59259259259259,0,0,0,1,0,0,494
6417,1971,Master,80573.0,0,0,2012-10-14,85,829,138,430,60,92,15,1,4,6,13,2,0,0,0,0,0,0,0,43,0,1564,0.5300511508951407,0.2749360613810742,24,0.16666666666666666,65.16666666666667,1,0,0,0,1,0,623
4702,1964,Graduation,61839.0,0,0,2012-08-12,20,1000,155,379,224,17,120,1,4,8,4,8,0,0,0,0,0,0,0,50,0,1895,0.5277044854881267,0.2,17,0.23529411764705882,111.47058823529412,0,0,0,1,0,0,686
11171,1965,Master,56962.0,2,1,2013-10-11,60,292,3,77,10,3,26,7,6,3,5,7,0,0,0,0,0,0,0,49,3,411,0.7104622871046229,0.1873479318734793,21,0.2857142857142857,19.571428571428573,1,0,1,0,0,0,261
6260,1955,Master,82384.0,0,0,2012-11-19,55,984,51,432,180,120,190,1,3,10,13,1,0,0,1,0,0,0,1,59,0,1957,0.5028104241185488,0.22074603985692387,27,0.1111111111111111,72.48148148148148,1,0,0,0,1,0,587
4149,1948,PhD,76140.0,0,0,2014-05-13,57,586,66,653,17,0,26,1,5,9,6,2,0,0,0,0,0,0,0,66,0,1348,0.43471810089020774,0.4844213649851632,21,0.23809523809523808,64.19047619047619,1,0,0,0,1,0,47
9491,1984,Graduation,23976.0,1,0,2013-12-27,68,14,1,21,2,3,25,3,3,1,3,7,0,0,0,0,0,0,0,30,1,66,0.21212121212121213,0.3181818181818182,10,0.3,6.6,0,0,0,0,1,0,184
4990,1954,Graduation,59111.0,0,0,2013-05-02,90,524,0,134,28,28,155,1,11,1,8,7,0,0,0,0,0,0,0,60,0,869,0.6029919447640967,0.15420023014959724,21,0.5238095238095238,41.38095238095238,0,0,1,0,0,0,423
8370,1976,2n Cycle,75484.0,0,1,2012-08-02,50,378,97,259,197,194,34,2,7,3,6,4,0,0,0,0,0,0,0,38,1,1159,0.3261432269197584,0.22346850733390855,18,0.3888888888888889,64.38888888888889,0,1,0,0,1,0,696
4299,1960,Graduation,70971.0,0,1,2012-09-21,28,1001,17,572,93,125,17,7,11,11,5,7,0,0,0,0,0,0,1,54,1,1825,0.5484931506849315,0.3134246575342466,34,0.3235294117647059,53.6764705882353,0,0,0,0,1,0,646
6177,1985,PhD,33454.0,1,0,2013-05-08,32,76,10,56,3,1,23,2,4,0,4,8,0,0,0,0,0,0,0,29,1,169,0.44970414201183434,0.33136094674556216,10,0.4,16.9,1,0,1,0,0,0,417
7384,1951,Master,39767.0,0,0,2013-07-21,18,113,61,204,34,26,47,2,7,1,7,8,0,0,0,0,0,0,0,63,0,485,0.2329896907216495,0.42061855670103093,17,0.4117647058823529,28.529411764705884,1,0,0,0,1,0,343
7326,1971,Master,56850.0,0,1,2014-03-23,83,34,1,19,2,7,0,1,1,1,3,2,0,0,0,0,0,0,0,43,1,63,0.5396825396825397,0.30158730158730157,6,0.16666666666666666,10.5,1,0,1,0,0,0,98
4475,1949,PhD,69098.0,0,0,2013-02-16,82,1315,22,780,145,0,178,1,7,8,9,5,0,0,0,0,0,0,0,65,0,2440,0.5389344262295082,0.319672131147541,25,0.28,97.6,1,0,1,0,0,0,498
9560,1965,Graduation,83003.0,0,0,2013-03-03,18,856,61,570,40,25,122,1,7,6,8,3,0,0,1,0,0,0,1,49,0,1674,0.5113500597371565,0.34050179211469533,22,0.3181818181818182,76.0909090909091,0,0,0,0,1,0,483
7286,1968,Graduation,41728.0,1,0,2013-05-24,92,13,6,15,3,5,13,1,2,0,2,10,0,0,0,0,0,0,0,46,1,55,0.23636363636363636,0.2727272727272727,5,0.4,11.0,0,0,0,0,1,0,401
10177,1954,Graduation,72071.0,0,1,2013-02-14,4,531,69,300,150,138,150,3,5,4,8,2,0,0,0,0,0,0,0,60,1,1338,0.3968609865470852,0.2242152466367713,20,0.25,66.9,0,0,0,0,0,0,500
7533,1964,Graduation,49096.0,1,1,2013-09-24,15,144,1,32,2,1,7,4,4,1,4,7,0,0,0,0,0,0,0,50,2,187,0.7700534759358288,0.1711229946524064,13,0.3076923076923077,14.384615384615385,0,0,1,0,0,0,278
9185,1966,PhD,69759.0,0,0,2013-10-28,38,452,20,514,13,30,0,3,4,6,5,3,0,0,0,0,0,0,1,48,0,1029,0.4392614188532556,0.49951409135082603,18,0.2222222222222222,57.166666666666664,1,0,0,1,0,0,244
8707,1956,Graduation,79456.0,0,0,2012-08-22,12,565,42,548,64,83,99,1,5,6,4,3,0,0,0,0,0,0,1,58,0,1401,0.403283369022127,0.39114917915774444,16,0.3125,87.5625,0,0,1,0,0,0,676
313,1968,Graduation,73455.0,0,0,2013-10-28,98,901,61,757,186,163,20,1,6,5,10,3,0,1,0,0,0,0,0,46,0,2088,0.4315134099616858,0.3625478927203065,22,0.2727272727272727,94.9090909090909,0,0,0,0,0,1,244
0,1985,Graduation,70951.0,0,0,2013-05-04,66,239,10,554,254,87,54,1,3,4,9,1,0,0,0,0,0,0,0,29,0,1198,0.1994991652754591,0.46243739565943237,17,0.17647058823529413,70.47058823529412,0,0,1,0,0,0,421
5430,1956,Graduation,54450.0,1,1,2012-09-14,0,454,0,171,8,19,32,12,9,2,8,8,0,0,0,0,0,0,0,58,2,684,0.6637426900584795,0.25,31,0.2903225806451613,22.06451612903226,0,0,0,0,1,0,653
10398,1981,2n Cycle,24336.0,1,0,2012-08-27,82,1,6,2,8,2,12,1,1,0,2,7,0,0,0,0,0,0,0,33,1,31,0.03225806451612903,0.06451612903225806,4,0.25,7.75,0,1,0,1,0,0,671
8216,1972,Master,53761.0,1,1,2013-10-11,7,158,0,76,13,7,71,6,4,4,3,5,0,0,0,0,0,0,0,42,2,325,0.48615384615384616,0.23384615384615384,17,0.23529411764705882,19.11764705882353,1,0,1,0,0,0,261
6722,1954,PhD,70421.0,0,1,2014-06-28,98,479,28,136,75,14,35,3,10,3,7,6,0,0,0,0,0,0,0,60,1,767,0.6245110821382008,0.1773142112125163,23,0.43478260869565216,33.34782608695652,1,0,1,0,0,0,1
6001,1979,Graduation,56775.0,0,1,2013-01-02,62,614,35,160,58,35,35,2,5,8,10,5,0,0,0,0,0,0,0,35,1,937,0.655282817502668,0.17075773745997866,25,0.2,37.48,0,0,1,0,0,0,543
3220,1983,Graduation,39922.0,1,0,2013-02-14,30,29,12,59,19,1,36,2,3,0,4,8,0,0,0,0,0,0,0,31,1,156,0.1858974358974359,0.3782051282051282,9,0.3333333333333333,17.333333333333332,0,0,1,0,0,0,500
5513,1966,Graduation,37758.0,1,1,2012-10-04,49,27,2,10,0,0,1,2,1,0,3,8,0,0,0,0,0,0,0,48,2,40,0.675,0.25,6,0.16666666666666666,6.666666666666667,0,0,0,0,1,0,633
2478,1973,Graduation,25410.0,1,0,2013-08-31,48,2,2,4,13,13,4,1,1,0,4,4,0,0,0,0,0,0,0,41,1,38,0.05263157894736842,0.10526315789473684,6,0.16666666666666666,6.333333333333333,0,0,1,0,0,0,302
3507,1970,Graduation,76467.0,1,0,2012-08-17,44,676,161,426,210,44,58,2,2,5,5,6,0,0,0,0,0,0,1,44,1,1575,0.4292063492063492,0.2704761904761905,14,0.14285714285714285,112.5,0,0,0,1,0,0,681
4322,1958,PhD,77863.0,0,0,2013-11-27,20,881,38,319,16,25,12,1,4,5,10,2,0,0,0,0,0,0,0,56,0,1291,0.6824167312161116,0.24709527498063516,20,0.2,64.55,1,0,0,0,1,0,214
9617,1951,Graduation,15033.0,0,0,2014-04-16,37,0,4,5,6,0,4,1,1,0,3,3,0,0,0,0,0,0,0,63,0,19,0.0,0.2631578947368421,5,0.2,3.8,0,0,0,1,0,0,74
3376,1970,Master,55282.0,1,0,2013-12-13,9,125,6,73,8,4,19,1,3,1,6,4,0,0,0,0,0,0,0,44,1,235,0.5319148936170213,0.31063829787234043,11,0.2727272727272727,21.363636363636363,1,0,0,0,0,0,198
10595,1990,Graduation,30093.0,0,0,2013-07-08,19,2,6,28,13,4,16,1,2,0,3,7,0,0,0,0,0,0,0,24,0,69,0.028985507246376812,0.4057971014492754,6,0.3333333333333333,11.5,0,0,1,0,0,0,356
1991,1967,Graduation,44931.0,0,1,2014-01-18,0,78,0,11,0,0,7,1,2,1,3,5,0,0,0,0,0,0,0,47,1,96,0.8125,0.11458333333333333,7,0.2857142857142857,13.714285714285714,0,0,0,0,1,0,162
4609,1966,PhD,57705.0,0,1,2014-01-11,14,383,0,53,6,4,40,3,8,1,6,6,0,0,0,0,0,0,0,48,1,486,0.7880658436213992,0.10905349794238683,18,0.4444444444444444,27.0,1,0,1,0,0,0,169
7232,1973,Graduation,42429.0,0,1,2014-02-11,99,55,0,6,2,0,4,2,1,1,3,5,0,0,0,0,0,0,0,41,1,67,0.8208955223880597,0.08955223880597014,7,0.14285714285714285,9.571428571428571,0,0,0,0,0,1,138
4706,1966,Graduation,34704.0,0,1,2013-04-27,65,29,0,5,0,1,5,1,1,0,3,5,0,0,0,0,0,0,0,48,1,40,0.725,0.125,5,0.2,8.0,0,0,0,1,0,0,428
577,1976,2n Cycle,26907.0,1,1,2013-08-20,10,9,1,7,0,3,2,2,1,0,3,7,0,0,0,0,0,0,0,38,2,22,0.4090909090909091,0.3181818181818182,6,0.16666666666666666,3.6666666666666665,0,1,0,0,1,0,313
1041,1973,PhD,48432.0,0,1,2012-10-18,3,322,3,50,4,3,42,5,7,1,6,8,0,0,0,0,0,0,1,41,1,424,0.7594339622641509,0.1179245283018868,19,0.3684210526315789,22.31578947368421,1,0,0,1,0,0,619
6853,1982,Master,75777.0,0,0,2013-07-04,12,712,26,538,69,13,80,1,3,6,11,1,0,1,1,0,0,0,1,32,0,1438,0.4951321279554937,0.3741307371349096,21,0.14285714285714285,68.47619047619048,1,0,0,1,0,0,360
6678,1989,Graduation,31928.0,1,0,2014-03-28,5,33,4,24,4,2,5,2,3,0,4,7,0,0,0,0,0,0,0,25,1,72,0.4583333333333333,0.3333333333333333,9,0.3333333333333333,8.0,0,0,0,0,1,0,93
5798,1973,Master,50943.0,0,0,2013-11-23,87,445,37,359,98,28,18,1,2,4,8,1,0,0,0,0,0,0,0,41,0,985,0.4517766497461929,0.36446700507614216,15,0.13333333333333333,65.66666666666667,1,0,0,0,1,0,218
7426,1971,2n Cycle,54690.0,1,1,2013-11-07,76,111,16,37,7,9,18,3,3,1,5,3,0,0,0,0,0,0,0,43,2,198,0.5606060606060606,0.18686868686868688,12,0.25,16.5,0,1,1,0,0,0,234
1065,1963,Graduation,80695.0,0,0,2013-12-29,85,557,129,984,193,37,18,1,5,8,5,2,0,0,0,0,0,0,0,51,0,1918,0.29040667361835243,0.5130344108446299,19,0.2631578947368421,100.94736842105263,0,0,0,1,0,0,182
4470,1962,Master,58646.0,0,1,2013-06-10,3,62,1,44,6,5,22,1,2,1,4,4,0,0,0,0,0,0,0,52,1,140,0.44285714285714284,0.3142857142857143,8,0.25,17.5,1,0,1,0,0,0,384
8652,1946,Graduation,37760.0,0,0,2012-08-31,20,84,5,38,150,12,28,2,4,1,6,7,0,0,0,0,0,0,0,68,0,317,0.26498422712933756,0.11987381703470032,13,0.3076923076923077,24.384615384615383,0,0,0,0,1,0,667
9967,1974,Graduation,53034.0,1,1,2013-05-30,30,160,15,196,15,11,50,8,6,1,7,8,0,0,0,0,0,0,0,40,2,447,0.3579418344519016,0.43847874720357943,22,0.2727272727272727,20.318181818181817,0,0,0,0,0,0,395
2958,1978,Graduation,28442.0,2,0,2014-02-24,53,19,3,10,11,8,6,3,2,1,4,4,0,0,0,0,0,0,0,36,2,57,0.3333333333333333,0.17543859649122806,10,0.2,5.7,0,0,1,0,0,0,125
10475,1970,Master,50943.0,0,1,2013-04-01,39,187,5,65,26,20,14,2,4,2,6,5,0,0,0,0,0,0,0,44,1,317,0.5899053627760252,0.20504731861198738,14,0.2857142857142857,22.642857142857142,1,0,0,0,1,0,454
830,1987,PhD,74004.0,0,0,2014-02-24,5,784,48,560,42,176,48,1,4,6,4,3,0,0,1,1,0,0,1,27,0,1658,0.47285886610373945,0.33775633293124246,15,0.26666666666666666,110.53333333333333,1,0,0,1,0,0,125
7848,1974,Graduation,49166.0,0,1,2013-06-13,17,224,2,25,7,0,110,2,5,3,3,6,0,0,0,0,0,0,0,40,1,368,0.6086956521739131,0.06793478260869565,13,0.38461538461538464,28.307692307692307,0,0,0,1,0,0,381
945,1965,Graduation,36317.0,0,1,2013-05-22,53,87,3,25,3,2,13,2,3,0,4,7,0,0,0,0,0,0,0,49,1,133,0.6541353383458647,0.18796992481203006,9,0.3333333333333333,14.777777777777779,0,0,0,0,1,0,403
7788,1983,PhD,23536.0,1,0,2014-06-04,53,6,0,3,0,0,1,1,0,0,3,3,0,0,0,0,0,0,0,31,1,10,0.6,0.3,4,0.0,2.5,1,0,1,0,0,0,25
5077,1979,Graduation,77298.0,0,1,2013-11-02,46,425,115,292,23,35,79,1,6,6,11,3,0,0,0,0,0,0,0,35,1,969,0.43859649122807015,0.3013415892672859,24,0.25,40.375,0,0,0,0,1,0,239
8430,1957,Graduation,21994.0,0,1,2012-12-24,4,9,0,6,3,1,3,1,0,0,3,5,0,0,0,0,0,0,0,57,1,22,0.4090909090909091,0.2727272727272727,4,0.0,5.5,0,0,0,0,1,0,552
1491,1965,2n Cycle,71488.0,0,0,2013-02-18,87,162,33,124,40,28,172,2,3,4,7,1,0,0,0,0,0,0,0,49,0,559,0.2898032200357782,0.22182468694096602,16,0.1875,34.9375,0,1,0,0,1,0,496
624,1984,Master,18890.0,0,0,2012-11-10,5,6,4,1,7,2,15,1,0,1,2,6,1,0,0,0,0,0,1,30,0,35,0.17142857142857143,0.02857142857142857,4,0.0,8.75,1,0,0,1,0,0,596
1331,1977,Graduation,35790.0,1,0,2013-01-02,54,12,6,20,30,1,3,2,2,0,3,7,0,0,0,0,0,0,0,37,1,72,0.16666666666666666,0.2777777777777778,7,0.2857142857142857,10.285714285714286,0,0,0,1,0,0,543
9671,1968,Graduation,19514.0,1,1,2014-01-26,47,14,3,21,2,1,28,4,3,1,2,8,1,0,0,0,0,0,1,46,2,69,0.2028985507246377,0.30434782608695654,10,0.3,6.9,0,0,1,0,0,0,154
4477,1958,Graduation,69096.0,0,1,2013-09-27,4,247,49,159,7,82,109,1,5,2,10,4,0,0,0,0,0,0,0,56,1,653,0.3782542113323124,0.2434915773353752,18,0.2777777777777778,36.27777777777778,0,0,0,0,1,0,275
4791,1980,Graduation,44964.0,1,1,2012-12-16,35,19,1,17,2,0,2,1,1,0,3,8,0,0,0,0,0,0,0,34,2,41,0.4634146341463415,0.4146341463414634,5,0.2,8.2,0,0,0,0,1,0,560
8462,1978,Basic,24882.0,1,0,2012-09-09,52,1,4,10,29,0,36,1,1,1,2,6,1,0,0,0,0,0,0,36,1,80,0.0125,0.125,5,0.2,16.0,0,1,0,0,1,0,658
1490,1962,Graduation,55759.0,0,1,2012-11-28,84,675,0,85,10,7,77,5,10,3,8,8,0,0,0,0,0,0,0,52,1,854,0.7903981264637002,0.09953161592505855,26,0.38461538461538464,32.84615384615385,0,0,1,0,0,0,578
10796,1984,Master,30477.0,1,0,2014-01-22,16,47,1,6,0,0,12,1,1,1,3,6,0,0,0,0,0,0,0,30,1,66,0.7121212121212122,0.09090909090909091,6,0.16666666666666666,11.0,1,0,1,0,0,0,158
9579,1959,PhD,33762.0,2,1,2013-07-07,61,53,1,34,2,0,16,3,2,2,2,8,0,0,0,0,0,0,0,55,3,106,0.5,0.32075471698113206,9,0.2222222222222222,11.777777777777779,1,0,1,0,0,0,357
6445,1967,Graduation,66825.0,0,0,2013-07-14,73,243,101,405,29,40,40,1,4,5,6,2,0,0,0,0,0,0,0,47,0,858,0.28321678321678323,0.47202797202797203,16,0.25,53.625,0,0,0,0,1,0,350
8523,1968,Graduation,19329.0,1,0,2013-12-14,39,24,1,16,12,2,5,3,4,0,3,8,0,0,0,0,0,0,0,46,1,60,0.4,0.26666666666666666,10,0.4,6.0,0,0,1,0,0,0,197
9597,1969,Graduation,73448.0,0,0,2014-02-10,10,236,106,189,23,41,130,1,7,2,9,4,0,0,0,0,0,0,0,45,0,725,0.3255172413793103,0.26068965517241377,19,0.3684210526315789,38.1578947368421,0,0,1,0,0,0,139
3332,1985,Graduation,29760.0,1,0,2012-08-29,87,64,4,68,7,5,17,4,3,1,4,8,0,0,0,0,0,0,0,29,1,165,0.3878787878787879,0.4121212121212121,12,0.25,13.75,0,0,0,1,0,0,669
5831,1967,Graduation,77870.0,0,1,2012-08-22,93,1017,50,500,65,50,133,3,5,5,5,8,0,1,0,1,0,0,1,47,1,1815,0.5603305785123966,0.27548209366391185,18,0.2777777777777778,100.83333333333333,0,0,1,0,0,0,676
7181,1977,Graduation,30368.0,0,1,2013-11-07,97,35,0,13,2,0,2,2,2,0,3,8,0,0,0,0,0,0,0,37,1,52,0.6730769230769231,0.25,7,0.2857142857142857,7.428571428571429,0,0,1,0,0,0,234
7822,1976,Graduation,54058.0,0,1,2013-06-04,56,198,18,252,32,108,54,2,4,6,8,3,0,0,0,0,0,0,0,38,1,662,0.2990936555891239,0.3806646525679758,20,0.2,33.1,0,0,0,0,1,0,390
7919,1976,PhD,72335.0,0,0,2012-08-13,2,1285,105,653,28,21,0,1,10,4,8,8,0,0,0,0,0,0,1,38,0,2092,0.614244741873805,0.3121414913957935,23,0.43478260869565216,90.95652173913044,1,0,0,0,1,0,685
2217,1975,2n Cycle,37284.0,1,1,2013-03-29,46,11,1,2,2,1,6,1,0,0,3,6,0,0,0,0,0,0,0,39,2,23,0.4782608695652174,0.08695652173913043,4,0.0,5.75,0,1,1,0,0,0,457
8164,1978,PhD,82170.0,0,0,2013-11-25,13,1023,93,651,49,55,37,1,5,6,7,2,0,0,0,0,0,0,0,36,0,1908,0.5361635220125787,0.3411949685534591,19,0.2631578947368421,100.42105263157895,1,0,1,0,0,0,216
4370,1966,Graduation,43482.0,2,1,2013-11-13,83,18,1,32,6,3,28,3,2,0,4,6,0,0,0,0,0,0,0,48,3,88,0.20454545454545456,0.36363636363636365,9,0.2222222222222222,9.777777777777779,0,0,0,0,1,0,228
10236,1975,Master,31160.0,1,0,2013-09-16,59,16,3,25,6,1,13,2,2,0,3,8,0,0,0,0,0,0,0,39,1,64,0.25,0.390625,7,0.2857142857142857,9.142857142857142,1,0,0,1,0,0,286
2535,1978,Master,88097.0,1,0,2012-08-18,24,163,0,480,0,126,75,1,6,5,8,9,0,1,1,1,0,0,1,36,1,844,0.19312796208530805,0.5687203791469194,20,0.3,42.2,1,0,1,0,0,0,680
1142,1953,PhD,55707.0,0,1,2013-12-22,91,208,7,82,30,66,35,2,3,2,9,3,0,0,0,0,0,0,0,61,1,428,0.48598130841121495,0.19158878504672897,16,0.1875,26.75,1,0,1,0,0,0,189
1916,1954,Master,45736.0,0,1,2013-07-24,92,188,3,180,20,3,43,5,7,1,6,7,0,0,0,0,0,0,0,60,1,437,0.4302059496567506,0.41189931350114417,19,0.3684210526315789,23.0,1,0,1,0,0,0,340
807,1969,Master,44602.0,1,1,2014-02-15,35,167,2,89,0,0,34,6,6,1,4,8,0,0,0,0,0,0,0,45,2,292,0.571917808219178,0.3047945205479452,17,0.35294117647058826,17.176470588235293,1,0,0,0,1,0,134
1384,1992,Basic,17256.0,1,0,2013-11-23,10,6,4,14,8,8,22,2,2,1,2,8,1,0,0,0,0,0,0,22,1,62,0.0967741935483871,0.22580645161290322,7,0.2857142857142857,8.857142857142858,0,1,1,0,0,0,218
217,1956,Master,64857.0,0,0,2012-11-23,78,556,14,717,210,0,43,1,7,5,10,4,0,0,0,0,0,0,0,58,0,1540,0.36103896103896105,0.4655844155844156,23,0.30434782608695654,66.95652173913044,1,0,0,1,0,0,583
11100,1972,Graduation,51813.0,1,1,2013-04-11,37,51,2,7,0,1,2,2,2,0,3,7,0,0,0,0,0,0,0,42,2,63,0.8095238095238095,0.1111111111111111,7,0.2857142857142857,9.0,0,0,0,0,0,0,444
11181,1949,PhD,156924.0,0,0,2013-08-29,85,2,1,2,1,1,1,0,0,0,0,0,0,0,0,0,0,0,0,65,0,8,0.25,0.25,0,0.0,0.0,1,0,1,0,0,0,304
2350,1972,Graduation,59666.0,1,1,2013-03-22,87,623,53,178,23,17,133,7,3,2,8,8,0,1,0,0,0,0,0,42,2,1027,0.6066212268743915,0.1733203505355404,20,0.15,51.35,0,0,1,0,0,0,464
5682,1953,PhD,64108.0,0,1,2013-03-23,8,948,10,86,13,21,21,4,6,9,11,5,0,0,0,0,0,0,0,61,1,1099,0.8626023657870792,0.07825295723384895,30,0.2,36.63333333333333,1,0,0,1,0,0,463
10870,1967,Graduation,61223.0,0,1,2013-06-13,46,709,43,182,42,118,247,2,9,3,4,5,0,0,0,0,0,0,0,47,1,1341,0.5287099179716629,0.13571961222967935,18,0.5,74.5,0,0,1,0,0,0,381
4518,1979,Graduation,85693.0,0,1,2013-04-20,59,386,172,183,185,132,111,2,9,5,11,5,0,0,0,0,0,0,0,35,1,1169,0.330196749358426,0.15654405474764757,27,0.3333333333333333,43.2962962962963,0,0,0,0,1,0,435
10664,1949,Master,51529.0,0,1,2013-09-07,14,400,4,35,6,0,22,2,9,1,5,8,0,0,0,0,0,0,0,65,1,467,0.8565310492505354,0.07494646680942184,17,0.5294117647058824,27.470588235294116,1,0,0,0,0,1,295
1050,1952,Graduation,28332.0,0,0,2014-04-30,58,14,10,13,4,15,9,1,2,1,4,2,0,0,0,0,0,0,0,62,0,65,0.2153846153846154,0.2,8,0.25,8.125,0,0,1,0,0,0,60
5966,1974,PhD,45207.0,1,1,2012-11-10,64,203,0,10,0,0,2,5,3,1,6,6,0,1,0,0,0,0,0,40,2,215,0.9441860465116279,0.046511627906976744,15,0.2,14.333333333333334,1,0,1,0,0,0,596
10403,1978,Graduation,16531.0,1,0,2014-06-18,43,2,13,6,7,5,11,3,3,0,3,7,0,0,0,0,0,0,0,36,1,44,0.045454545454545456,0.13636363636363635,9,0.3333333333333333,4.888888888888889,0,0,0,0,1,0,11
6168,1963,Graduation,45146.0,1,1,2013-07-15,28,33,0,5,0,0,15,2,1,1,2,4,0,0,0,0,0,0,0,51,2,53,0.6226415094339622,0.09433962264150944,6,0.16666666666666666,8.833333333333334,0,0,0,0,0,0,349
1502,1983,Graduation,28427.0,1,0,2013-03-21,67,18,3,19,3,3,6,2,2,0,3,8,0,0,0,0,0,0,0,31,1,52,0.34615384615384615,0.36538461538461536,7,0.2857142857142857,7.428571428571429,0,0,0,0,1,0,465
4483,1993,Graduation,72354.0,0,0,2013-04-17,67,315,26,473,220,12,182,1,2,10,6,1,0,0,0,0,0,0,0,21,0,1228,0.25651465798045603,0.38517915309446255,19,0.10526315789473684,64.63157894736842,0,0,0,1,0,0,438
158,1945,PhD,71604.0,0,0,2013-11-17,3,345,53,528,98,75,97,1,8,3,5,4,1,0,0,0,0,0,1,69,0,1196,0.28846153846153844,0.4414715719063545,17,0.47058823529411764,70.3529411764706,1,0,0,0,1,0,224
10281,1970,Graduation,64713.0,1,0,2014-02-07,11,180,60,241,13,54,54,2,5,5,7,4,0,0,0,0,0,0,1,44,1,602,0.29900332225913623,0.4003322259136213,19,0.2631578947368421,31.68421052631579,0,0,0,0,0,0,142
10701,1973,Graduation,65308.0,0,0,2013-09-11,60,713,0,264,120,80,34,1,7,8,12,4,0,0,1,1,0,0,0,41,0,1211,0.5887696118909992,0.2180016515276631,28,0.25,43.25,0,0,1,0,0,0,291
3334,1951,Graduation,94642.0,0,0,2014-02-12,35,879,143,797,106,143,143,0,5,7,9,1,0,0,1,1,0,0,0,63,0,2211,0.39755766621438265,0.36047037539574855,21,0.23809523809523808,105.28571428571429,0,0,1,0,0,0,137
221,1955,Graduation,48726.0,0,1,2013-04-27,90,138,3,38,4,0,59,3,3,2,4,6,0,0,0,0,0,0,0,59,1,242,0.5702479338842975,0.15702479338842976,12,0.25,20.166666666666668,0,0,1,0,0,0,428
7378,1981,Master,42021.0,1,0,2012-08-31,34,393,5,136,7,5,27,5,10,1,6,9,1,0,0,0,0,0,0,33,1,573,0.6858638743455497,0.23734729493891799,22,0.45454545454545453,26.045454545454547,1,0,0,0,1,0,667
5642,1979,Master,62499.0,1,0,2013-12-09,0,140,4,61,0,13,4,2,3,1,6,4,0,0,0,0,0,0,0,35,1,222,0.6306306306306306,0.2747747747747748,12,0.25,18.5,1,0,0,0,1,0,202
2936,1982,Master,23661.0,1,0,2013-12-04,46,18,0,4,0,0,1,1,1,0,3,7,0,0,0,0,0,0,0,32,1,23,0.782608695652174,0.17391304347826086,5,0.2,4.6,1,0,0,0,1,0,207
7872,1975,PhD,86836.0,0,0,2012-09-12,7,179,21,273,0,21,63,1,6,10,6,5,1,0,1,1,0,0,1,39,0,557,0.3213644524236984,0.49012567324955114,23,0.2608695652173913,24.217391304347824,1,0,1,0,0,0,655
4557,1970,Graduation,22070.0,1,0,2013-10-04,11,10,7,19,8,2,21,2,2,2,2,6,0,0,0,0,0,0,0,44,1,67,0.14925373134328357,0.2835820895522388,8,0.25,8.375,0,0,0,0,1,0,268
1945,1962,Graduation,71434.0,0,1,2013-09-18,4,711,36,217,172,96,168,3,7,4,7,4,0,1,0,1,0,0,0,52,1,1400,0.5078571428571429,0.155,21,0.3333333333333333,66.66666666666667,0,0,1,0,0,0,284
5221,1957,Graduation,52852.0,0,1,2012-12-01,93,714,8,99,11,0,47,4,10,7,5,8,1,0,0,0,0,0,0,57,1,879,0.8122866894197952,0.11262798634812286,26,0.38461538461538464,33.80769230769231,0,0,1,0,0,0,575
367,1978,2n Cycle,36550.0,1,0,2013-02-19,74,47,90,94,123,103,120,5,9,1,5,9,0,0,0,0,0,0,0,36,1,577,0.08145580589254767,0.16291161178509533,20,0.45,28.85,0,1,1,0,0,0,495
7165,1972,Graduation,64474.0,0,1,2013-10-22,59,381,35,172,56,86,93,2,8,2,10,5,0,0,0,0,0,0,0,42,1,823,0.4629404617253949,0.20899149453219928,22,0.36363636363636365,37.40909090909091,0,0,0,0,1,0,250
4673,1963,PhD,81300.0,0,1,2012-10-30,17,1004,12,145,32,12,36,3,10,3,5,5,0,0,0,1,0,0,1,51,1,1241,0.8090249798549557,0.1168412570507655,21,0.47619047619047616,59.095238095238095,1,0,1,0,0,0,607
6340,1985,Graduation,29938.0,1,0,2013-10-27,52,3,3,7,0,2,11,2,1,0,3,6,0,0,0,0,0,0,0,29,1,26,0.11538461538461539,0.2692307692307692,6,0.16666666666666666,4.333333333333333,0,0,0,1,0,0,245
2681,1984,2n Cycle,65370.0,0,0,2013-08-01,1,71,22,112,138,89,29,1,2,3,13,1,0,0,0,0,0,0,0,30,0,461,0.1540130151843818,0.24295010845986983,19,0.10526315789473684,24.263157894736842,0,1,1,0,0,0,332
4001,1946,PhD,64014.0,2,1,2014-06-10,56,406,0,30,0,0,8,7,8,2,5,7,0,0,0,1,0,0,0,68,3,444,0.9144144144144144,0.06756756756756757,22,0.36363636363636365,20.181818181818183,1,0,0,0,1,0,19
2230,1970,PhD,23626.0,1,0,2014-05-24,84,27,2,14,0,0,0,3,3,1,3,5,0,0,0,0,0,0,0,44,1,43,0.627906976744186,0.32558139534883723,10,0.3,4.3,1,0,1,0,0,0,36
3643,1974,Master,63206.0,0,0,2014-03-20,65,750,8,125,11,8,26,1,4,3,6,2,0,0,1,0,0,0,0,40,0,928,0.8081896551724138,0.13469827586206898,14,0.2857142857142857,66.28571428571429,1,0,1,0,0,0,101
7373,1952,PhD,46610.0,0,2,2012-10-29,8,96,12,96,33,22,43,6,4,1,6,6,0,0,0,0,0,0,1,62,2,302,0.31788079470198677,0.31788079470198677,17,0.23529411764705882,17.764705882352942,1,0,0,0,0,0,608
9150,1963,PhD,48918.0,1,1,2014-04-12,21,52,0,9,0,0,1,2,1,0,4,4,0,0,0,0,0,0,0,51,2,62,0.8387096774193549,0.14516129032258066,7,0.14285714285714285,8.857142857142858,1,0,0,1,0,0,78
5454,1979,Master,45057.0,1,0,2013-12-01,80,37,0,7,3,0,3,1,2,0,3,5,0,0,0,0,0,0,0,35,1,50,0.74,0.14,6,0.3333333333333333,8.333333333333334,1,0,1,0,0,0,210
2807,1969,Graduation,56796.0,0,1,2013-02-16,24,656,38,161,62,47,37,3,8,9,7,7,0,0,0,0,0,0,0,45,1,1001,0.6553446553446554,0.16083916083916083,27,0.2962962962962963,37.074074074074076,0,0,1,0,0,0,498
1463,1958,Graduation,45160.0,1,1,2014-03-29,9,8,2,5,3,0,3,1,1,0,2,7,0,0,0,0,0,0,0,56,2,21,0.38095238095238093,0.23809523809523808,4,0.25,5.25,0,0,0,1,0,0,92
3852,1961,Master,74881.0,1,1,2013-03-08,48,505,72,270,36,27,54,4,9,2,12,5,0,0,0,0,0,0,0,53,2,964,0.5238589211618258,0.2800829875518672,27,0.3333333333333333,35.7037037037037,1,0,0,0,1,0,478
1459,1966,PhD,69063.0,0,1,2012-11-07,16,666,35,124,69,8,26,1,5,3,5,3,0,0,0,0,0,0,0,48,1,928,0.7176724137931034,0.1336206896551724,14,0.35714285714285715,66.28571428571429,1,0,1,0,0,0,599
5524,1957,Graduation,58138.0,0,0,2012-09-04,58,635,88,546,172,88,88,3,8,10,4,7,0,0,0,0,0,0,1,57,0,1617,0.39270253555967843,0.33766233766233766,25,0.32,64.68,0,0,0,1,0,0,663
1215,1978,Graduation,70440.0,0,0,2013-10-08,49,690,117,499,76,102,88,1,5,10,7,3,0,0,0,1,0,0,0,36,0,1572,0.4389312977099237,0.31743002544529264,23,0.21739130434782608,68.34782608695652,0,0,0,0,1,0,264
4444,1972,Graduation,30023.0,1,0,2014-03-24,28,11,0,16,7,6,21,1,2,0,3,8,0,0,0,0,0,0,0,42,1,61,0.18032786885245902,0.26229508196721313,6,0.3333333333333333,10.166666666666666,0,0,1,0,0,0,97
1524,1983,2n Cycle,81698.0,0,0,2013-03-01,1,709,45,115,30,160,45,1,8,2,5,5,0,0,0,1,0,0,1,31,0,1104,0.6422101449275363,0.10416666666666667,16,0.5,69.0,0,1,0,1,0,0,485
1763,1988,Graduation,87679.0,0,0,2013-07-27,62,1259,172,815,97,148,33,1,7,11,10,4,1,0,1,1,0,0,1,26,0,2524,0.49881141045958793,0.32290015847860537,29,0.2413793103448276,87.03448275862068,0,0,0,0,1,0,337
5346,1973,2n Cycle,23559.0,1,0,2013-07-03,87,25,5,19,7,0,23,3,3,0,3,7,0,0,0,0,0,0,0,41,1,79,0.31645569620253167,0.24050632911392406,9,0.3333333333333333,8.777777777777779,0,1,1,0,0,0,361
10905,1955,Graduation,42586.0,1,1,2012-10-29,7,194,2,56,0,0,0,5,4,1,6,8,0,0,0,0,0,0,1,59,2,252,0.7698412698412699,0.2222222222222222,16,0.25,15.75,0,0,0,0,1,0,608
9596,1980,PhD,65295.0,0,0,2013-12-23,19,365,32,117,34,110,6,1,3,3,13,2,0,0,0,0,0,0,0,34,0,664,0.5496987951807228,0.17620481927710843,20,0.15,33.2,1,0,0,1,0,0,188
7433,1985,Graduation,29760.0,1,0,2012-08-29,87,64,4,68,7,5,17,4,3,1,4,8,0,0,0,0,0,0,0,29,1,165,0.3878787878787879,0.4121212121212121,12,0.25,13.75,0,0,0,1,0,0,669
966,1966,Graduation,44529.0,0,1,2013-07-05,98,538,13,91,17,6,26,6,6,2,11,5,0,1,0,0,0,0,0,48,1,691,0.7785817655571635,0.1316931982633864,25,0.24,27.64,0,0,1,0,0,0,359
2371,1972,Graduation,33622.0,1,1,2013-04-13,22,39,1,22,3,4,12,3,2,0,4,7,0,0,0,0,0,0,0,42,2,81,0.48148148148148145,0.2716049382716049,9,0.2222222222222222,9.0,0,0,1,0,0,0,442
2849,1979,Graduation,60474.0,0,1,2013-04-01,25,265,199,303,234,9,170,7,10,2,12,7,0,0,0,0,0,0,0,35,1,1180,0.2245762711864407,0.25677966101694916,31,0.3225806451612903,38.064516129032256,0,0,0,1,0,0,454
879,1976,Master,49681.0,0,2,2013-11-04,66,411,0,26,0,0,21,6,7,1,7,7,0,0,0,0,0,0,0,38,2,458,0.8973799126637555,0.056768558951965066,21,0.3333333333333333,21.80952380952381,1,0,1,0,0,0,237
6250,1949,PhD,54356.0,0,1,2012-11-19,62,710,15,30,20,0,0,3,11,2,8,8,0,0,0,0,0,0,1,65,1,775,0.9161290322580645,0.03870967741935484,24,0.4583333333333333,32.291666666666664,1,0,0,0,0,1,587
78,1969,Graduation,25293.0,1,0,2013-09-15,51,15,0,11,0,2,9,1,1,1,2,8,0,0,0,0,0,0,0,45,1,37,0.40540540540540543,0.2972972972972973,5,0.2,7.4,0,0,1,0,0,0,287
8890,1971,PhD,65808.0,1,1,2014-05-30,1,155,7,80,13,7,10,3,5,1,5,6,0,0,0,0,0,0,0,43,2,272,0.5698529411764706,0.29411764705882354,14,0.35714285714285715,19.428571428571427,1,0,0,0,0,0,30
6202,1960,Graduation,63381.0,0,1,2012-10-05,78,571,50,142,33,50,159,4,4,5,13,2,0,0,0,0,0,0,0,54,1,1005,0.5681592039800994,0.14129353233830846,26,0.15384615384615385,38.65384615384615,0,0,0,0,1,0,632
4608,1987,Graduation,81361.0,0,0,2014-02-25,18,163,23,424,27,65,76,1,3,10,13,1,0,0,0,0,0,0,1,27,0,778,0.2095115681233933,0.5449871465295629,27,0.1111111111111111,28.814814814814813,0,0,0,0,0,0,124
5209,1954,Graduation,50002.0,0,1,2013-06-17,21,443,5,71,21,16,82,2,8,2,7,7,0,0,0,0,0,0,0,60,1,638,0.6943573667711599,0.11128526645768025,19,0.42105263157894735,33.578947368421055,0,0,0,0,0,0,377
8908,1959,Graduation,87195.0,0,0,2014-05-08,35,217,76,690,50,26,38,1,3,11,5,1,0,0,0,0,0,0,1,55,0,1097,0.19781221513217867,0.6289881494986327,20,0.15,54.85,0,0,1,0,0,0,52
143,1970,Graduation,61209.0,0,0,2013-08-25,73,466,0,224,119,49,99,1,5,3,4,2,0,0,0,0,0,0,0,44,0,957,0.48693834900731453,0.23406478578892373,13,0.38461538461538464,73.61538461538461,0,0,0,1,0,0,308
24,1960,Master,17144.0,1,1,2014-02-15,96,18,2,19,0,2,6,5,3,0,4,7,0,0,0,0,0,0,0,54,2,47,0.3829787234042553,0.40425531914893614,12,0.25,3.9166666666666665,1,0,0,0,1,0,134
6646,1984,Graduation,16529.0,1,0,2014-03-01,23,3,0,5,13,0,1,1,1,0,3,6,0,0,0,0,0,0,0,30,1,22,0.13636363636363635,0.22727272727272727,5,0.2,4.4,0,0,0,0,1,0,120
7718,1947,Master,66000.0,0,0,2014-04-20,36,244,51,270,101,0,45,1,1,3,5,1,0,0,0,0,0,0,0,67,0,711,0.3431786216596343,0.379746835443038,10,0.1,71.1,1,0,0,0,1,0,70
1012,1952,Graduation,61823.0,0,1,2013-02-18,26,523,7,134,37,14,169,4,8,2,10,7,0,0,0,0,0,0,0,62,1,884,0.5916289592760181,0.1515837104072398,24,0.3333333333333333,36.833333333333336,0,0,0,1,0,0,496
5758,1982,Graduation,65169.0,0,0,2014-01-14,23,1074,0,69,0,0,46,1,10,4,13,6,1,0,1,1,1,0,1,32,0,1189,0.9032800672834315,0.05803195962994113,28,0.35714285714285715,42.464285714285715,0,0,1,0,0,0,166
1456,1979,Graduation,60474.0,0,1,2013-04-01,25,265,199,303,234,9,170,7,10,2,12,7,0,0,0,0,0,0,0,35,1,1180,0.2245762711864407,0.25677966101694916,31,0.3225806451612903,38.064516129032256,0,0,0,1,0,0,454
13,1947,PhD,25358.0,0,1,2013-07-22,57,19,0,5,0,0,8,2,1,0,3,6,0,0,0,0,0,0,0,67,1,32,0.59375,0.15625,6,0.16666666666666666,5.333333333333333,1,0,0,0,0,1,342
3910,1975,Graduation,83829.0,0,0,2013-10-08,78,897,161,430,186,161,27,0,4,7,6,1,1,0,1,1,0,0,1,39,0,1862,0.4817400644468314,0.23093447905477982,17,0.23529411764705882,109.52941176470588,0,0,0,0,0,0,264
7079,1962,Graduation,63887.0,0,1,2012-09-08,38,897,23,207,15,11,92,5,9,6,12,6,0,0,0,0,0,0,0,52,1,1245,0.7204819277108434,0.16626506024096385,32,0.28125,38.90625,0,0,0,0,0,0,659
9949,1976,Graduation,59809.0,0,2,2012-10-18,36,598,16,141,32,41,49,3,3,3,6,8,0,0,0,0,0,0,0,38,2,877,0.6818700114025086,0.16077537058152794,15,0.2,58.46666666666667,0,0,1,0,0,0,619
1833,1974,PhD,39190.0,1,0,2014-04-26,91,68,8,18,19,8,12,2,2,1,4,5,0,0,0,0,0,0,0,40,1,133,0.5112781954887218,0.13533834586466165,9,0.2222222222222222,14.777777777777779,1,0,0,1,0,0,64
1726,1970,Graduation,22585.0,0,0,2013-03-18,23,3,9,15,13,2,39,1,1,1,2,9,1,0,0,0,0,0,1,44,0,81,0.037037037037037035,0.18518518518518517,5,0.2,16.2,0,0,0,1,0,0,468
263,1945,PhD,45576.0,0,0,2014-05-28,9,56,19,29,2,14,25,1,3,1,3,8,0,0,0,0,0,0,1,69,0,145,0.38620689655172413,0.2,8,0.375,18.125,1,0,0,1,0,0,32
4961,1974,Master,21255.0,1,0,2014-01-21,56,29,0,25,2,2,3,4,2,1,4,4,0,0,0,0,0,0,0,40,1,61,0.47540983606557374,0.4098360655737705,11,0.18181818181818182,5.545454545454546,1,0,0,0,1,0,159
1100,1960,Master,41275.0,1,2,2014-03-24,33,24,4,22,0,2,9,4,3,1,3,5,0,0,0,0,0,0,0,54,3,61,0.39344262295081966,0.36065573770491804,11,0.2727272727272727,5.545454545454546,1,0,0,0,1,0,97
9860,1959,Graduation,44911.0,0,1,2013-03-15,11,159,0,22,2,1,31,3,4,1,4,7,0,0,0,0,0,0,0,55,1,215,0.7395348837209302,0.10232558139534884,12,0.3333333333333333,17.916666666666668,0,0,0,0,1,0,471
10637,1964,Graduation,40800.0,1,2,2013-01-01,77,24,0,27,8,30,10,2,3,0,3,7,0,0,0,0,0,1,0,50,3,99,0.24242424242424243,0.2727272727272727,8,0.375,12.375,0,0,1,0,0,0,544
5429,1948,PhD,45579.0,0,1,2013-08-20,10,145,1,33,2,1,1,1,4,1,4,6,0,0,0,0,0,0,0,66,1,183,0.7923497267759563,0.18032786885245902,10,0.4,18.3,1,0,1,0,0,0,313
8925,1965,Master,70053.0,0,1,2013-07-03,38,512,53,98,81,179,89,3,8,5,10,5,0,0,0,0,0,0,0,49,1,1012,0.5059288537549407,0.09683794466403162,26,0.3076923076923077,38.92307692307692,1,0,1,0,0,0,361
5636,1963,Graduation,30983.0,0,0,2012-11-09,50,51,4,50,12,1,49,1,4,0,3,8,0,0,0,0,0,0,1,51,0,167,0.30538922155688625,0.2994011976047904,8,0.5,20.875,0,0,0,1,0,0,597
5899,1950,PhD,5648.0,1,1,2014-03-13,68,28,0,6,1,1,13,1,1,0,0,20,1,0,0,0,0,0,0,64,2,49,0.5714285714285714,0.12244897959183673,2,0.5,24.5,1,0,0,0,1,0,108
6471,1971,Master,36230.0,1,0,2013-10-17,17,14,2,30,8,2,3,1,2,0,4,5,0,0,0,0,0,0,0,43,1,59,0.23728813559322035,0.5084745762711864,7,0.2857142857142857,8.428571428571429,1,0,0,1,0,0,255
1272,1965,Master,55250.0,0,1,2012-10-21,49,664,58,83,32,0,66,4,7,5,10,5,0,0,0,0,0,0,0,49,1,903,0.7353266888150609,0.09191583610188261,26,0.2692307692307692,34.73076923076923,1,0,0,1,0,0,616
3406,1964,Graduation,45989.0,0,1,2012-10-22,97,138,33,87,28,24,12,4,3,2,7,3,0,0,0,0,0,0,0,50,1,322,0.42857142857142855,0.2701863354037267,16,0.1875,20.125,0,0,0,1,0,0,615
4597,1970,PhD,82072.0,0,0,2013-07-02,67,889,55,685,168,92,129,1,3,2,13,1,0,0,0,0,0,0,0,44,0,2018,0.4405351833498513,0.33944499504459863,19,0.15789473684210525,106.21052631578948,1,0,0,0,1,0,362
2669,1993,Graduation,74293.0,0,0,2014-05-04,66,375,152,335,93,91,81,1,5,4,6,2,0,0,0,0,0,0,0,21,0,1127,0.33274179236912155,0.2972493345164153,16,0.3125,70.4375,0,0,0,1,0,0,56
11092,1961,Graduation,27116.0,1,1,2014-03-02,78,12,1,21,2,2,3,2,2,0,3,7,0,0,0,0,0,0,0,53,2,41,0.2926829268292683,0.5121951219512195,7,0.2857142857142857,5.857142857142857,0,0,1,0,0,0,119
4654,1992,Graduation,75114.0,0,0,2013-11-07,40,571,12,523,63,60,24,1,3,10,5,2,0,0,0,0,0,0,0,22,0,1253,0.45570630486831604,0.41739824421388666,19,0.15789473684210525,65.94736842105263,0,0,0,0,1,0,234
3139,1982,2n Cycle,74116.0,0,0,2013-12-30,53,871,111,704,145,55,166,1,4,4,10,2,0,1,0,0,0,0,0,32,0,2052,0.4244639376218324,0.34307992202729043,19,0.21052631578947367,108.0,0,1,0,1,0,0,181
7723,1979,Graduation,75507.0,0,0,2014-05-02,56,709,93,374,104,80,80,1,8,6,6,3,0,0,0,0,0,0,0,35,0,1440,0.49236111111111114,0.25972222222222224,21,0.38095238095238093,68.57142857142857,0,0,0,0,1,0,58
3422,1975,Graduation,76068.0,0,1,2012-11-29,67,1115,12,128,33,12,76,1,2,3,4,6,0,1,0,0,1,0,0,39,1,1376,0.8103197674418605,0.09302325581395349,10,0.2,137.6,0,0,1,0,0,0,577
7059,1963,Graduation,80124.0,0,0,2014-06-26,47,483,84,398,205,84,241,1,3,7,8,1,1,0,0,0,0,0,0,51,0,1495,0.3230769230769231,0.2662207357859532,19,0.15789473684210525,78.6842105263158,0,0,1,0,0,0,3
6365,1987,2n Cycle,30390.0,0,0,2013-09-02,5,10,12,12,25,1,20,1,2,0,3,6,0,0,0,0,0,0,0,27,0,80,0.125,0.15,6,0.3333333333333333,13.333333333333334,0,1,1,0,0,0,300
7736,1986,Graduation,22518.0,1,0,2012-10-22,36,11,7,12,2,2,27,2,2,1,2,5,1,0,0,0,0,0,1,28,1,61,0.18032786885245902,0.19672131147540983,7,0.2857142857142857,8.714285714285714,0,0,1,0,0,0,615
3363,1974,2n Cycle,20130.0,0,0,2014-03-17,99,0,6,3,7,6,12,1,1,0,3,8,0,0,0,0,0,0,0,40,0,34,0.0,0.08823529411764706,5,0.2,6.8,0,1,1,0,0,0,104
3635,1962,PhD,52597.0,0,1,2014-05-07,69,492,0,37,7,0,42,3,6,3,8,5,0,0,0,0,0,0,0,52,1,578,0.8512110726643599,0.06401384083044982,20,0.3,28.9,1,0,0,1,0,0,53
10160,1956,Master,50943.0,0,1,2013-06-21,49,31,0,7,2,0,6,1,1,0,3,5,0,0,0,0,0,0,0,58,1,46,0.6739130434782609,0.15217391304347827,5,0.2,9.2,1,0,0,0,1,0,373
5237,1950,PhD,48767.0,1,2,2014-01-01,79,28,1,21,3,0,10,3,2,1,3,5,0,0,0,0,0,0,0,64,3,63,0.4444444444444444,0.3333333333333333,9,0.2222222222222222,7.0,1,0,0,1,0,0,179
8601,1980,Graduation,80011.0,0,1,2013-04-29,3,421,76,536,82,178,102,2,8,6,5,4,0,0,0,0,0,0,0,34,1,1395,0.3017921146953405,0.3842293906810036,21,0.38095238095238093,66.42857142857143,0,0,1,0,0,0,426
9353,1959,Graduation,62450.0,0,1,2014-01-06,61,515,47,267,62,66,38,2,5,5,4,3,0,1,0,0,0,0,0,55,1,995,0.5175879396984925,0.26834170854271355,16,0.3125,62.1875,0,0,0,1,0,0,174
10430,1973,Graduation,89694.0,1,1,2013-10-09,22,1126,28,211,37,28,42,3,4,3,4,5,0,1,1,1,0,0,0,41,2,1472,0.7649456521739131,0.14334239130434784,14,0.2857142857142857,105.14285714285714,0,0,0,0,0,0,263
5036,1984,PhD,42710.0,1,0,2012-11-28,38,252,3,42,4,3,102,2,4,5,3,6,0,0,0,0,0,0,0,30,1,406,0.6206896551724138,0.10344827586206896,14,0.2857142857142857,29.0,1,0,0,1,0,0,578
2995,1957,Master,66636.0,0,0,2013-08-17,64,291,10,689,84,10,0,1,3,4,9,1,0,0,0,0,0,0,0,57,0,1084,0.26845018450184505,0.6356088560885609,17,0.17647058823529413,63.76470588235294,1,0,0,0,1,0,316
873,1949,Master,62845.0,1,1,2012-10-01,3,1099,0,45,0,0,34,11,3,4,10,8,0,1,0,0,0,0,1,65,2,1178,0.932937181663837,0.038200339558573854,28,0.10714285714285714,42.07142857142857,1,0,1,0,0,0,636
9977,1973,Graduation,78901.0,0,1,2013-09-17,99,321,11,309,33,26,34,3,9,3,5,4,0,0,0,0,0,0,0,41,1,734,0.4373297002724796,0.4209809264305177,20,0.45,36.7,0,0,0,0,0,0,285
7349,1973,Basic,9722.0,1,0,2012-10-02,7,6,17,16,6,16,42,4,3,1,3,8,0,0,0,0,0,0,1,41,1,103,0.05825242718446602,0.1553398058252427,11,0.2727272727272727,9.363636363636363,0,1,0,0,1,0,635
10477,1973,PhD,39435.0,1,0,2013-08-06,16,71,0,18,0,0,13,1,3,1,2,7,0,0,0,0,0,0,0,41,1,102,0.696078431372549,0.17647058823529413,7,0.42857142857142855,14.571428571428571,1,0,0,0,1,0,327
4743,1969,PhD,56242.0,0,1,2013-03-03,72,689,8,167,11,8,88,5,8,4,11,6,0,0,0,0,0,0,0,45,1,971,0.709577754891864,0.17198764160659114,28,0.2857142857142857,34.67857142857143,1,0,1,0,0,0,483
7755,1954,PhD,57744.0,0,1,2013-11-12,91,350,3,39,0,0,19,2,9,1,4,8,0,0,0,0,0,0,0,60,1,411,0.851581508515815,0.0948905109489051,16,0.5625,25.6875,1,0,1,0,0,0,229
1020,1973,Graduation,79593.0,0,0,2014-05-12,70,350,60,568,110,133,145,1,5,6,7,2,0,0,1,0,0,0,0,41,0,1366,0.2562225475841874,0.4158125915080527,19,0.2631578947368421,71.89473684210526,0,0,1,0,0,0,48
10703,1975,Master,46098.0,1,1,2012-08-18,86,57,0,27,0,0,36,4,3,2,2,8,0,0,0,0,0,0,0,39,2,120,0.475,0.225,11,0.2727272727272727,10.909090909090908,1,0,0,1,0,0,680
9153,1964,PhD,59304.0,0,1,2013-07-29,81,418,61,428,80,51,10,3,7,8,10,5,0,0,0,0,0,0,0,50,1,1048,0.3988549618320611,0.4083969465648855,28,0.25,37.42857142857143,1,0,1,0,0,0,335
3388,1967,Graduation,70844.0,1,1,2013-10-30,16,129,26,67,3,67,2,5,6,1,5,7,0,0,0,0,0,0,0,47,2,294,0.4387755102040816,0.22789115646258504,17,0.35294117647058826,17.294117647058822,0,0,0,0,0,0,242
2186,1977,2n Cycle,82326.0,0,0,2014-03-10,30,938,142,754,159,81,183,1,5,10,6,2,0,1,1,1,0,0,1,37,0,2257,0.4155959237926451,0.33407177669472754,22,0.22727272727272727,102.5909090909091,0,1,0,0,1,0,111
7274,1957,Graduation,78618.0,0,0,2012-09-28,87,736,163,818,212,163,61,1,4,7,10,2,0,1,0,0,0,0,0,57,0,2153,0.341848583372039,0.3799349744542499,22,0.18181818181818182,97.86363636363636,0,0,1,0,0,0,639
10981,1988,Graduation,84219.0,0,0,2014-02-02,27,434,137,400,45,137,45,1,3,4,10,1,0,0,0,0,0,0,0,26,0,1198,0.3622704507512521,0.333889816360601,18,0.16666666666666666,66.55555555555556,0,0,1,0,0,0,147
1135,1960,Master,17144.0,1,1,2014-02-15,96,18,2,19,0,2,6,5,3,0,4,7,0,0,0,0,0,0,0,54,2,47,0.3829787234042553,0.40425531914893614,12,0.25,3.9166666666666665,1,0,0,0,1,0,134
6516,1989,Basic,17487.0,1,0,2013-03-18,37,0,0,1,7,4,6,1,1,0,2,7,0,0,0,0,0,0,0,25,1,18,0.0,0.05555555555555555,4,0.25,4.5,0,1,1,0,0,0,468
7912,1978,Graduation,38136.0,1,0,2013-04-22,69,8,15,27,0,20,33,2,3,1,2,8,1,0,0,0,0,0,0,36,1,103,0.07766990291262135,0.2621359223300971,8,0.375,12.875,0,0,1,0,0,0,433
6019,1971,PhD,37126.0,1,0,2014-03-30,9,45,3,9,4,4,7,1,1,2,2,6,1,0,0,0,0,0,1,43,1,72,0.625,0.125,6,0.16666666666666666,12.0,1,0,1,0,0,0,91
6357,1959,2n Cycle,59052.0,0,1,2013-11-17,29,230,35,75,63,57,31,3,7,1,7,5,0,0,0,0,0,0,0,55,1,491,0.4684317718940937,0.15274949083503056,18,0.3888888888888889,27.27777777777778,0,1,0,0,0,0,224
8486,1971,Master,30538.0,1,0,2012-10-01,27,284,0,52,8,3,20,4,9,0,4,10,0,0,0,0,0,0,0,43,1,367,0.773841961852861,0.14168937329700274,17,0.5294117647058824,21.58823529411765,1,0,0,0,1,0,636
9166,1968,Graduation,63967.0,0,1,2013-08-09,57,387,84,141,73,35,162,3,4,4,12,2,0,0,0,0,0,0,0,46,1,882,0.4387755102040816,0.1598639455782313,23,0.17391304347826086,38.34782608695652,0,0,1,0,0,0,324
9729,1955,Graduation,58275.0,1,1,2013-06-02,48,189,10,253,56,43,64,6,8,2,7,7,0,0,0,0,0,0,0,59,2,615,0.3073170731707317,0.4113821138211382,23,0.34782608695652173,26.73913043478261,0,0,0,0,0,1,392
9291,1959,Master,34242.0,0,1,2014-03-23,25,8,2,4,0,0,1,1,0,0,3,5,0,0,0,0,0,0,0,55,1,15,0.5333333333333333,0.26666666666666666,4,0.0,3.75,1,0,1,0,0,0,98
9298,1947,PhD,81574.0,0,0,2014-04-28,89,1252,0,465,46,35,0,1,4,5,8,1,0,1,1,0,0,0,0,67,0,1798,0.696329254727475,0.25862068965517243,18,0.2222222222222222,99.88888888888889,1,0,0,0,1,0,62
9467,1984,Graduation,34738.0,1,0,2014-05-11,51,3,2,10,3,0,2,1,1,0,3,6,0,0,0,0,0,0,0,30,1,20,0.15,0.5,5,0.2,4.0,0,0,0,1,0,0,49
5621,1969,Graduation,48752.0,1,1,2012-12-12,8,73,57,100,71,15,0,5,6,1,5,9,0,0,0,0,0,0,1,45,2,316,0.2310126582278481,0.31645569620253167,17,0.35294117647058826,18.58823529411765,0,0,1,0,0,0,564
8079,1982,Graduation,22448.0,1,0,2014-02-26,86,3,1,8,23,2,18,3,2,1,3,3,0,0,0,0,0,0,0,32,1,55,0.05454545454545454,0.14545454545454545,9,0.2222222222222222,6.111111111111111,0,0,1,0,0,0,123
5302,1986,Graduation,78394.0,0,0,2013-02-15,13,298,27,697,216,24,166,1,4,6,5,2,0,0,0,0,0,0,1,28,0,1428,0.20868347338935575,0.4880952380952381,16,0.25,89.25,0,0,0,0,1,0,499
8418,1958,2n Cycle,38741.0,1,1,2014-03-30,60,7,10,17,8,6,13,2,2,0,3,7,0,0,0,0,0,0,0,56,2,61,0.11475409836065574,0.2786885245901639,7,0.2857142857142857,8.714285714285714,0,1,0,1,0,0,91
7521,1952,Graduation,83844.0,0,0,2013-05-12,57,901,31,345,75,31,191,1,4,4,11,1,0,0,1,0,0,0,0,62,0,1574,0.5724269377382465,0.21918678526048285,20,0.2,78.7,0,0,0,0,1,0,413
3657,1986,Graduation,39146.0,1,0,2013-02-14,1,94,1,33,13,12,12,3,4,0,4,8,0,0,0,0,0,0,0,28,1,165,0.5696969696969697,0.2,11,0.36363636363636365,15.0,0,0,0,1,0,0,500
6653,1970,PhD,55158.0,1,1,2012-07-30,72,293,0,87,4,11,23,4,7,2,5,7,0,0,0,0,0,0,1,44,2,418,0.7009569377990431,0.20813397129186603,18,0.3888888888888889,23.22222222222222,1,0,1,0,0,0,699
1544,1967,Master,81380.0,0,0,2012-12-22,51,741,68,689,224,68,103,1,4,2,10,2,0,0,0,0,0,0,0,47,0,1893,0.39144215530903326,0.36397253037506605,17,0.23529411764705882,111.3529411764706,1,0,0,0,0,0,554
5079,1971,Graduation,50943.0,1,1,2013-03-03,82,71,1,16,0,0,9,4,2,1,3,8,0,0,0,0,0,0,0,43,2,97,0.7319587628865979,0.16494845360824742,10,0.2,9.7,0,0,1,0,0,0,483
286,1952,Graduation,44213.0,1,1,2013-11-29,48,95,11,35,0,4,7,4,2,1,5,6,0,0,0,0,0,0,0,62,2,152,0.625,0.23026315789473684,12,0.16666666666666666,12.666666666666666,0,0,0,1,0,0,212
8825,1962,Graduation,51195.0,1,1,2013-04-01,46,230,14,156,82,24,58,8,9,2,5,8,0,0,0,0,0,0,0,52,2,564,0.4078014184397163,0.2765957446808511,24,0.375,23.5,0,0,0,0,1,0,454
1618,1965,Graduation,56046.0,0,0,2013-01-02,9,577,0,64,0,0,51,2,10,1,8,8,1,0,0,0,0,0,1,49,0,692,0.8338150289017341,0.09248554913294797,21,0.47619047619047616,32.95238095238095,0,0,0,0,1,0,543
1604,1960,Master,47353.0,0,1,2013-11-13,93,184,2,19,8,8,4,3,2,2,6,5,0,0,0,0,0,0,0,54,1,225,0.8177777777777778,0.08444444444444445,13,0.15384615384615385,17.307692307692307,1,0,1,0,0,0,228
7462,1954,Graduation,22507.0,0,0,2012-11-24,67,68,0,226,51,157,68,3,10,2,4,9,0,0,0,0,0,0,0,60,0,570,0.11929824561403508,0.39649122807017545,19,0.5263157894736842,30.0,0,0,0,1,0,0,582
7476,1964,Master,63972.0,0,1,2012-12-02,93,928,63,254,0,12,12,4,5,4,10,4,0,1,0,0,0,0,0,50,1,1269,0.731284475965327,0.20015760441292357,23,0.21739130434782608,55.17391304347826,1,0,0,1,0,0,574
2920,1975,PhD,52614.0,0,1,2012-12-01,63,789,0,142,12,9,38,2,2,4,8,8,0,0,0,0,0,0,0,39,1,990,0.796969696969697,0.14343434343434344,16,0.125,61.875,1,0,0,1,0,0,575
3766,1959,Master,33051.0,0,0,2012-08-16,15,100,71,243,108,94,219,3,9,1,8,9,0,0,0,0,0,0,1,55,0,835,0.11976047904191617,0.29101796407185626,21,0.42857142857142855,39.76190476190476,1,0,0,0,0,1,682
7437,1988,Graduation,27938.0,1,0,2014-04-28,31,13,0,8,2,1,5,1,1,0,4,3,0,0,0,0,0,0,0,26,1,29,0.4482758620689655,0.27586206896551724,6,0.16666666666666666,4.833333333333333,0,0,0,1,0,0,62
1295,1963,Graduation,50943.0,0,1,2013-08-11,96,231,65,196,38,71,124,1,6,5,7,4,0,0,0,0,0,0,0,51,1,725,0.31862068965517243,0.27034482758620687,19,0.3157894736842105,38.1578947368421,0,0,1,0,0,0,322
8414,1962,PhD,33419.0,0,1,2013-08-17,76,56,0,12,0,0,18,2,2,0,4,7,0,0,0,0,0,0,0,52,1,86,0.6511627906976745,0.13953488372093023,8,0.25,10.75,1,0,0,1,0,0,316
1628,1971,Graduation,71796.0,0,0,2013-10-24,54,354,21,311,167,75,32,1,9,3,4,4,0,0,0,0,0,0,0,43,0,960,0.36875,0.32395833333333335,17,0.5294117647058824,56.470588235294116,0,0,0,0,1,0,248
538,1989,Graduation,46107.0,1,0,2014-02-10,78,31,9,27,16,9,33,1,1,1,4,3,0,0,0,0,0,0,0,25,1,125,0.248,0.216,7,0.14285714285714285,17.857142857142858,0,0,0,1,0,0,139
9499,1954,Graduation,93404.0,1,2,2013-05-07,97,1279,15,287,20,0,15,3,3,4,7,5,0,1,1,0,0,0,0,60,3,1616,0.7914603960396039,0.1775990099009901,17,0.17647058823529413,95.05882352941177,0,0,1,0,0,0,418
922,1979,2n Cycle,31086.0,1,1,2013-05-04,79,16,2,11,3,0,16,2,1,1,2,8,1,0,0,0,0,0,0,35,2,48,0.3333333333333333,0.22916666666666666,6,0.16666666666666666,8.0,0,1,1,0,0,0,421
5299,1970,PhD,69084.0,1,0,2013-11-19,43,1181,107,199,39,30,30,2,7,3,13,8,0,0,0,0,0,0,0,44,1,1586,0.744640605296343,0.12547288776796975,25,0.28,63.44,1,0,1,0,0,0,222
3745,1988,2n Cycle,23331.0,1,0,2012-09-04,92,5,36,7,0,10,45,2,3,0,3,8,0,0,0,0,0,0,0,26,1,103,0.04854368932038835,0.06796116504854369,8,0.375,12.875,0,1,1,0,0,0,663
8876,1963,PhD,33629.0,1,1,2012-08-08,49,132,0,16,0,0,4,5,3,1,4,9,0,0,0,0,0,0,0,51,2,152,0.868421052631579,0.10526315789473684,13,0.23076923076923078,11.692307692307692,1,0,0,0,1,0,690
6071,1989,Graduation,81217.0,0,0,2013-07-19,77,493,70,324,146,40,84,1,3,7,11,1,0,0,0,0,0,0,0,25,0,1157,0.4261019878997407,0.28003457216940364,22,0.13636363636363635,52.59090909090909,0,0,0,1,0,0,345
3661,1995,2n Cycle,80617.0,0,0,2012-10-12,42,594,51,631,72,55,32,1,4,6,8,2,0,0,0,0,0,0,0,19,0,1435,0.4139372822299652,0.4397212543554007,19,0.21052631578947367,75.52631578947368,0,1,0,1,0,0,625
2579,1957,Graduation,71113.0,0,1,2013-12-17,95,495,33,255,11,33,8,4,6,7,9,4,0,0,0,0,0,0,0,57,1,835,0.592814371257485,0.30538922155688625,26,0.23076923076923078,32.11538461538461,0,0,1,0,0,0,194
9799,1968,PhD,83664.0,1,1,2013-05-08,57,866,21,151,28,21,86,3,2,2,12,5,0,0,0,0,0,0,0,46,2,1173,0.7382779198635976,0.1287297527706735,19,0.10526315789473684,61.73684210526316,1,0,0,0,0,0,417
3628,1987,Basic,15038.0,1,0,2013-01-29,93,4,8,11,19,12,26,2,2,1,2,9,0,0,0,0,0,0,0,27,1,80,0.05,0.1375,7,0.2857142857142857,11.428571428571429,0,1,0,1,0,0,516
8702,1976,2n Cycle,26907.0,1,1,2013-08-20,10,9,1,7,0,3,2,2,1,0,3,7,0,0,0,0,0,0,0,38,2,22,0.4090909090909091,0.3181818181818182,6,0.16666666666666666,3.6666666666666665,0,1,0,0,1,0,313
5046,1958,Graduation,78331.0,0,1,2014-01-23,97,756,138,354,160,169,61,2,10,6,7,4,0,0,0,0,0,0,0,56,1,1638,0.46153846153846156,0.21611721611721613,25,0.4,65.52,0,0,0,0,0,0,157
8560,1992,Graduation,48789.0,0,0,2012-09-10,94,351,16,156,7,5,145,1,6,4,7,6,0,0,0,0,0,0,0,22,0,680,0.5161764705882353,0.22941176470588234,18,0.3333333333333333,37.77777777777778,0,0,0,1,0,0,657
11187,1978,Basic,26487.0,1,0,2013-05-20,23,2,8,10,12,14,23,3,2,1,3,5,0,0,0,0,0,0,0,36,1,69,0.028985507246376812,0.14492753623188406,9,0.2222222222222222,7.666666666666667,0,1,0,1,0,0,405
8970,1972,PhD,62010.0,0,1,2012-10-23,93,371,22,39,6,0,92,4,6,2,7,5,0,0,0,0,0,0,0,42,1,530,0.7,0.07358490566037736,19,0.3157894736842105,27.894736842105264,1,0,1,0,0,0,614
6977,1974,Graduation,75702.0,0,1,2012-10-14,87,1073,0,629,145,37,37,1,10,5,13,6,0,0,1,0,0,0,0,40,1,1921,0.5585632483081728,0.3274336283185841,29,0.3448275862068966,66.24137931034483,0,0,0,0,1,0,623
8895,1985,Graduation,70596.0,0,0,2012-10-05,68,347,44,534,17,0,26,1,3,5,12,2,0,0,0,0,0,0,0,29,0,968,0.3584710743801653,0.5516528925619835,21,0.14285714285714285,46.095238095238095,0,0,0,1,0,0,632
10858,1975,Graduation,76532.0,1,1,2013-09-09,38,355,30,177,90,138,30,4,9,5,7,5,0,0,0,0,0,0,0,39,2,820,0.4329268292682927,0.21585365853658536,25,0.36,32.8,0,0,0,0,1,0,293
5555,1975,Graduation,153924.0,0,0,2014-02-07,81,1,1,1,1,1,1,0,0,0,0,0,0,0,0,0,0,0,0,39,0,6,0.16666666666666666,0.16666666666666666,0,0.0,0.0,0,0,0,0,0,0,142
1349,1970,Graduation,50447.0,2,0,2014-04-21,4,85,7,24,2,3,27,1,3,1,3,6,0,0,0,0,0,0,0,44,2,148,0.5743243243243243,0.16216216216216217,8,0.375,18.5,0,0,1,0,0,0,69
4220,1970,PhD,59892.0,0,1,2013-11-02,26,73,0,13,0,1,0,1,2,1,3,3,0,0,0,0,0,0,0,44,1,87,0.8390804597701149,0.14942528735632185,7,0.2857142857142857,12.428571428571429,1,0,1,0,0,0,239
10710,1979,Graduation,7500.0,0,1,2012-08-29,61,5,2,3,3,0,5,1,1,0,2,8,0,0,0,0,0,0,0,35,1,18,0.2777777777777778,0.16666666666666666,4,0.25,4.5,0,0,1,0,0,0,669
8595,1973,Graduation,42429.0,0,1,2014-02-11,99,55,0,6,2,0,4,2,1,1,3,5,0,0,0,0,0,0,0,41,1,67,0.8208955223880597,0.08955223880597014,7,0.14285714285714285,9.571428571428571,0,0,0,0,0,1,138
4037,1976,Graduation,31859.0,1,0,2013-06-14,77,3,1,3,8,0,5,1,1,0,2,7,0,0,0,0,0,0,0,38,1,20,0.15,0.15,4,0.25,5.0,0,0,0,0,0,0,380
3619,1960,2n Cycle,87305.0,0,0,2012-09-23,19,345,25,501,63,138,80,1,5,3,8,2,0,0,1,0,0,0,1,54,0,1152,0.2994791666666667,0.4348958333333333,17,0.29411764705882354,67.76470588235294,0,1,0,0,0,0,644
8996,1957,PhD,50943.0,2,1,2012-11-19,4,230,42,192,49,37,53,12,7,2,8,9,0,0,0,0,0,0,0,57,3,603,0.3814262023217247,0.31840796019900497,29,0.2413793103448276,20.79310344827586,1,0,1,0,0,0,587
10573,1953,Graduation,62551.0,0,0,2013-11-18,27,125,16,98,134,21,27,1,6,7,4,3,1,0,0,0,0,0,0,61,0,421,0.29691211401425177,0.2327790973871734,18,0.3333333333333333,23.38888888888889,0,0,0,0,0,0,223
8955,1957,PhD,40451.0,0,2,2014-02-16,54,35,0,4,0,0,10,1,1,1,2,5,1,0,0,0,0,0,0,57,2,49,0.7142857142857143,0.08163265306122448,5,0.2,9.8,1,0,0,0,1,0,133
1446,1956,Master,86424.0,0,0,2014-04-05,12,387,68,569,89,45,68,1,6,9,12,1,0,0,0,0,0,0,0,58,0,1226,0.31566068515497553,0.4641109298531811,28,0.21428571428571427,43.785714285714285,1,0,0,1,0,0,85
255,1951,Graduation,22263.0,1,1,2014-03-30,31,17,0,2,0,0,2,2,1,0,3,6,0,0,0,0,0,1,0,63,2,21,0.8095238095238095,0.09523809523809523,6,0.16666666666666666,3.5,0,0,0,0,0,0,91
10509,1955,Master,36927.0,1,1,2014-06-02,46,51,0,16,0,0,4,2,3,0,3,8,0,0,0,0,0,0,0,59,2,71,0.7183098591549296,0.22535211267605634,8,0.375,8.875,1,0,0,1,0,0,27
3266,1964,Graduation,42523.0,0,0,2014-04-23,96,14,36,11,3,26,35,1,1,1,4,2,0,0,0,0,0,0,0,50,0,125,0.112,0.088,7,0.14285714285714285,17.857142857142858,0,0,1,0,0,0,67
4790,1958,Graduation,79803.0,0,1,2014-06-02,54,574,8,216,21,16,33,1,4,3,5,1,0,0,0,0,0,0,0,56,1,868,0.6612903225806451,0.2488479262672811,13,0.3076923076923077,66.76923076923077,0,0,0,0,0,0,27
7959,1961,Graduation,79410.0,0,0,2014-05-29,19,658,80,483,123,13,13,1,3,2,5,1,0,0,0,0,0,0,0,53,0,1370,0.4802919708029197,0.35255474452554747,11,0.2727272727272727,124.54545454545455,0,0,1,0,0,0,31
839,1975,PhD,45503.0,1,0,2013-09-25,54,97,4,44,6,1,18,1,3,1,4,5,0,0,0,0,0,0,0,39,1,170,0.5705882352941176,0.25882352941176473,9,0.3333333333333333,18.88888888888889,1,0,1,0,0,0,277
10789,1964,PhD,45759.0,1,1,2013-02-23,13,42,1,18,3,0,4,2,2,0,3,7,0,0,0,0,0,0,0,50,2,68,0.6176470588235294,0.2647058823529412,7,0.2857142857142857,9.714285714285714,1,0,1,0,0,0,491
5232,1965,Graduation,69139.0,0,1,2014-01-27,23,86,12,75,33,15,6,1,4,1,5,4,0,0,0,0,0,0,0,49,1,227,0.3788546255506608,0.3303964757709251,11,0.36363636363636365,20.636363636363637,0,0,1,0,0,0,153
6036,1959,Master,89120.0,0,0,2014-03-17,78,1168,92,408,72,129,55,1,5,6,7,1,0,0,1,0,0,0,0,55,0,1924,0.6070686070686071,0.21205821205821207,19,0.2631578947368421,101.26315789473684,1,0,0,0,1,0,104
8151,1990,Basic,24279.0,0,0,2012-12-29,6,16,36,21,20,62,108,1,4,1,3,8,0,0,0,0,0,0,0,24,0,263,0.060836501901140684,0.07984790874524715,9,0.4444444444444444,29.22222222222222,0,1,1,0,0,0,547
1378,1972,2n Cycle,50334.0,0,1,2013-07-24,24,284,16,160,84,16,134,6,7,4,6,6,0,0,0,0,0,0,0,42,1,694,0.4092219020172911,0.23054755043227665,23,0.30434782608695654,30.17391304347826,0,1,0,0,1,0,340
8537,1949,Graduation,72643.0,0,0,2013-02-27,60,526,80,553,123,94,53,1,3,10,7,2,0,0,0,1,0,0,1,65,0,1429,0.36808957312806156,0.38698390482855144,21,0.14285714285714285,68.04761904761905,0,0,0,0,0,1,487
1998,1976,Graduation,37697.0,1,0,2014-02-07,82,34,6,21,11,4,8,1,2,1,3,6,0,0,0,0,0,0,0,38,1,84,0.40476190476190477,0.25,7,0.2857142857142857,12.0,0,0,0,1,0,0,142
11191,1986,Graduation,41411.0,0,0,2013-12-07,11,37,32,38,11,3,18,1,2,1,4,6,0,0,0,0,0,0,0,28,0,139,0.26618705035971224,0.2733812949640288,8,0.25,17.375,0,0,0,0,0,0,204
4102,1975,2n Cycle,37284.0,1,1,2013-03-29,46,11,1,2,2,1,6,1,0,0,3,6,0,0,0,0,0,0,0,39,2,23,0.4782608695652174,0.08695652173913043,4,0.0,5.75,0,1,1,0,0,0,457
8732,1969,Master,67369.0,0,1,2012-11-17,81,1298,0,70,37,14,42,4,7,4,10,4,0,1,1,0,0,0,1,45,1,1461,0.8884325804243669,0.04791238877481177,25,0.28,58.44,1,0,0,0,0,1,589
9422,1989,Graduation,38360.0,1,0,2013-05-31,26,36,2,42,20,21,10,2,2,1,4,3,0,0,0,0,0,0,0,25,1,131,0.2748091603053435,0.32061068702290074,9,0.2222222222222222,14.555555555555555,0,0,1,0,0,0,394
73,1953,PhD,51411.0,1,2,2013-05-26,81,14,0,3,0,0,1,1,0,0,3,5,0,0,0,0,0,0,0,61,3,18,0.7777777777777778,0.16666666666666666,4,0.0,4.5,1,0,0,1,0,0,399
10395,1986,Basic,8940.0,1,0,2012-08-22,25,1,45,3,4,6,42,3,3,1,3,8,0,0,0,0,0,0,0,28,1,101,0.009900990099009901,0.0297029702970297,10,0.3,10.1,0,1,0,1,0,0,676
3011,1965,Graduation,69139.0,0,1,2014-01-27,23,86,12,75,33,15,6,1,4,1,5,4,0,0,0,0,0,0,0,49,1,227,0.3788546255506608,0.3303964757709251,11,0.36363636363636365,20.636363636363637,0,0,1,0,0,0,153
796,1965,2n Cycle,60161.0,0,1,2012-10-23,17,584,44,212,46,8,177,3,11,4,8,8,0,0,0,0,0,0,0,49,1,1071,0.5452847805788982,0.19794584500466852,26,0.4230769230769231,41.19230769230769,0,1,0,0,0,0,614
6515,1977,Graduation,39771.0,1,0,2013-12-06,92,6,2,18,2,8,14,1,2,0,3,4,0,0,0,0,0,0,0,37,1,50,0.12,0.36,6,0.3333333333333333,8.333333333333334,0,0,0,0,1,0,205
8397,1951,Graduation,44689.0,1,1,2014-01-10,82,18,0,5,0,0,11,2,1,1,2,7,1,0,0,0,0,0,0,63,2,34,0.5294117647058824,0.14705882352941177,6,0.16666666666666666,5.666666666666667,0,0,1,0,0,0,170
3152,1957,Graduation,26091.0,1,1,2014-02-25,84,15,10,19,8,17,20,3,2,1,3,5,0,0,0,0,0,0,0,57,2,89,0.16853932584269662,0.21348314606741572,9,0.2222222222222222,9.88888888888889,0,0,0,0,1,0,124
5010,1988,Graduation,25008.0,1,0,2014-02-02,72,2,8,8,6,1,9,2,1,0,3,8,0,0,0,0,0,0,0,26,1,34,0.058823529411764705,0.23529411764705882,6,0.16666666666666666,5.666666666666667,0,0,0,1,0,0,147
837,1977,Graduation,54809.0,1,1,2013-09-11,0,63,6,57,13,13,22,4,2,1,5,4,0,0,0,0,0,0,0,37,2,174,0.3620689655172414,0.3275862068965517,12,0.16666666666666666,14.5,0,0,1,0,0,0,291
10212,1986,Master,42386.0,1,0,2013-01-13,43,65,4,16,0,4,11,1,3,0,3,8,0,0,0,0,0,0,0,28,1,100,0.65,0.16,7,0.42857142857142855,14.285714285714286,1,0,0,0,1,0,532
9094,1955,2n Cycle,62972.0,0,1,2012-08-03,39,313,15,47,20,0,192,2,7,4,3,6,0,0,0,0,0,0,1,59,1,587,0.5332197614991482,0.08006814310051108,16,0.4375,36.6875,0,1,1,0,0,0,695
5396,1988,Graduation,68487.0,0,0,2013-01-13,48,758,12,385,33,89,89,1,9,7,13,4,0,0,0,0,0,0,0,26,0,1366,0.554904831625183,0.28184480234260617,30,0.3,45.53333333333333,0,0,1,0,0,0,532
9308,1954,Graduation,62820.0,0,0,2013-05-11,51,398,61,265,138,61,53,1,3,4,6,1,0,0,0,0,0,0,0,60,0,976,0.4077868852459016,0.27151639344262296,14,0.21428571428571427,69.71428571428571,0,0,1,0,0,0,414
6605,1944,PhD,55614.0,0,0,2013-11-27,85,504,13,131,8,0,26,1,9,4,6,7,0,1,0,0,0,0,0,70,0,682,0.7390029325513197,0.19208211143695014,20,0.45,34.1,1,0,0,0,0,0,214
5748,1965,Graduation,59754.0,0,1,2012-12-01,96,115,27,44,4,146,139,3,5,2,6,5,0,0,0,0,0,0,1,49,1,475,0.24210526315789474,0.09263157894736843,16,0.3125,29.6875,0,0,1,0,0,0,575
5538,1975,Graduation,83829.0,0,0,2013-10-08,78,897,161,430,186,161,27,0,4,7,6,1,1,0,1,1,0,0,1,39,0,1862,0.4817400644468314,0.23093447905477982,17,0.23529411764705882,109.52941176470588,0,0,0,0,0,0,264
9503,1980,Graduation,28071.0,0,0,2012-08-29,65,39,33,130,41,26,44,2,5,1,5,8,0,0,0,0,0,0,0,34,0,313,0.12460063897763578,0.41533546325878595,13,0.38461538461538464,24.076923076923077,0,0,0,1,0,0,669
3710,1984,PhD,39684.0,1,0,2012-10-12,41,19,0,35,6,4,17,2,2,1,2,7,0,0,0,0,0,1,1,30,1,81,0.2345679012345679,0.43209876543209874,7,0.2857142857142857,11.571428571428571,1,0,0,1,0,0,625
3667,1969,Graduation,80952.0,0,0,2013-02-28,20,778,178,689,41,27,44,1,8,5,11,8,0,1,1,1,0,0,1,45,0,1757,0.4428002276607854,0.39214570290267503,25,0.32,70.28,0,0,1,0,0,0,486
55,1963,Graduation,56253.0,0,1,2012-12-07,83,509,0,65,7,11,5,4,7,2,9,6,0,0,0,0,0,0,0,51,1,597,0.8525963149078727,0.10887772194304858,22,0.3181818181818182,27.136363636363637,0,0,0,0,1,0,569
89,1975,2n Cycle,22212.0,1,0,2013-12-09,49,5,9,20,6,8,21,2,2,0,4,6,0,0,0,0,0,0,0,39,1,69,0.07246376811594203,0.2898550724637681,8,0.25,8.625,0,1,1,0,0,0,202
7875,1949,Graduation,72025.0,0,0,2014-04-29,46,967,0,617,43,50,0,1,4,8,13,2,0,1,1,1,0,0,1,65,0,1677,0.5766249254621347,0.36791890280262374,26,0.15384615384615385,64.5,0,0,1,0,0,0,61
8080,1986,Graduation,26816.0,0,0,2012-08-17,50,5,1,6,3,4,3,1,0,0,3,4,0,0,0,0,0,0,0,28,0,22,0.22727272727272727,0.2727272727272727,4,0.0,5.5,0,0,0,1,0,0,681
5370,1973,PhD,32644.0,1,0,2013-01-16,38,239,3,141,0,7,23,4,7,1,6,8,1,0,0,0,0,0,0,41,1,413,0.5786924939467313,0.3414043583535109,18,0.3888888888888889,22.944444444444443,1,0,1,0,0,0,529
640,1951,Graduation,57304.0,0,1,2013-03-11,61,356,80,329,138,17,106,2,7,6,10,5,0,0,0,0,0,0,0,63,1,1026,0.3469785575048733,0.3206627680311891,25,0.28,41.04,0,0,1,0,0,0,475
2831,1976,Graduation,78416.0,0,1,2014-06-27,99,453,38,279,188,38,183,2,7,7,10,3,0,0,0,0,0,0,0,38,1,1179,0.3842239185750636,0.2366412213740458,26,0.2692307692307692,45.34615384615385,0,0,0,0,1,0,2
5847,1969,Graduation,69901.0,0,1,2013-05-29,95,312,21,206,102,92,149,3,7,3,10,5,0,0,0,0,0,0,0,45,1,882,0.35374149659863946,0.23356009070294784,23,0.30434782608695654,38.34782608695652,0,0,0,0,0,0,396
8212,1971,Master,39791.0,0,1,2013-03-28,89,85,15,27,13,13,21,2,3,1,4,7,0,0,0,0,0,0,0,43,1,174,0.4885057471264368,0.15517241379310345,10,0.3,17.4,1,0,1,0,0,0,458
1204,1970,PhD,67536.0,0,1,2013-05-22,45,1253,0,447,23,71,35,3,11,5,11,8,0,0,0,1,0,0,0,44,1,1829,0.6850738108255877,0.24439584472389284,30,0.36666666666666664,60.96666666666667,1,0,1,0,0,0,403
2324,1972,Graduation,77044.0,0,1,2013-10-27,12,625,38,242,50,34,76,2,7,11,11,4,1,0,0,0,0,0,0,42,1,1065,0.5868544600938967,0.2272300469483568,31,0.22580645161290322,34.354838709677416,0,0,0,0,1,0,245
4817,1956,Graduation,22304.0,0,0,2012-08-04,91,3,2,7,0,4,2,1,1,0,2,8,0,0,0,0,0,0,0,58,0,18,0.16666666666666666,0.3888888888888889,4,0.25,4.5,0,0,0,0,0,0,694
3629,1978,Graduation,38557.0,1,0,2012-12-19,17,76,3,31,4,4,27,2,3,1,3,7,0,0,0,0,0,0,0,36,1,145,0.5241379310344828,0.21379310344827587,9,0.3333333333333333,16.11111111111111,0,0,0,1,0,0,557
2747,1988,PhD,67546.0,0,0,2012-08-31,90,864,134,768,150,38,172,1,4,10,5,3,0,0,0,0,0,0,0,26,0,2126,0.4063969896519285,0.36124176857949203,20,0.2,106.3,1,0,1,0,0,0,667
3526,1968,PhD,38443.0,1,1,2014-01-27,58,32,0,5,0,0,1,2,1,0,3,7,0,0,0,0,0,0,0,46,2,38,0.8421052631578947,0.13157894736842105,6,0.16666666666666666,6.333333333333333,1,0,1,0,0,0,153
193,1996,Basic,14421.0,0,0,2014-02-17,81,0,0,2,3,3,8,1,1,0,2,5,1,0,0,0,0,0,0,18,0,16,0.0,0.125,4,0.25,4.0,0,1,1,0,0,0,132
10669,1981,Graduation,54386.0,0,1,2013-05-17,8,277,21,64,62,21,25,2,3,2,10,3,0,0,0,0,0,0,0,33,1,470,0.5893617021276596,0.13617021276595745,17,0.17647058823529413,27.647058823529413,0,0,1,0,0,0,408
5185,1955,Graduation,74268.0,0,0,2013-02-14,83,199,66,315,97,174,41,1,4,3,5,2,0,0,0,0,0,0,0,59,0,892,0.22309417040358745,0.3531390134529148,13,0.3076923076923077,68.61538461538461,0,0,1,0,0,0,500
486,1988,Graduation,84219.0,0,0,2014-02-02,27,434,137,400,45,137,45,1,3,4,10,1,0,0,0,0,0,0,0,26,0,1198,0.3622704507512521,0.333889816360601,18,0.16666666666666666,66.55555555555556,0,0,1,0,0,0,147
10770,1959,Graduation,65492.0,0,0,2014-01-26,73,247,161,295,210,85,47,2,4,7,13,2,0,0,0,0,0,0,0,55,0,1045,0.23636363636363636,0.2822966507177033,26,0.15384615384615385,40.19230769230769,0,0,1,0,0,0,154
9960,1991,Basic,26868.0,1,0,2014-04-30,52,0,0,1,8,3,2,1,1,0,2,7,0,0,0,0,0,0,0,23,1,14,0.0,0.07142857142857142,4,0.25,3.5,0,1,0,1,0,0,60
7574,1979,PhD,27922.0,1,0,2014-05-10,80,11,0,13,2,4,11,1,2,0,3,4,0,0,0,0,0,0,0,35,1,41,0.2682926829268293,0.3170731707317073,6,0.3333333333333333,6.833333333333333,1,0,0,0,1,0,50
9725,1966,PhD,28764.0,1,1,2014-06-05,16,8,0,3,0,0,1,1,1,0,2,8,1,0,0,0,0,0,0,48,2,12,0.6666666666666666,0.25,4,0.25,3.0,1,0,0,0,1,0,24
10790,1985,PhD,18169.0,1,0,2013-02-19,40,9,0,5,0,0,7,1,1,0,2,8,0,0,0,0,0,0,0,29,1,21,0.42857142857142855,0.23809523809523808,4,0.25,5.25,1,0,1,0,0,0,495
1170,1975,Graduation,27573.0,1,0,2013-03-25,45,50,15,110,39,15,15,4,5,1,4,8,0,0,0,0,0,0,0,39,1,244,0.20491803278688525,0.45081967213114754,14,0.35714285714285715,17.428571428571427,0,0,1,0,0,0,461
6200,1951,Graduation,75903.0,0,1,2013-04-08,50,340,108,185,130,38,100,2,6,6,9,3,0,0,0,0,0,0,0,63,1,901,0.37735849056603776,0.20532741398446172,23,0.2608695652173913,39.17391304347826,0,0,1,0,0,0,447
8086,1959,Graduation,42243.0,1,1,2013-12-11,34,48,0,2,0,0,5,2,2,0,3,7,0,0,0,0,0,0,0,55,2,55,0.8727272727272727,0.03636363636363636,7,0.2857142857142857,7.857142857142857,0,0,1,0,0,0,200
2079,1947,2n Cycle,81044.0,0,0,2013-12-27,0,450,26,535,73,98,26,1,5,6,10,1,0,0,0,0,0,0,0,67,0,1208,0.37251655629139074,0.44288079470198677,22,0.22727272727272727,54.90909090909091,0,1,1,0,0,0,184
9014,1975,Graduation,37085.0,1,1,2014-06-26,65,39,1,16,2,0,3,4,3,0,3,8,0,0,0,0,0,0,0,39,2,61,0.639344262295082,0.26229508196721313,10,0.3,6.1,0,0,1,0,0,0,3
3074,1984,PhD,70643.0,0,0,2012-10-15,66,1218,107,304,23,143,33,1,5,8,4,6,0,0,0,0,0,0,1,30,0,1828,0.6663019693654267,0.16630196936542668,18,0.2777777777777778,101.55555555555556,1,0,1,0,0,0,622
7186,1966,PhD,30843.0,1,1,2014-05-26,43,24,0,2,0,0,9,2,1,1,2,5,1,0,0,0,0,0,0,48,2,35,0.6857142857142857,0.05714285714285714,6,0.16666666666666666,5.833333333333333,1,0,0,0,1,0,34
4971,1962,PhD,31497.0,0,1,2012-12-06,22,108,1,28,13,1,4,2,3,1,4,8,0,0,0,0,0,0,0,52,1,155,0.6967741935483871,0.18064516129032257,10,0.3,15.5,1,0,0,0,1,0,570
618,1977,PhD,69389.0,0,1,2012-09-28,17,422,7,238,69,46,15,1,7,2,12,4,0,0,0,0,0,0,0,37,1,797,0.5294855708908407,0.2986198243412798,22,0.3181818181818182,36.22727272727273,1,0,1,0,0,0,639
6255,1952,Master,70545.0,0,1,2014-06-03,29,138,39,63,55,18,21,1,4,1,7,2,0,0,0,0,0,0,0,62,1,334,0.41317365269461076,0.18862275449101795,13,0.3076923076923077,25.692307692307693,1,0,0,0,1,0,26
5114,1965,Master,74806.0,0,1,2012-12-19,1,670,9,249,0,28,9,2,5,4,5,4,0,0,0,0,0,0,0,49,1,965,0.694300518134715,0.25803108808290154,16,0.3125,60.3125,1,0,1,0,0,0,557
3225,1984,Master,42207.0,1,0,2013-04-01,71,116,11,72,3,17,46,4,4,1,5,6,1,0,0,0,0,0,1,30,1,265,0.4377358490566038,0.27169811320754716,14,0.2857142857142857,18.928571428571427,1,0,1,0,0,0,454
1225,1963,Graduation,80124.0,0,0,2014-06-26,47,483,84,398,205,84,241,1,3,7,8,1,1,0,0,0,0,0,0,51,0,1495,0.3230769230769231,0.2662207357859532,19,0.15789473684210525,78.6842105263158,0,0,1,0,0,0,3
5846,1977,Graduation,40246.0,1,0,2012-12-19,68,2,1,6,2,1,1,1,1,0,2,6,0,0,0,0,0,0,0,37,1,13,0.15384615384615385,0.46153846153846156,4,0.25,3.25,0,0,0,0,0,0,557
8625,1976,Graduation,17649.0,1,0,2013-11-12,70,15,1,23,0,5,1,3,3,0,3,8,0,0,0,0,0,0,0,38,1,45,0.3333333333333333,0.5111111111111111,9,0.3333333333333333,5.0,0,0,1,0,0,0,229
1137,1964,Graduation,81246.0,0,0,2013-12-29,87,398,190,537,61,156,37,1,4,5,7,1,1,0,0,1,0,0,0,50,0,1379,0.2886149383611313,0.38941261783901376,17,0.23529411764705882,81.11764705882354,0,0,0,1,0,0,182
798,1987,Graduation,23442.0,1,0,2012-12-24,71,2,0,6,8,6,5,1,1,0,3,7,0,0,0,0,0,0,0,27,1,27,0.07407407407407407,0.2222222222222222,5,0.2,5.4,0,0,0,1,0,0,552
3524,1971,Master,39763.0,1,0,2013-08-04,9,80,1,60,4,6,16,2,5,1,2,9,0,0,0,0,0,0,1,43,1,167,0.47904191616766467,0.3592814371257485,10,0.5,16.7,1,0,0,1,0,0,329
10314,1948,PhD,83837.0,0,0,2012-12-16,79,847,66,119,86,89,111,1,9,10,5,4,0,1,0,1,0,0,1,66,0,1318,0.6426403641881638,0.09028831562974203,25,0.36,52.72,1,0,1,0,0,0,560
5985,1965,Master,33168.0,0,1,2012-10-13,0,80,1,37,0,1,3,3,2,1,4,7,0,0,0,0,0,0,0,49,1,122,0.6557377049180327,0.30327868852459017,10,0.2,12.2,1,0,0,1,0,0,624
3107,1976,Graduation,71322.0,0,1,2014-05-02,31,121,24,124,24,15,42,1,4,1,7,2,0,0,0,0,0,0,0,38,1,350,0.3457142857142857,0.35428571428571426,13,0.3076923076923077,26.923076923076923,0,0,0,0,1,0,58
4055,1992,Basic,18746.0,1,0,2014-05-29,41,2,10,11,12,9,20,2,3,0,3,6,0,0,0,0,0,0,0,22,1,64,0.03125,0.171875,8,0.375,8.0,0,1,0,1,0,0,31
1951,1981,Basic,34445.0,0,0,2013-01-27,92,228,122,122,208,129,30,6,11,2,8,9,0,0,0,0,0,0,0,33,0,839,0.27175208581644816,0.14541120381406436,27,0.4074074074074074,31.074074074074073,0,1,1,0,0,0,518
1891,1980,Master,78789.0,0,0,2012-08-08,12,667,50,850,21,83,83,1,4,6,5,2,0,0,0,0,0,0,1,34,0,1754,0.38027366020524517,0.4846066134549601,16,0.25,109.625,1,0,0,0,0,0,690
6919,1978,2n Cycle,26224.0,1,0,2013-06-04,39,4,7,15,13,9,15,3,2,1,3,6,0,0,0,0,0,0,0,36,1,63,0.06349206349206349,0.23809523809523808,9,0.2222222222222222,7.0,0,1,1,0,0,0,390
3076,1975,Graduation,66653.0,1,1,2012-09-07,18,452,18,102,16,18,6,4,4,2,12,3,0,0,0,0,0,0,0,39,2,612,0.738562091503268,0.16666666666666666,22,0.18181818181818182,27.818181818181817,0,0,0,0,1,0,660
10641,1978,Graduation,7500.0,1,1,2012-12-27,5,6,5,4,13,4,25,4,2,1,3,6,0,0,0,0,0,0,0,36,2,57,0.10526315789473684,0.07017543859649122,10,0.2,5.7,0,0,0,1,0,0,549
4789,1953,Graduation,80812.0,0,0,2013-09-17,95,769,22,500,210,143,33,1,4,8,5,2,1,0,1,1,0,0,0,61,0,1677,0.45855694692904,0.2981514609421586,18,0.2222222222222222,93.16666666666667,0,0,0,0,1,0,285
3254,1971,Graduation,70886.0,1,0,2013-10-14,65,407,70,239,103,88,53,1,5,4,4,2,0,0,0,0,0,0,0,43,1,960,0.4239583333333333,0.24895833333333334,14,0.35714285714285715,68.57142857142857,0,0,1,0,0,0,258
6274,1948,Master,83790.0,0,0,2013-11-15,81,1076,16,417,42,48,16,1,8,10,6,3,0,1,1,0,0,0,0,66,0,1615,0.6662538699690402,0.2582043343653251,25,0.32,64.6,1,0,1,0,0,0,226
4669,1981,Basic,24480.0,1,0,2013-02-11,46,4,19,9,28,25,17,3,3,0,4,7,0,0,0,0,0,0,0,33,1,102,0.0392156862745098,0.08823529411764706,10,0.3,10.2,0,1,1,0,0,0,503
7725,1965,2n Cycle,76800.0,0,0,2014-03-08,33,173,26,255,35,71,81,1,4,4,7,1,0,0,0,0,0,0,0,49,0,641,0.2698907956318253,0.39781591263650545,16,0.25,40.0625,0,1,1,0,0,0,113
4405,1956,Master,63915.0,0,2,2013-07-30,2,622,7,115,30,0,15,2,6,3,12,5,0,0,0,0,0,0,0,58,2,789,0.788339670468948,0.14575411913814956,23,0.2608695652173913,34.30434782608695,1,0,1,0,0,0,334
4339,1970,PhD,67353.0,0,1,2013-12-31,37,702,17,151,0,8,35,5,5,6,12,2,0,0,0,0,0,0,0,44,1,913,0.768893756845564,0.16538882803943045,28,0.17857142857142858,32.607142857142854,1,0,1,0,0,0,180
975,1956,Graduation,54252.0,1,1,2013-05-28,25,178,4,26,8,4,44,5,4,1,5,6,0,0,0,0,0,0,0,58,2,264,0.6742424242424242,0.09848484848484848,15,0.26666666666666666,17.6,0,0,0,1,0,0,397
10826,1959,Graduation,18690.0,0,0,2012-12-28,77,6,1,7,23,4,19,1,1,1,2,8,0,0,0,0,0,0,0,55,0,60,0.1,0.11666666666666667,5,0.2,12.0,0,0,1,0,0,0,548
10127,1965,Graduation,58692.0,0,1,2014-04-06,21,301,11,61,4,7,11,1,8,2,4,7,0,0,0,0,0,0,0,49,1,395,0.7620253164556962,0.15443037974683543,15,0.5333333333333333,26.333333333333332,0,0,1,0,0,0,84
5534,1975,Master,47808.0,0,1,2013-10-20,30,123,1,26,2,0,72,2,3,2,3,7,1,0,0,0,0,0,0,39,1,224,0.5491071428571429,0.11607142857142858,10,0.3,22.4,1,0,1,0,0,0,252
2166,1960,2n Cycle,46779.0,1,1,2013-07-12,55,12,1,3,0,0,7,1,0,1,2,4,0,0,0,0,0,0,0,54,2,23,0.5217391304347826,0.13043478260869565,4,0.0,5.75,0,1,0,0,0,1,352
8685,1977,Graduation,42014.0,1,0,2012-08-17,56,244,15,108,4,15,50,6,7,1,6,8,0,0,0,0,0,0,1,37,1,436,0.5596330275229358,0.24770642201834864,20,0.35,21.8,0,0,1,0,0,0,681
4369,1957,Master,65487.0,0,0,2014-01-10,48,240,67,500,199,0,163,3,3,5,6,2,0,0,0,0,0,0,0,57,0,1169,0.20530367835757057,0.42771599657827203,17,0.17647058823529413,68.76470588235294,1,0,0,1,0,0,170
7458,1956,Master,34941.0,1,1,2013-03-06,26,39,2,25,4,3,24,2,3,0,3,8,0,0,0,0,0,0,0,58,2,97,0.4020618556701031,0.25773195876288657,8,0.375,12.125,1,0,0,0,1,0,480
5602,1989,PhD,66973.0,0,0,2013-05-17,98,466,22,432,147,113,102,1,8,7,12,3,0,0,0,0,0,0,0,25,0,1282,0.36349453978159124,0.3369734789391576,28,0.2857142857142857,45.785714285714285,1,0,0,0,1,0,408
4487,1969,Master,39858.0,1,0,2013-01-24,67,15,20,25,2,7,26,1,2,0,4,6,0,0,0,0,0,0,1,45,1,95,0.15789473684210525,0.2631578947368421,7,0.2857142857142857,13.571428571428571,1,0,0,1,0,0,521
10648,1982,2n Cycle,66664.0,0,0,2012-09-25,78,398,96,447,220,96,32,1,5,7,6,3,0,0,0,0,0,0,0,32,0,1289,0.30876648564778897,0.3467804499612102,19,0.2631578947368421,67.84210526315789,0,1,0,0,1,0,642
5824,1972,PhD,34578.0,2,1,2014-04-11,1,7,0,1,0,0,0,1,1,0,2,6,0,0,0,0,0,0,0,42,3,8,0.875,0.125,4,0.25,2.0,1,0,0,0,1,0,79
8779,1985,2n Cycle,36145.0,1,0,2013-06-16,13,56,4,76,17,1,18,4,4,1,3,9,1,0,0,0,0,0,1,29,1,172,0.32558139534883723,0.4418604651162791,12,0.3333333333333333,14.333333333333334,0,1,1,0,0,0,378
7573,1978,PhD,31626.0,1,0,2013-05-10,12,39,1,9,2,1,34,1,2,1,2,7,1,0,0,0,0,0,1,36,1,86,0.45348837209302323,0.10465116279069768,6,0.3333333333333333,14.333333333333334,1,0,0,1,0,0,415
271,1969,Graduation,40590.0,1,1,2013-10-02,30,154,0,50,6,11,37,5,3,4,3,6,1,0,0,0,0,0,0,45,2,258,0.5968992248062015,0.1937984496124031,15,0.2,17.2,0,0,0,0,0,1,270
3009,1962,PhD,71670.0,0,0,2013-07-09,8,1462,16,128,0,0,160,1,5,3,6,6,0,1,1,0,1,0,1,52,0,1766,0.8278595696489242,0.072480181200453,15,0.3333333333333333,117.73333333333333,1,0,0,0,0,1,355
610,1953,PhD,53593.0,1,1,2012-08-07,60,349,4,78,6,0,43,8,7,2,6,8,0,0,0,0,0,0,0,61,2,480,0.7270833333333333,0.1625,23,0.30434782608695654,20.869565217391305,1,0,0,0,1,0,691
7042,1983,Graduation,36790.0,0,0,2013-03-01,14,3,3,14,15,21,10,1,2,1,2,9,0,0,0,0,0,0,1,31,0,66,0.045454545454545456,0.21212121212121213,6,0.3333333333333333,11.0,0,0,1,0,0,0,485
2534,1953,Graduation,37716.0,0,1,2014-04-21,4,97,1,41,6,2,41,2,4,1,3,7,0,0,0,0,0,0,0,61,1,188,0.5159574468085106,0.21808510638297873,10,0.4,18.8,0,0,1,0,0,0,69
7106,1943,PhD,75865.0,0,0,2014-03-31,73,483,0,591,156,0,12,1,3,5,10,1,0,0,0,0,0,0,0,71,0,1242,0.3888888888888889,0.4758454106280193,19,0.15789473684210525,65.36842105263158,1,0,1,0,0,0,90
10552,1979,2n Cycle,54210.0,0,1,2013-05-20,18,70,54,109,80,9,45,2,4,1,7,5,0,0,0,0,0,0,0,35,1,367,0.1907356948228883,0.2970027247956403,14,0.2857142857142857,26.214285714285715,0,1,1,0,0,0,405
3887,1970,Graduation,27242.0,1,0,2012-11-11,2,3,17,26,20,1,39,2,2,0,3,9,0,0,0,0,0,0,1,44,1,106,0.02830188679245283,0.24528301886792453,7,0.2857142857142857,15.142857142857142,0,0,0,1,0,0,595
10352,1963,Graduation,34213.0,1,1,2012-09-07,2,50,4,28,6,3,26,3,3,1,2,9,0,0,0,0,0,0,1,51,2,117,0.42735042735042733,0.23931623931623933,9,0.3333333333333333,13.0,0,0,0,0,0,1,660
7998,1958,Graduation,28087.0,1,1,2012-12-11,77,53,8,17,13,0,21,3,2,2,2,7,0,0,0,0,0,0,0,56,2,112,0.4732142857142857,0.15178571428571427,9,0.2222222222222222,12.444444444444445,0,0,0,0,1,0,565
2150,1958,PhD,80995.0,0,1,2013-05-11,83,860,28,409,73,56,56,1,8,9,4,4,0,0,0,0,0,0,0,56,1,1482,0.5802968960863698,0.2759784075573549,22,0.36363636363636365,67.36363636363636,1,0,0,0,0,1,414
5866,1974,Graduation,48186.0,1,0,2014-03-20,39,97,3,66,12,7,34,3,4,1,4,7,0,0,0,0,0,0,0,40,1,219,0.4429223744292237,0.3013698630136986,12,0.3333333333333333,18.25,0,0,0,0,1,0,101
10862,1960,Master,30522.0,0,1,2012-08-17,6,179,8,83,19,11,26,5,1,2,9,2,0,0,0,0,0,0,0,54,1,326,0.549079754601227,0.254601226993865,17,0.058823529411764705,19.176470588235293,1,0,1,0,0,0,681
9215,1980,PhD,43974.0,1,0,2012-12-12,19,378,0,101,0,0,72,5,6,4,6,7,0,0,0,0,0,0,0,34,1,551,0.6860254083484574,0.18330308529945555,21,0.2857142857142857,26.238095238095237,1,0,1,0,0,0,564
5929,1973,PhD,37401.0,1,0,2014-05-06,14,19,3,19,3,1,3,2,2,0,3,7,0,0,0,0,0,0,0,41,1,48,0.3958333333333333,0.3958333333333333,7,0.2857142857142857,6.857142857142857,1,0,1,0,0,0,54
8722,1957,2n Cycle,82347.0,0,0,2012-11-06,38,556,54,845,202,133,63,1,7,7,10,3,1,0,0,1,0,0,1,57,0,1853,0.30005396654074473,0.4560172692930383,25,0.28,74.12,0,1,1,0,0,0,600
9986,1982,Graduation,19444.0,1,0,2014-02-22,8,16,0,23,3,2,10,3,4,1,2,7,0,0,0,0,0,0,1,32,1,54,0.2962962962962963,0.42592592592592593,10,0.4,5.4,0,0,0,0,1,0,127
10995,1988,2n Cycle,15716.0,1,0,2012-11-12,8,16,5,30,8,7,26,3,3,0,4,8,0,0,0,0,0,1,0,26,1,92,0.17391304347826086,0.32608695652173914,10,0.3,9.2,0,1,1,0,0,0,594
8477,1956,Graduation,26150.0,2,1,2013-03-11,61,5,1,13,3,5,1,1,1,0,3,7,0,0,0,0,0,0,0,58,3,28,0.17857142857142858,0.4642857142857143,5,0.2,5.6,0,0,0,0,0,0,475
10722,1973,Graduation,55593.0,0,1,2013-08-21,63,293,8,124,11,4,106,2,6,6,3,6,1,0,0,0,0,0,0,41,1,546,0.5366300366300366,0.2271062271062271,17,0.35294117647058826,32.11764705882353,0,0,0,0,1,0,312
771,1967,Graduation,54178.0,0,1,2014-01-21,79,135,9,39,4,0,7,1,2,2,5,2,0,0,0,0,0,0,0,47,1,194,0.6958762886597938,0.20103092783505155,10,0.2,19.4,0,0,0,0,1,0,159
9477,1954,PhD,65324.0,0,1,2014-01-11,0,384,0,102,21,32,5,3,6,2,9,4,0,0,0,0,0,0,0,60,1,544,0.7058823529411765,0.1875,20,0.3,27.2,1,0,1,0,0,0,169
1630,1979,Graduation,61825.0,0,1,2013-08-07,56,162,50,100,55,30,27,1,4,2,8,4,0,0,0,0,0,0,0,35,1,424,0.38207547169811323,0.2358490566037736,15,0.26666666666666666,28.266666666666666,0,0,0,1,0,0,326
1839,1974,Graduation,43322.0,0,0,2014-04-21,25,56,7,48,10,2,18,1,3,0,4,7,0,0,0,0,0,0,0,40,0,141,0.3971631205673759,0.3404255319148936,8,0.375,17.625,0,0,0,1,0,0,69
4012,1972,PhD,62220.0,0,1,2012-08-11,55,799,12,375,16,12,12,5,7,6,5,6,0,0,0,0,0,0,1,42,1,1226,0.6517128874388255,0.30587275693311583,23,0.30434782608695654,53.30434782608695,1,0,0,0,1,0,687
10623,1961,Master,48330.0,0,1,2013-11-15,2,28,0,4,0,0,0,1,1,0,3,5,0,0,0,0,0,0,0,53,1,32,0.875,0.125,5,0.2,6.4,1,0,0,0,1,0,226
907,1975,Graduation,46149.0,0,1,2013-11-29,36,254,6,71,4,0,27,5,5,1,7,5,0,0,0,0,0,0,0,39,1,362,0.7016574585635359,0.19613259668508287,18,0.2777777777777778,20.11111111111111,0,0,1,0,0,0,212
4246,1982,Master,6560.0,0,0,2013-12-12,2,67,11,26,4,3,262,0,1,0,1,17,0,0,0,0,0,0,0,32,0,373,0.17962466487935658,0.06970509383378017,2,0.5,186.5,1,0,0,1,0,0,199
10207,1978,Graduation,22775.0,1,0,2013-06-19,40,5,1,8,0,0,1,1,1,0,2,8,0,0,0,0,0,0,0,36,1,15,0.3333333333333333,0.5333333333333333,4,0.25,3.75,0,0,0,0,1,0,375
387,1976,Basic,7500.0,0,0,2012-11-13,59,6,16,11,11,1,16,1,2,0,3,8,0,0,0,0,0,0,0,38,0,61,0.09836065573770492,0.18032786885245902,6,0.3333333333333333,10.166666666666666,0,1,1,0,0,0,593
8213,1980,2n Cycle,14515.0,1,0,2012-11-09,71,6,4,9,6,36,35,4,2,2,3,7,0,0,0,0,0,0,1,34,1,96,0.0625,0.09375,11,0.18181818181818182,8.727272727272727,0,1,0,0,1,0,597
10983,1952,Graduation,75278.0,0,0,2013-01-29,17,304,98,230,150,74,74,1,6,3,13,3,0,0,0,0,0,0,0,62,0,930,0.32688172043010755,0.24731182795698925,23,0.2608695652173913,40.43478260869565,0,0,0,0,1,0,516
1646,1972,Basic,25224.0,1,0,2014-03-16,36,4,9,12,11,2,8,2,1,1,3,3,0,0,0,0,0,0,0,42,1,46,0.08695652173913043,0.2608695652173913,7,0.14285714285714285,6.571428571428571,0,1,1,0,0,0,105
2875,1978,Graduation,67023.0,0,0,2014-03-04,93,444,44,382,11,8,17,1,3,7,13,2,0,0,0,0,0,1,0,36,0,906,0.4900662251655629,0.4216335540838852,24,0.125,37.75,0,0,1,0,0,0,117
2245,1969,Master,43641.0,1,1,2013-04-22,50,57,2,51,4,2,23,3,2,1,4,6,0,0,0,0,0,0,0,45,2,139,0.41007194244604317,0.3669064748201439,10,0.2,13.9,1,0,1,0,0,0,433
4530,1948,Master,78427.0,0,0,2012-10-24,36,972,19,595,180,26,138,3,3,7,10,3,0,0,0,1,0,0,1,66,0,1930,0.5036269430051813,0.3082901554404145,23,0.13043478260869565,83.91304347826087,1,0,0,0,0,1,613
800,1960,Graduation,44512.0,1,1,2013-08-30,57,23,1,6,0,0,2,2,1,0,3,4,0,0,0,0,0,0,0,54,2,32,0.71875,0.1875,6,0.16666666666666666,5.333333333333333,0,0,0,0,1,0,303
1146,1949,Master,49912.0,0,1,2012-09-07,5,520,8,223,32,49,42,4,10,5,7,8,1,0,0,0,0,0,1,65,1,874,0.5949656750572082,0.2551487414187643,26,0.38461538461538464,33.61538461538461,1,0,0,0,1,0,660
7734,1993,Graduation,79244.0,0,0,2012-12-19,58,471,102,125,212,61,245,1,4,10,7,1,0,0,1,1,0,0,1,21,0,1216,0.3873355263157895,0.10279605263157894,22,0.18181818181818182,55.27272727272727,0,0,0,1,0,0,557
5975,1967,PhD,40304.0,1,0,2013-09-30,82,37,0,17,0,0,3,1,2,0,3,7,0,0,0,0,0,0,0,47,1,57,0.6491228070175439,0.2982456140350877,6,0.3333333333333333,9.5,1,0,0,1,0,0,272
9316,1952,Basic,13084.0,0,0,2013-11-02,29,2,0,7,3,7,10,1,1,0,3,6,0,0,0,0,0,0,0,62,0,29,0.06896551724137931,0.2413793103448276,5,0.2,5.8,0,1,0,0,1,0,239
4122,1975,Graduation,79205.0,0,0,2012-08-29,73,504,23,117,179,28,44,1,6,5,4,4,0,0,0,1,0,0,1,39,0,895,0.5631284916201117,0.13072625698324022,16,0.375,55.9375,0,0,1,0,0,0,669
9916,1954,Graduation,38998.0,1,1,2012-11-03,92,34,1,14,0,0,5,3,2,0,3,8,0,0,0,0,0,1,0,60,2,54,0.6296296296296297,0.25925925925925924,8,0.25,6.75,0,0,1,0,0,0,603
1772,1975,PhD,79174.0,0,0,2013-01-11,2,1074,37,518,193,92,129,1,5,6,7,2,0,0,1,1,0,0,1,39,0,2043,0.5256975036710719,0.2535487028879099,19,0.2631578947368421,107.52631578947368,1,0,1,0,0,0,534
7313,1949,2n Cycle,74859.0,0,0,2013-06-03,63,570,73,614,133,102,73,1,6,5,11,3,0,0,0,1,0,0,0,65,0,1565,0.36421725239616615,0.39233226837060703,23,0.2608695652173913,68.04347826086956,0,1,0,0,0,1,391
450,1958,Master,42315.0,0,1,2013-07-12,90,67,15,80,17,11,80,3,1,4,4,3,0,0,0,0,0,0,0,56,1,270,0.24814814814814815,0.2962962962962963,12,0.08333333333333333,22.5,1,0,0,0,1,0,352
7397,1951,Graduation,49090.0,0,1,2013-07-19,45,494,5,82,7,0,100,3,7,2,9,7,0,0,0,0,0,0,0,63,1,688,0.7180232558139535,0.11918604651162791,21,0.3333333333333333,32.76190476190476,0,0,0,1,0,0,345
5794,1974,PhD,46374.0,0,1,2014-03-17,1,408,0,21,0,0,17,3,7,1,7,8,0,1,0,1,0,0,1,40,1,446,0.9147982062780269,0.04708520179372197,18,0.3888888888888889,24.77777777777778,1,0,1,0,0,0,104
5751,1973,2n Cycle,31163.0,1,0,2014-02-13,54,2,3,10,11,2,10,1,1,0,3,6,0,0,0,0,0,0,0,41,1,38,0.05263157894736842,0.2631578947368421,5,0.2,7.6,0,1,0,0,0,0,136
2730,1955,Graduation,80317.0,0,0,2013-08-20,64,536,11,387,149,91,57,1,3,4,10,1,0,0,0,0,0,0,0,59,0,1231,0.4354183590576767,0.314378554021121,18,0.16666666666666666,68.38888888888889,0,0,0,1,0,0,313
7037,1974,PhD,37087.0,1,0,2013-08-11,50,194,55,134,15,0,3,3,4,2,8,6,0,0,0,0,0,0,0,40,1,401,0.4837905236907731,0.3341645885286783,17,0.23529411764705882,23.58823529411765,1,0,1,0,0,0,322
5734,1974,PhD,61917.0,1,1,2013-11-20,83,46,4,36,2,2,1,1,2,0,4,5,0,0,0,0,0,0,0,40,2,91,0.5054945054945055,0.3956043956043956,7,0.2857142857142857,13.0,1,0,1,0,0,0,221
3153,1957,PhD,40737.0,2,1,2013-12-08,24,11,0,4,0,0,2,1,1,0,2,8,0,0,0,0,0,0,0,57,3,17,0.6470588235294118,0.23529411764705882,4,0.25,4.25,1,0,0,1,0,0,203
4099,1972,Graduation,30675.0,1,0,2012-11-12,14,10,2,16,11,2,21,1,1,0,3,8,0,0,0,0,0,0,0,42,1,62,0.16129032258064516,0.25806451612903225,5,0.2,12.4,0,0,1,0,0,0,594
492,1973,PhD,48432.0,0,1,2012-10-18,3,322,3,50,4,3,42,5,7,1,6,8,0,0,0,0,0,0,0,41,1,424,0.7594339622641509,0.1179245283018868,19,0.3684210526315789,22.31578947368421,1,0,0,1,0,0,619
10749,1991,Graduation,8028.0,0,0,2012-09-18,62,73,18,66,7,12,2,15,0,1,0,19,0,0,0,0,0,0,0,23,0,178,0.4101123595505618,0.3707865168539326,16,0.0,11.125,0,0,0,1,0,0,649
4607,1959,Graduation,71367.0,0,0,2013-08-23,24,227,23,389,42,21,75,1,4,5,7,2,0,0,0,0,0,0,0,55,0,777,0.29214929214929214,0.5006435006435006,17,0.23529411764705882,45.705882352941174,0,0,0,0,1,0,310
5080,1993,Graduation,70515.0,0,0,2013-10-21,12,420,0,452,182,64,140,1,6,6,4,2,0,0,0,0,0,0,1,21,0,1258,0.3338632750397456,0.35930047694753575,17,0.35294117647058826,74.0,0,0,0,1,0,0,251
3158,1973,Graduation,32300.0,1,0,2013-01-03,1,13,3,6,6,5,6,1,1,0,3,8,0,0,0,0,0,0,0,41,1,39,0.3333333333333333,0.15384615384615385,5,0.2,7.8,0,0,1,0,0,0,542
1915,1951,PhD,78939.0,0,0,2013-12-12,57,794,115,243,150,0,205,1,8,5,6,3,0,0,0,0,0,0,0,63,0,1507,0.5268745852687459,0.1612475116124751,20,0.4,75.35,1,0,1,0,0,0,199
1055,1976,Master,53204.0,1,1,2014-03-20,40,29,0,8,2,0,6,1,1,0,3,4,0,0,0,0,0,0,0,38,2,45,0.6444444444444445,0.17777777777777778,5,0.2,9.0,1,0,1,0,0,0,101
2106,1974,2n Cycle,20130.0,0,0,2014-03-17,99,0,6,3,7,6,12,1,1,0,3,8,0,0,0,0,0,0,0,40,0,34,0.0,0.08823529411764706,5,0.2,6.8,0,1,1,0,0,0,104
10057,1951,Graduation,72282.0,0,0,2013-07-19,70,503,27,419,90,139,153,1,5,7,9,7,0,0,0,0,0,0,1,63,0,1331,0.3779113448534936,0.3148009015777611,22,0.22727272727272727,60.5,0,0,0,1,0,0,345
4508,1952,Graduation,75127.0,0,0,2014-05-22,92,203,35,305,46,17,227,1,2,11,5,1,0,0,0,0,0,0,0,62,0,833,0.24369747899159663,0.36614645858343337,19,0.10526315789473684,43.8421052631579,0,0,0,1,0,0,38
10833,1975,Graduation,65106.0,0,1,2014-05-24,55,790,19,133,12,0,19,3,8,3,13,6,0,1,0,0,0,0,0,39,1,973,0.8119218910585817,0.1366906474820144,27,0.2962962962962963,36.03703703703704,0,0,1,0,0,0,36
7789,1965,PhD,84618.0,0,0,2013-11-22,96,684,100,801,21,66,0,1,6,9,10,2,0,0,1,0,0,0,0,49,0,1672,0.4090909090909091,0.47906698564593303,26,0.23076923076923078,64.3076923076923,1,0,1,0,0,0,219
10500,1984,Graduation,31761.0,1,0,2014-04-05,96,19,1,20,16,14,28,2,3,0,4,5,0,0,0,0,0,0,0,30,1,98,0.19387755102040816,0.20408163265306123,9,0.3333333333333333,10.88888888888889,0,0,1,0,0,0,85
6749,1966,Graduation,86358.0,1,1,2012-08-08,78,957,47,494,82,47,95,4,5,3,6,8,0,0,0,0,0,0,0,48,2,1722,0.5557491289198606,0.2868757259001161,18,0.2777777777777778,95.66666666666667,0,0,0,1,0,0,690
35,1987,Graduation,25545.0,1,0,2012-09-08,35,32,1,64,16,12,85,3,2,2,3,6,0,0,0,0,0,0,1,27,1,210,0.1523809523809524,0.3047619047619048,10,0.2,21.0,0,0,1,0,0,0,659
1993,1949,PhD,58607.0,0,1,2012-12-23,63,867,0,86,0,0,19,3,2,3,9,8,0,1,0,0,0,0,0,65,1,972,0.8919753086419753,0.08847736625514403,17,0.11764705882352941,57.1764705882353,1,0,1,0,0,0,553
4107,1948,PhD,46681.0,0,2,2013-10-08,52,269,15,69,15,19,38,2,4,6,4,5,0,0,0,0,0,0,0,66,2,425,0.6329411764705882,0.1623529411764706,16,0.25,26.5625,1,0,0,0,1,0,264
3698,1983,Graduation,78687.0,0,0,2012-08-09,13,817,185,687,145,55,241,1,4,6,8,2,0,0,1,0,0,0,1,31,0,2130,0.3835680751173709,0.32253521126760565,19,0.21052631578947367,112.10526315789474,0,0,0,0,1,0,689
6197,1962,PhD,27238.0,1,1,2013-04-20,39,37,0,17,0,0,3,3,3,0,3,9,0,0,0,0,0,0,0,52,2,57,0.6491228070175439,0.2982456140350877,9,0.3333333333333333,6.333333333333333,1,0,0,1,0,0,435
10785,1969,Graduation,44078.0,1,1,2014-06-19,17,24,1,10,2,0,4,2,2,0,3,5,0,0,0,0,0,0,0,45,2,41,0.5853658536585366,0.24390243902439024,7,0.2857142857142857,5.857142857142857,0,0,1,0,0,0,10
9460,1963,Graduation,22419.0,0,0,2013-04-18,74,30,3,47,19,21,42,1,3,2,2,8,0,0,0,0,0,0,0,51,0,162,0.18518518518518517,0.29012345679012347,8,0.375,20.25,0,0,1,0,0,0,437
6245,1950,PhD,59292.0,0,1,2013-06-13,71,378,14,68,19,14,14,2,3,5,8,3,0,0,0,0,0,0,0,64,1,507,0.7455621301775148,0.1341222879684418,18,0.16666666666666666,28.166666666666668,1,0,0,0,1,0,381
498,1970,Graduation,30015.0,1,0,2014-02-02,28,25,0,22,2,3,5,2,1,0,4,5,0,0,0,0,0,0,0,44,1,57,0.43859649122807015,0.38596491228070173,7,0.14285714285714285,8.142857142857142,0,0,0,1,0,0,147
916,1972,PhD,41644.0,1,1,2014-05-09,67,20,3,4,2,0,2,2,1,0,3,3,0,0,0,0,0,0,0,42,2,31,0.6451612903225806,0.12903225806451613,6,0.16666666666666666,5.166666666666667,1,0,0,1,0,0,51
1377,1954,Master,44551.0,0,1,2013-08-31,24,182,4,33,0,0,66,2,4,1,5,7,0,0,0,0,0,0,0,60,1,285,0.6385964912280702,0.11578947368421053,12,0.3333333333333333,23.75,1,0,0,0,0,1,302
10619,1994,Graduation,95529.0,0,0,2012-12-03,29,770,29,890,250,27,24,1,7,3,7,3,0,0,1,0,0,0,1,20,0,1990,0.3869346733668342,0.4472361809045226,18,0.3888888888888889,110.55555555555556,0,0,0,1,0,0,573
6230,1971,Graduation,44421.0,1,1,2013-02-15,53,110,5,59,7,1,7,5,5,0,4,8,0,0,0,0,0,0,0,43,2,189,0.582010582010582,0.31216931216931215,14,0.35714285714285715,13.5,0,0,0,0,0,0,499
5626,1964,PhD,61798.0,0,0,2013-11-23,13,338,4,89,11,8,13,1,4,2,9,4,0,0,0,0,0,0,0,50,0,463,0.7300215982721382,0.19222462203023757,16,0.25,28.9375,1,0,0,1,0,0,218
5313,1971,Master,38196.0,1,1,2014-04-18,20,30,0,11,0,0,3,3,2,0,4,5,0,0,0,0,0,0,0,43,2,44,0.6818181818181818,0.25,9,0.2222222222222222,4.888888888888889,1,0,1,0,0,0,72
4640,1967,Graduation,70647.0,0,1,2012-09-21,65,561,85,171,25,123,114,2,4,7,13,2,0,0,0,0,0,0,0,47,1,1079,0.5199258572752549,0.15848007414272475,26,0.15384615384615385,41.5,0,0,0,0,0,0,646
11178,1972,Master,42394.0,1,0,2014-03-23,69,15,2,10,0,1,4,1,1,0,3,7,0,0,0,0,0,0,0,42,1,32,0.46875,0.3125,5,0.2,6.4,1,0,0,1,0,0,98
5723,1976,PhD,49187.0,0,1,2014-01-11,63,81,1,31,2,1,0,1,1,1,5,2,0,0,0,0,0,0,0,38,1,116,0.6982758620689655,0.2672413793103448,8,0.125,14.5,1,0,0,0,1,0,169
9197,1953,Graduation,39722.0,0,1,2014-02-24,92,32,0,5,2,0,8,2,2,0,3,5,0,0,0,0,0,0,0,61,1,47,0.6808510638297872,0.10638297872340426,7,0.2857142857142857,6.714285714285714,0,0,1,0,0,0,125
9964,1979,Graduation,61825.0,0,1,2013-08-07,56,162,50,100,55,30,27,1,4,2,8,4,0,0,0,0,0,0,0,35,1,424,0.38207547169811323,0.2358490566037736,15,0.26666666666666666,28.266666666666666,0,0,0,1,0,0,326
898,1986,Graduation,23477.0,1,0,2013-10-21,39,38,15,54,3,8,29,3,3,0,4,8,0,0,0,0,0,0,0,28,1,147,0.2585034013605442,0.3673469387755102,10,0.3,14.7,0,0,1,0,0,0,251
8427,1956,Master,64857.0,0,0,2012-11-23,78,556,14,717,210,0,43,1,7,5,10,4,0,0,0,0,0,0,0,58,0,1540,0.36103896103896105,0.4655844155844156,23,0.30434782608695654,66.95652173913044,1,0,0,1,0,0,583
1277,1960,Graduation,78468.0,0,0,2014-04-09,29,434,22,388,104,22,34,1,10,7,10,4,0,0,0,1,0,0,0,54,0,1004,0.43227091633466136,0.38645418326693226,28,0.35714285714285715,35.857142857142854,0,0,0,0,1,0,81
10022,1973,PhD,54466.0,1,1,2014-02-09,78,12,0,4,0,0,0,1,1,0,2,5,0,0,0,0,0,0,0,41,2,16,0.75,0.25,4,0.25,4.0,1,0,0,1,0,0,140
9097,1956,Graduation,46086.0,0,1,2013-11-03,34,244,8,32,7,2,50,4,3,1,8,4,0,0,0,0,0,0,0,58,1,343,0.7113702623906706,0.09329446064139942,16,0.1875,21.4375,0,0,0,0,0,0,238
9483,1959,Graduation,57957.0,0,1,2013-08-19,24,290,59,177,77,5,29,7,4,6,8,3,0,0,0,0,0,1,0,55,1,637,0.4552590266875981,0.2778649921507064,25,0.16,25.48,0,0,0,0,1,0,314
2156,1955,PhD,22554.0,1,1,2012-11-03,38,27,0,10,0,0,4,4,2,0,4,5,0,0,0,0,0,0,0,59,2,41,0.6585365853658537,0.24390243902439024,10,0.2,4.1,1,0,1,0,0,0,603
92,1988,Graduation,34176.0,1,0,2014-05-12,12,5,7,24,19,14,20,4,3,0,4,6,0,0,0,0,0,0,0,26,1,89,0.056179775280898875,0.2696629213483146,11,0.2727272727272727,8.090909090909092,0,0,0,1,0,0,48
1545,1986,Graduation,38508.0,1,0,2013-08-02,95,120,19,206,25,19,54,6,7,2,5,8,0,0,0,0,0,0,0,28,1,443,0.2708803611738149,0.4650112866817156,20,0.35,22.15,0,0,1,0,0,0,331
8867,1988,PhD,67546.0,0,0,2012-08-31,90,864,134,768,150,38,172,1,4,10,5,3,0,0,0,0,0,0,0,26,0,2126,0.4063969896519285,0.36124176857949203,20,0.2,106.3,1,0,1,0,0,0,667
9405,1954,PhD,52869.0,1,1,2012-10-15,40,84,3,61,2,1,21,3,3,1,4,7,0,0,0,0,0,0,1,60,2,172,0.4883720930232558,0.3546511627906977,11,0.2727272727272727,15.636363636363637,1,0,1,0,0,0,622
3479,1950,Graduation,16813.0,0,0,2013-07-19,49,4,8,11,12,2,13,1,2,0,3,7,1,0,0,0,0,0,0,64,0,50,0.08,0.22,6,0.3333333333333333,8.333333333333334,0,0,0,1,0,0,345
5123,1951,Master,27450.0,0,0,2013-04-15,57,37,12,23,8,11,52,1,2,1,3,7,0,0,0,0,0,0,0,63,0,143,0.25874125874125875,0.16083916083916083,7,0.2857142857142857,20.428571428571427,1,0,1,0,0,0,440
4070,1969,PhD,94871.0,0,2,2012-09-01,99,169,24,553,188,0,144,1,8,5,4,7,0,1,1,0,0,0,1,45,2,1078,0.1567717996289425,0.512987012987013,18,0.4444444444444444,59.888888888888886,1,0,1,0,0,0,666
4472,1970,PhD,35682.0,1,0,2014-06-27,34,23,0,8,6,2,18,1,1,1,3,2,0,0,0,0,0,0,0,44,1,57,0.40350877192982454,0.14035087719298245,6,0.16666666666666666,9.5,1,0,0,0,0,0,2
1506,1975,Graduation,42160.0,1,1,2013-06-28,26,48,9,45,3,15,20,4,2,1,4,6,0,0,0,0,0,0,1,39,2,140,0.34285714285714286,0.32142857142857145,11,0.18181818181818182,12.727272727272727,0,0,0,1,0,0,366
1577,1946,Graduation,78569.0,0,0,2014-02-19,14,558,79,622,207,175,95,1,4,6,4,1,0,0,1,0,0,0,1,68,0,1736,0.32142857142857145,0.358294930875576,15,0.26666666666666666,115.73333333333333,0,0,1,0,0,0,130
8659,1952,PhD,69805.0,0,1,2014-01-21,50,750,71,174,13,10,20,2,6,8,11,2,0,0,0,0,0,0,0,62,1,1038,0.7225433526011561,0.1676300578034682,27,0.2222222222222222,38.44444444444444,1,0,0,0,1,0,159
8147,1960,Graduation,31454.0,1,1,2013-07-06,40,28,0,11,0,0,9,3,2,0,3,8,0,0,0,0,0,0,0,54,2,48,0.5833333333333334,0.22916666666666666,8,0.25,6.0,0,0,1,0,0,0,358
3403,1958,PhD,78952.0,0,1,2012-09-24,11,1170,19,594,99,76,134,2,2,5,12,6,0,0,0,0,0,0,0,56,1,2092,0.5592734225621415,0.28393881453154873,21,0.09523809523809523,99.61904761904762,1,0,0,0,1,0,643
252,1963,PhD,41003.0,0,0,2013-03-17,11,123,133,142,71,44,88,1,6,2,8,6,0,0,0,0,0,0,0,51,0,601,0.20465890183028287,0.23627287853577372,17,0.35294117647058826,35.35294117647059,1,0,0,0,0,0,469
9780,1971,Master,71499.0,0,1,2013-06-25,12,465,25,132,136,0,37,2,8,3,13,4,0,0,0,0,0,0,0,43,1,795,0.5849056603773585,0.1660377358490566,26,0.3076923076923077,30.576923076923077,1,0,0,0,1,0,369
819,1945,Graduation,63285.0,0,0,2013-11-05,84,508,124,249,50,38,134,1,6,5,13,3,0,0,0,0,0,0,0,69,0,1103,0.4605621033544878,0.2257479601087942,25,0.24,44.12,0,0,0,0,0,1,236
2802,1992,2n Cycle,87000.0,0,0,2012-12-15,61,196,25,607,67,17,49,1,4,6,7,2,0,0,0,0,0,0,0,22,0,961,0.20395421436004163,0.631633714880333,18,0.2222222222222222,53.388888888888886,0,1,1,0,0,0,561
675,1973,Master,52034.0,1,1,2013-05-17,67,146,0,93,7,13,73,5,4,2,5,7,0,0,0,0,0,0,0,41,2,332,0.4397590361445783,0.28012048192771083,16,0.25,20.75,1,0,0,0,0,0,408
3483,1958,Graduation,48192.0,0,0,2013-04-06,76,1039,43,204,153,58,29,3,2,8,12,8,0,1,0,1,1,0,1,56,0,1526,0.6808650065530799,0.13368283093053734,25,0.08,61.04,0,0,1,0,0,0,449
164,1977,PhD,28973.0,0,0,2012-10-13,59,206,0,46,3,2,12,2,5,1,5,8,0,0,0,0,0,0,0,37,0,269,0.7657992565055762,0.17100371747211895,13,0.38461538461538464,20.692307692307693,1,0,1,0,0,0,624
203,1975,Master,81169.0,0,0,2013-04-14,47,1288,20,613,80,61,27,1,5,7,9,2,0,0,0,0,0,0,0,39,0,2089,0.6165629487793203,0.29344183820009573,22,0.22727272727272727,94.95454545454545,1,0,0,1,0,0,441
6945,1952,Graduation,84574.0,0,0,2013-06-04,72,387,20,713,38,54,163,1,9,11,11,5,0,0,0,0,0,0,0,62,0,1375,0.28145454545454546,0.5185454545454545,32,0.28125,42.96875,0,0,0,1,0,0,390
269,1963,PhD,46757.0,0,1,2012-11-16,71,777,30,163,0,51,122,6,4,4,7,9,0,0,0,0,0,0,0,51,1,1143,0.6797900262467191,0.1426071741032371,21,0.19047619047619047,54.42857142857143,1,0,0,1,0,0,590
7327,1959,PhD,36732.0,1,1,2013-12-29,71,21,5,3,10,1,7,3,1,1,4,2,0,0,0,0,0,0,0,55,2,47,0.44680851063829785,0.06382978723404255,9,0.1111111111111111,5.222222222222222,1,0,1,0,0,0,182
10634,1951,Master,59412.0,0,0,2014-04-19,56,90,67,165,30,43,11,1,4,2,8,3,0,0,0,0,0,0,0,63,0,406,0.22167487684729065,0.4064039408866995,15,0.26666666666666666,27.066666666666666,1,0,1,0,0,0,71
1743,1974,Graduation,69719.0,0,0,2014-05-26,99,273,86,208,177,14,43,1,2,3,5,1,0,0,0,0,0,0,0,40,0,801,0.3408239700374532,0.2596754057428215,11,0.18181818181818182,72.81818181818181,0,0,0,1,0,0,34
5031,1974,Graduation,83145.0,0,0,2012-09-22,14,777,35,731,39,137,114,1,5,9,11,2,0,0,1,0,0,0,1,40,0,1833,0.4238952536824877,0.39879978177850517,26,0.19230769230769232,70.5,0,0,0,0,1,0,645
11075,1978,Graduation,51267.0,1,1,2013-10-29,37,183,2,64,7,2,12,4,3,3,5,4,0,0,0,0,0,0,0,36,2,270,0.6777777777777778,0.23703703703703705,15,0.2,18.0,0,0,1,0,0,0,243
1592,1970,Graduation,90765.0,0,0,2014-01-24,25,547,99,812,151,82,33,0,4,6,5,1,0,0,1,1,0,0,0,44,0,1724,0.31728538283062646,0.4709976798143852,15,0.26666666666666666,114.93333333333334,0,0,1,0,0,0,156
4093,1975,Master,53253.0,1,1,2013-02-11,61,216,9,57,20,9,125,7,4,3,5,5,0,0,0,0,0,0,0,39,2,436,0.4954128440366973,0.13073394495412843,19,0.21052631578947367,22.94736842105263,1,0,0,0,1,0,503
7761,1978,2n Cycle,38702.0,1,0,2013-08-01,71,13,11,24,13,8,40,2,3,0,4,6,0,0,0,0,0,0,0,36,1,109,0.11926605504587157,0.22018348623853212,9,0.3333333333333333,12.11111111111111,0,1,0,0,1,0,332
8372,1974,Graduation,34421.0,1,0,2013-07-01,81,3,3,7,6,2,9,1,1,0,2,7,0,0,0,0,0,0,0,40,1,30,0.1,0.23333333333333334,4,0.25,7.5,0,0,1,0,0,0,363
6072,1970,Master,75345.0,0,0,2013-02-02,16,918,57,842,99,38,133,1,5,8,6,3,0,0,0,1,0,0,1,44,0,2087,0.439865836128414,0.4034499281264974,20,0.25,104.35,1,0,0,1,0,0,512
3859,1947,PhD,73059.0,0,1,2013-08-31,36,410,112,420,0,82,71,1,9,3,13,4,0,0,0,0,0,0,0,67,1,1095,0.3744292237442922,0.3835616438356164,26,0.34615384615384615,42.11538461538461,1,0,0,0,1,0,302
10513,1992,Graduation,63207.0,0,0,2013-01-20,68,438,169,565,91,169,70,1,2,3,6,7,0,0,0,1,0,0,0,22,0,1502,0.29161118508655126,0.37616511318242346,12,0.16666666666666666,125.16666666666667,0,0,0,0,1,0,525
11003,1980,2n Cycle,25130.0,1,0,2013-10-02,10,2,5,7,0,18,18,2,2,0,3,7,0,0,0,0,0,0,0,34,1,50,0.04,0.14,7,0.2857142857142857,7.142857142857143,0,1,0,0,1,0,270
9862,1969,Graduation,21918.0,1,0,2013-11-14,37,1,6,7,11,5,3,2,2,0,3,6,0,0,0,0,0,0,0,45,1,33,0.030303030303030304,0.21212121212121213,7,0.2857142857142857,4.714285714285714,0,0,0,0,1,0,227
6940,1966,PhD,46734.0,1,2,2013-10-21,86,100,1,39,6,1,76,4,3,2,3,6,1,0,0,0,0,0,0,48,3,223,0.4484304932735426,0.17488789237668162,12,0.25,18.583333333333332,1,0,0,1,0,0,251
10394,1984,Graduation,90000.0,0,0,2013-12-23,91,675,144,133,94,192,241,1,4,8,5,1,1,0,1,1,0,0,0,30,0,1479,0.4563894523326572,0.08992562542258282,18,0.2222222222222222,82.16666666666667,0,0,1,0,0,0,188
4338,1983,Graduation,39062.0,1,0,2014-03-25,28,23,0,9,0,0,12,1,1,0,3,4,1,0,0,0,0,0,0,31,1,44,0.5227272727272727,0.20454545454545456,5,0.2,8.8,0,0,0,1,0,0,96
7990,1947,Graduation,27469.0,0,0,2012-08-02,2,9,1,2,3,2,0,1,0,0,3,6,0,0,0,0,0,0,0,67,0,17,0.5294117647058824,0.11764705882352941,4,0.0,4.25,0,0,1,0,0,0,696
1907,1950,Master,63120.0,0,1,2012-09-28,53,965,69,279,54,41,69,5,8,4,9,7,0,0,0,0,0,0,1,64,1,1477,0.6533513879485443,0.1888964116452268,26,0.3076923076923077,56.80769230769231,1,0,0,0,0,0,639
2557,1970,Master,29548.0,1,0,2013-08-29,52,7,1,6,3,1,11,1,1,1,2,4,1,0,0,0,0,0,0,44,1,29,0.2413793103448276,0.20689655172413793,5,0.2,5.8,1,0,0,1,0,0,304
2379,1953,Graduation,69267.0,0,0,2012-09-22,31,778,44,499,95,73,146,2,3,4,5,7,0,0,0,0,0,0,1,61,0,1635,0.4758409785932722,0.3051987767584098,14,0.21428571428571427,116.78571428571429,0,0,0,1,0,0,645
3867,1947,PhD,73059.0,0,1,2013-08-31,36,410,112,420,0,82,71,1,9,3,13,4,0,0,0,0,0,0,0,67,1,1095,0.3744292237442922,0.3835616438356164,26,0.34615384615384615,42.11538461538461,1,0,0,0,1,0,302
3673,1971,Graduation,55239.0,0,1,2013-07-14,59,371,17,238,23,24,106,3,7,5,11,5,0,0,0,0,0,0,0,43,1,779,0.4762516046213094,0.3055198973042362,26,0.2692307692307692,29.96153846153846,0,0,0,1,0,0,350
5989,1959,2n Cycle,78353.0,0,1,2013-04-16,51,752,122,476,39,153,34,1,10,2,11,8,0,0,0,0,0,0,0,55,1,1576,0.47715736040609136,0.3020304568527919,24,0.4166666666666667,65.66666666666667,0,1,0,0,0,0,439
2447,1979,Graduation,30545.0,1,0,2012-10-17,71,4,12,15,19,7,12,2,2,0,3,7,0,0,0,0,0,0,0,35,1,69,0.057971014492753624,0.21739130434782608,7,0.2857142857142857,9.857142857142858,0,0,0,0,1,0,620
9909,1996,2n Cycle,7500.0,0,0,2012-11-09,24,3,18,14,15,22,50,3,3,1,3,9,0,0,0,0,0,0,1,18,0,122,0.02459016393442623,0.11475409836065574,10,0.3,12.2,0,1,1,0,0,0,597
1542,1975,Graduation,56243.0,1,2,2013-12-30,26,347,0,35,4,3,7,6,4,2,8,5,0,0,0,0,0,0,0,39,3,396,0.8762626262626263,0.08838383838383838,20,0.2,19.8,0,0,0,1,0,0,181
7023,1953,PhD,46231.0,2,1,2012-11-26,87,189,2,55,0,5,12,4,6,1,4,9,0,0,0,0,0,0,0,61,3,263,0.7186311787072244,0.20912547528517111,15,0.4,17.533333333333335,1,0,0,1,0,0,580
1640,1954,Graduation,64587.0,1,1,2014-06-22,49,66,0,16,0,6,20,2,1,1,4,3,0,0,0,0,0,0,0,60,2,108,0.6111111111111112,0.14814814814814814,8,0.125,13.5,0,0,0,0,0,0,7
3270,1978,2n Cycle,17117.0,1,0,2013-01-17,96,12,23,38,30,18,7,4,3,1,3,9,0,0,0,0,0,0,0,36,1,128,0.09375,0.296875,11,0.2727272727272727,11.636363636363637,0,1,0,0,1,0,528
1072,1965,PhD,40760.0,0,1,2013-08-30,64,70,0,17,0,0,6,2,2,1,3,6,0,0,0,0,0,0,0,49,1,93,0.7526881720430108,0.1827956989247312,8,0.25,11.625,1,0,0,1,0,0,303
1627,1957,2n Cycle,77297.0,0,0,2013-01-26,84,408,61,109,48,122,41,1,5,7,9,4,0,0,0,1,0,0,0,57,0,789,0.5171102661596958,0.13814955640050697,22,0.22727272727272727,35.86363636363637,0,1,0,0,0,0,519
4756,1952,2n Cycle,63998.0,0,0,2013-12-20,42,176,29,818,0,33,112,1,7,6,11,4,0,0,0,0,0,0,1,62,0,1168,0.1506849315068493,0.7003424657534246,25,0.28,46.72,0,1,0,0,0,0,191
5324,1981,PhD,58293.0,1,0,2014-01-19,94,173,43,118,46,27,15,5,5,3,6,5,0,0,0,0,0,0,0,33,1,422,0.4099526066350711,0.2796208530805687,19,0.2631578947368421,22.210526315789473,1,0,1,0,0,0,161
4915,1956,2n Cycle,53230.0,0,1,2012-08-03,86,176,72,98,136,21,229,4,5,2,12,5,0,0,0,0,0,0,0,58,1,732,0.24043715846994534,0.13387978142076504,23,0.21739130434782608,31.82608695652174,0,1,1,0,0,0,695
8952,1953,Master,65569.0,0,1,2012-11-05,96,397,46,288,20,38,70,2,6,5,10,3,0,0,0,0,0,0,0,61,1,859,0.46216530849825377,0.3352735739231665,23,0.2608695652173913,37.34782608695652,1,0,1,0,0,0,601
11133,1973,PhD,48432.0,0,1,2012-10-18,3,322,3,50,4,3,42,5,7,1,6,8,0,0,0,0,0,0,1,41,1,424,0.7594339622641509,0.1179245283018868,19,0.3684210526315789,22.31578947368421,1,0,0,1,0,0,619
5250,1943,Master,50943.0,0,0,2013-10-30,75,532,126,490,164,126,126,1,5,5,11,1,0,0,1,0,0,0,1,71,0,1564,0.340153452685422,0.3132992327365729,22,0.22727272727272727,71.0909090909091,1,0,0,0,0,1,242
6690,1966,Master,38179.0,1,1,2013-03-14,30,38,4,22,4,2,20,4,3,1,3,7,0,0,0,0,0,0,0,48,2,90,0.4222222222222222,0.24444444444444444,11,0.2727272727272727,8.181818181818182,1,0,1,0,0,0,472
7966,1959,Graduation,80982.0,1,1,2013-01-08,48,505,137,401,104,22,22,3,11,5,11,5,0,0,0,0,0,1,0,55,2,1191,0.42401343408900083,0.33669185558354325,30,0.36666666666666664,39.7,0,0,0,1,0,0,537
3083,1974,Graduation,45837.0,1,1,2013-07-26,88,215,13,87,17,17,24,5,6,2,5,7,0,0,0,0,0,0,0,40,2,373,0.5764075067024129,0.23324396782841822,18,0.3333333333333333,20.72222222222222,0,0,1,0,0,0,338
5954,1972,Master,42618.0,1,0,2013-10-09,92,76,14,74,13,5,10,2,5,0,4,8,0,0,0,0,0,0,0,42,1,192,0.3958333333333333,0.3854166666666667,11,0.45454545454545453,17.454545454545453,1,0,0,0,0,0,263
7453,1954,Graduation,36130.0,0,1,2013-02-02,46,157,43,127,68,56,37,6,3,8,4,4,1,0,0,0,0,0,1,60,1,488,0.32172131147540983,0.26024590163934425,21,0.14285714285714285,23.238095238095237,0,0,0,1,0,0,512
3535,1965,Graduation,66294.0,0,0,2014-03-17,68,251,108,334,65,92,117,1,4,3,5,2,0,0,0,0,0,0,0,49,0,967,0.2595656670113754,0.3453981385729059,13,0.3076923076923077,74.38461538461539,0,0,0,1,0,0,104
9303,1976,Graduation,5305.0,0,1,2013-07-30,12,12,4,7,1,3,5,0,1,0,0,13,0,0,0,0,0,0,0,38,1,32,0.375,0.21875,1,1.0,32.0,0,0,1,0,0,0,334
4186,1950,Graduation,34026.0,1,1,2013-08-05,11,18,6,15,12,8,17,3,2,1,3,5,0,0,0,0,0,0,0,64,2,76,0.23684210526315788,0.19736842105263158,9,0.2222222222222222,8.444444444444445,0,0,0,0,1,0,328
6327,1967,Graduation,65777.0,0,0,2013-12-19,87,565,32,435,28,32,54,1,2,8,6,1,0,0,0,0,0,0,0,47,0,1146,0.4930191972076789,0.3795811518324607,17,0.11764705882352941,67.41176470588235,0,0,0,0,1,0,192
10640,1974,Graduation,44392.0,1,1,2013-09-05,71,87,5,71,7,12,29,5,4,1,4,7,0,0,0,0,0,0,0,40,2,211,0.41232227488151657,0.33649289099526064,14,0.2857142857142857,15.071428571428571,0,0,0,0,1,0,297
6609,1966,Graduation,27038.0,0,0,2012-09-18,64,1,26,25,17,23,15,1,3,0,3,9,0,0,0,0,0,0,1,48,0,107,0.009345794392523364,0.2336448598130841,7,0.42857142857142855,15.285714285714286,0,0,0,0,0,1,649
4096,1968,Master,41335.0,1,0,2013-12-26,24,112,19,21,16,14,5,3,4,1,4,7,0,0,0,0,0,0,0,46,1,187,0.5989304812834224,0.11229946524064172,12,0.3333333333333333,15.583333333333334,1,0,0,0,0,0,185
5832,1960,2n Cycle,92556.0,0,0,2014-04-20,32,493,183,352,184,23,28,0,3,5,13,0,0,0,0,0,0,0,0,54,0,1263,0.3903404592240697,0.278701504354711,21,0.14285714285714285,60.142857142857146,0,1,0,0,1,0,70
231,1956,Master,28839.0,1,1,2014-03-11,86,24,0,7,0,0,1,2,2,0,3,5,0,0,0,0,0,0,0,58,2,32,0.75,0.21875,7,0.2857142857142857,4.571428571428571,1,0,0,0,1,0,110
4050,1966,Master,49605.0,0,0,2014-06-21,65,42,16,29,12,20,8,1,2,1,4,3,0,0,0,0,0,0,0,48,0,127,0.33070866141732286,0.2283464566929134,8,0.25,15.875,1,0,1,0,0,0,8
8310,1964,Graduation,68142.0,0,1,2012-08-29,96,897,126,196,91,112,37,3,10,4,7,6,0,0,0,0,0,0,0,50,1,1459,0.6148046607265251,0.1343385880740233,24,0.4166666666666667,60.791666666666664,0,0,0,0,1,0,669
232,1965,Graduation,61559.0,0,1,2013-07-17,8,279,83,88,32,14,34,1,4,2,10,3,0,0,0,0,0,0,0,49,1,530,0.5264150943396226,0.1660377358490566,17,0.23529411764705882,31.176470588235293,0,0,0,1,0,0,347
1160,1970,Graduation,13260.0,1,1,2013-08-23,48,9,4,17,10,2,7,4,3,0,3,8,0,0,0,0,0,0,0,44,2,49,0.1836734693877551,0.3469387755102041,10,0.3,4.9,0,0,1,0,0,0,310
1381,1982,PhD,38513.0,1,0,2014-01-28,20,172,3,115,16,0,18,5,6,1,5,8,0,0,0,0,0,0,1,32,1,324,0.5308641975308642,0.3549382716049383,17,0.35294117647058826,19.058823529411764,1,0,0,1,0,0,152
6349,1987,Master,61787.0,0,0,2013-07-06,71,621,73,414,78,48,85,1,8,4,6,5,0,0,0,0,0,0,0,27,0,1319,0.47081122062168307,0.31387414708112205,19,0.42105263157894735,69.42105263157895,1,0,0,0,0,0,358
8614,1957,Graduation,65486.0,0,1,2014-05-12,29,245,19,125,37,67,14,1,4,2,10,2,0,0,0,0,0,0,0,57,1,507,0.4832347140039448,0.2465483234714004,17,0.23529411764705882,29.823529411764707,0,0,0,0,0,1,48
2337,1971,Graduation,29819.0,1,0,2013-10-24,77,9,1,24,2,1,2,3,3,0,3,6,0,0,0,0,0,0,0,43,1,39,0.23076923076923078,0.6153846153846154,9,0.3333333333333333,4.333333333333333,0,0,0,0,0,0,248
11101,1991,Graduation,89891.0,0,0,2013-04-15,17,412,22,132,59,28,183,1,11,6,8,4,0,0,1,0,0,0,0,23,0,836,0.49282296650717705,0.15789473684210525,26,0.4230769230769231,32.15384615384615,0,0,0,0,1,0,440
5441,1965,PhD,54111.0,0,1,2013-08-25,97,267,6,54,8,3,50,2,5,2,6,5,0,0,0,0,0,0,0,49,1,388,0.6881443298969072,0.13917525773195877,15,0.3333333333333333,25.866666666666667,1,0,0,0,0,1,308
6141,1972,Master,49494.0,1,0,2013-04-25,46,191,9,97,0,6,82,2,6,1,5,7,0,0,0,0,0,0,0,42,1,385,0.4961038961038961,0.2519480519480519,14,0.42857142857142855,27.5,1,0,0,1,0,0,430
10420,1955,Master,46390.0,0,1,2014-05-05,56,95,14,64,2,9,38,1,4,2,3,7,0,0,0,0,0,0,0,59,1,222,0.42792792792792794,0.2882882882882883,10,0.4,22.2,1,0,0,0,0,0,55
880,1966,Basic,22634.0,0,0,2013-01-16,47,2,23,11,8,6,46,1,2,1,2,8,0,0,0,0,0,0,0,48,0,96,0.020833333333333332,0.11458333333333333,6,0.3333333333333333,16.0,0,1,0,0,1,0,529
2410,1969,Graduation,81657.0,0,0,2014-01-22,69,364,40,425,158,60,50,1,3,4,8,1,0,0,0,0,0,0,0,45,0,1097,0.3318140382862352,0.38742023701002737,16,0.1875,68.5625,0,0,0,1,0,0,158
6619,1978,Graduation,38415.0,1,1,2013-01-02,91,22,1,13,4,0,4,2,1,0,3,7,0,0,0,0,0,0,0,36,2,44,0.5,0.29545454545454547,6,0.16666666666666666,7.333333333333333,0,0,1,0,0,0,543
9209,1971,Master,80573.0,0,0,2012-10-14,85,829,138,430,60,92,15,1,4,6,13,2,0,0,0,0,0,0,0,43,0,1564,0.5300511508951407,0.2749360613810742,24,0.16666666666666666,65.16666666666667,1,0,0,0,1,0,623
2564,1953,Graduation,61278.0,0,1,2014-01-04,87,111,3,28,2,6,15,2,3,1,4,6,0,0,0,0,0,0,0,61,1,165,0.6727272727272727,0.1696969696969697,10,0.3,16.5,0,0,0,0,1,0,176
7617,1974,Graduation,42373.0,1,1,2013-08-15,83,67,5,61,3,8,19,5,2,1,5,5,0,0,0,0,0,0,0,40,2,163,0.4110429447852761,0.37423312883435583,13,0.15384615384615385,12.538461538461538,0,0,0,1,0,0,318
182,1946,PhD,44124.0,0,1,2013-05-11,62,284,0,55,0,6,52,4,6,2,5,8,0,0,0,0,0,0,0,68,1,397,0.7153652392947103,0.1385390428211587,17,0.35294117647058826,23.352941176470587,1,0,0,0,1,0,414
6203,1947,Graduation,74485.0,0,0,2013-08-24,58,499,149,815,173,49,49,1,6,7,12,3,0,0,0,0,0,0,0,67,0,1734,0.2877739331026528,0.4700115340253749,26,0.23076923076923078,66.6923076923077,0,0,0,0,1,0,309
8275,1965,PhD,47025.0,1,1,2014-02-09,6,16,0,3,0,0,1,1,1,0,2,7,0,0,0,0,0,0,0,49,2,20,0.8,0.15,4,0.25,5.0,1,0,0,0,0,0,140
2278,1985,2n Cycle,33812.0,1,0,2012-11-03,86,4,17,19,30,24,39,2,2,1,3,6,0,0,0,0,0,0,0,29,1,133,0.03007518796992481,0.14285714285714285,8,0.25,16.625,0,1,0,1,0,0,603
1501,1982,PhD,160803.0,0,0,2012-08-04,21,55,16,1622,17,3,4,15,0,28,1,0,0,0,0,0,0,0,0,32,0,1717,0.0320326150262085,0.9446709376820035,44,0.0,39.02272727272727,1,0,1,0,0,0,694
10738,1951,Master,49389.0,1,1,2013-08-29,55,40,0,19,2,1,3,1,2,0,3,7,0,0,0,0,0,0,0,63,2,65,0.6153846153846154,0.2923076923076923,6,0.3333333333333333,10.833333333333334,1,0,0,1,0,0,304
11148,1975,Graduation,22280.0,1,0,2013-05-19,85,2,1,4,3,1,2,1,1,0,2,8,0,0,0,0,0,0,0,39,1,13,0.15384615384615385,0.3076923076923077,4,0.25,3.25,0,0,0,0,1,0,406
11074,1977,Graduation,85072.0,0,0,2014-04-09,94,494,92,391,194,11,241,1,3,4,10,0,0,0,0,0,0,0,0,37,0,1423,0.3471539002108222,0.2747716092761771,18,0.16666666666666666,79.05555555555556,0,0,0,1,0,0,81
6262,1962,Master,72217.0,0,0,2013-04-10,93,816,42,450,55,56,154,1,3,10,8,2,0,0,0,0,0,0,0,52,0,1573,0.5187539732994279,0.28607755880483154,22,0.13636363636363635,71.5,1,0,0,1,0,0,445
4887,1976,PhD,55412.0,1,1,2013-11-22,65,10,5,28,11,1,8,1,2,0,3,5,0,0,0,0,0,0,0,38,2,63,0.15873015873015872,0.4444444444444444,6,0.3333333333333333,10.5,1,0,0,0,0,0,219
713,1977,Master,50353.0,0,0,2014-06-08,72,141,15,153,67,31,35,1,4,4,6,3,0,0,0,0,0,0,0,37,0,442,0.3190045248868778,0.34615384615384615,15,0.26666666666666666,29.466666666666665,1,0,1,0,0,0,21
7301,1982,2n Cycle,23616.0,1,0,2012-11-17,76,4,22,11,3,7,32,2,3,0,3,8,0,0,0,0,0,0,1,32,1,79,0.05063291139240506,0.13924050632911392,8,0.375,9.875,0,1,0,1,0,0,589
4988,1948,PhD,34469.0,1,1,2014-05-04,58,19,6,20,0,5,12,3,1,1,4,4,0,0,0,0,0,0,0,66,2,62,0.3064516129032258,0.3225806451612903,9,0.1111111111111111,6.888888888888889,1,0,1,0,0,0,56
8527,1965,Master,65735.0,1,1,2013-12-07,37,239,7,119,4,15,11,5,6,2,6,7,0,0,0,0,0,0,0,49,2,395,0.6050632911392405,0.3012658227848101,19,0.3157894736842105,20.789473684210527,1,0,0,0,1,0,204
3665,1977,2n Cycle,25315.0,1,0,2013-11-07,46,1,9,8,11,3,22,3,3,0,3,8,0,0,0,0,0,0,0,37,1,54,0.018518518518518517,0.14814814814814814,9,0.3333333333333333,6.0,0,1,0,0,1,0,234
6887,1967,Graduation,79146.0,1,1,2014-04-24,33,245,16,223,21,43,16,2,8,1,8,6,0,0,0,0,0,0,0,47,2,564,0.43439716312056736,0.3953900709219858,19,0.42105263157894735,29.68421052631579,0,0,0,1,0,0,66
7732,1978,Graduation,64813.0,1,0,2014-01-02,81,293,0,124,179,97,52,1,7,2,10,5,0,0,0,0,0,0,0,36,1,745,0.3932885906040268,0.16644295302013423,20,0.35,37.25,0,0,1,0,0,0,178
2656,1971,Graduation,40851.0,1,1,2013-02-21,63,23,1,7,0,4,24,1,1,1,2,7,0,0,0,0,0,0,0,43,2,59,0.3898305084745763,0.11864406779661017,5,0.2,11.8,0,0,0,0,0,0,493
4415,1961,Graduation,16860.0,1,1,2012-09-12,19,10,4,4,3,3,14,3,1,1,3,7,0,0,0,0,0,0,0,53,2,38,0.2631578947368421,0.10526315789473684,8,0.125,4.75,0,0,1,0,0,0,655
3602,1958,Master,51412.0,0,1,2013-12-31,42,140,3,29,4,5,14,2,3,2,4,4,0,0,0,0,0,0,0,56,1,195,0.717948717948718,0.14871794871794872,11,0.2727272727272727,17.727272727272727,1,0,1,0,0,0,180
9265,1953,Graduation,75027.0,0,1,2013-01-09,74,925,64,179,133,12,77,2,9,4,6,5,0,0,0,0,0,0,0,61,1,1390,0.6654676258992805,0.12877697841726618,21,0.42857142857142855,66.19047619047619,0,0,1,0,0,0,536
332,1957,Graduation,47743.0,0,1,2013-03-22,56,198,2,43,0,12,20,3,4,1,6,6,0,1,0,0,0,0,0,57,1,275,0.72,0.15636363636363637,14,0.2857142857142857,19.642857142857142,0,0,1,0,0,0,464
4098,1973,Graduation,24639.0,1,1,2014-01-28,3,20,3,16,0,4,1,3,2,0,4,6,0,0,0,0,0,0,0,41,2,44,0.45454545454545453,0.36363636363636365,9,0.2222222222222222,4.888888888888889,0,0,1,0,0,0,152
3412,1951,Master,67381.0,0,1,2013-01-15,67,815,8,53,11,0,70,4,2,2,9,7,0,1,0,0,0,0,0,63,1,957,0.851619644723093,0.055381400208986416,17,0.11764705882352941,56.294117647058826,1,0,1,0,0,0,530
6299,1968,PhD,42564.0,0,1,2013-01-02,28,324,48,186,39,18,198,6,6,8,4,7,1,0,0,0,0,0,1,46,1,813,0.3985239852398524,0.22878228782287824,24,0.25,33.875,1,0,0,0,0,0,543
361,1969,Master,43142.0,1,1,2014-02-18,84,5,1,7,2,1,4,1,1,0,2,7,0,0,0,0,0,0,0,45,2,20,0.25,0.35,4,0.25,5.0,1,0,1,0,0,0,131
10965,1955,Graduation,76005.0,0,0,2013-02-22,72,983,20,389,240,50,40,1,3,5,13,6,0,0,0,1,0,0,0,59,0,1722,0.5708478513356562,0.2259001161440186,22,0.13636363636363635,78.27272727272727,0,0,0,0,1,0,492
7055,1952,PhD,61010.0,0,1,2012-10-09,57,888,0,57,0,0,76,2,8,5,11,5,0,0,0,0,0,0,0,62,1,1021,0.8697355533790402,0.05582761998041136,26,0.3076923076923077,39.26923076923077,1,0,0,0,1,0,628
6437,1985,2n Cycle,41473.0,1,0,2013-06-19,80,21,8,20,15,3,9,1,2,0,3,7,0,0,0,0,0,0,0,29,1,76,0.27631578947368424,0.2631578947368421,6,0.3333333333333333,12.666666666666666,0,1,0,1,0,0,375
5633,1980,Graduation,50183.0,1,1,2014-06-25,47,97,12,84,13,10,15,7,3,1,6,5,0,0,0,0,0,0,0,34,2,231,0.4199134199134199,0.36363636363636365,17,0.17647058823529413,13.588235294117647,0,0,1,0,0,0,4
295,1989,Graduation,81217.0,0,0,2013-07-19,77,493,70,324,146,40,84,1,3,7,11,1,0,0,0,0,0,0,0,25,0,1157,0.4261019878997407,0.28003457216940364,22,0.13636363636363635,52.59090909090909,0,0,0,1,0,0,345
4877,1973,Master,38576.0,0,1,2014-03-04,2,34,0,7,0,0,0,1,1,0,3,7,0,0,0,0,0,0,0,41,1,41,0.8292682926829268,0.17073170731707318,5,0.2,8.2,1,0,1,0,0,0,117
8789,1989,2n Cycle,59060.0,1,0,2014-01-11,77,35,40,111,36,40,12,3,3,1,7,4,0,0,0,0,0,0,0,25,1,274,0.12773722627737227,0.4051094890510949,14,0.21428571428571427,19.571428571428573,0,1,1,0,0,0,169
3469,1977,PhD,34487.0,1,1,2012-09-06,94,19,18,33,24,1,8,3,3,0,3,9,0,0,0,0,0,0,0,37,2,103,0.18446601941747573,0.32038834951456313,9,0.3333333333333333,11.444444444444445,1,0,0,0,0,0,661
10307,1956,Graduation,50387.0,0,2,2013-08-31,91,369,9,87,12,14,34,3,6,2,8,5,0,0,0,0,0,0,0,58,2,525,0.7028571428571428,0.1657142857142857,19,0.3157894736842105,27.63157894736842,0,0,1,0,0,0,302
10767,1989,PhD,77845.0,0,0,2014-05-16,40,760,40,480,0,40,26,1,3,5,12,1,0,0,1,1,0,0,0,25,0,1346,0.5646359583952452,0.35661218424962854,21,0.14285714285714285,64.0952380952381,1,0,0,0,1,0,44
7233,1972,Graduation,69209.0,0,0,2012-09-17,4,496,32,849,229,48,128,2,5,3,6,4,0,0,0,1,0,0,0,42,0,1782,0.2783389450056117,0.4764309764309764,16,0.3125,111.375,0,0,1,0,0,0,650
2326,1990,Graduation,18929.0,0,0,2013-02-16,15,32,0,8,23,4,18,1,1,0,4,6,0,0,0,0,0,0,0,24,0,85,0.3764705882352941,0.09411764705882353,6,0.16666666666666666,14.166666666666666,0,0,1,0,0,0,498
8181,1978,2n Cycle,38593.0,1,0,2013-09-13,42,51,12,49,17,24,24,3,4,1,3,8,0,0,0,0,0,0,0,36,1,177,0.288135593220339,0.2768361581920904,11,0.36363636363636365,16.09090909090909,0,1,0,1,0,0,289
10381,1979,Graduation,47691.0,0,1,2013-07-05,43,14,0,3,0,0,4,1,1,0,2,6,0,0,0,0,0,0,0,35,1,21,0.6666666666666666,0.14285714285714285,4,0.25,5.25,0,0,0,1,0,0,359
8812,1979,2n Cycle,13533.0,1,0,2013-03-10,45,12,3,8,8,0,17,2,2,0,3,7,0,0,0,0,0,0,0,35,1,48,0.25,0.16666666666666666,7,0.2857142857142857,6.857142857142857,0,1,0,0,0,0,476
8566,1961,PhD,32583.0,1,1,2014-06-15,10,5,0,3,0,0,1,1,1,0,2,7,0,0,0,0,0,0,0,53,2,9,0.5555555555555556,0.3333333333333333,4,0.25,2.25,1,0,0,0,1,0,14
4939,1946,Graduation,37760.0,0,0,2012-08-31,20,84,5,38,150,12,28,2,4,1,6,7,0,0,0,0,0,0,0,68,0,317,0.26498422712933756,0.11987381703470032,13,0.3076923076923077,24.384615384615383,0,0,0,0,1,0,667
3381,1953,Master,54348.0,1,1,2014-06-08,51,70,0,16,0,0,4,2,2,0,4,6,0,0,0,0,0,0,0,61,2,90,0.7777777777777778,0.17777777777777778,8,0.25,11.25,1,0,1,0,0,0,21
1745,1962,PhD,85696.0,0,0,2013-05-03,88,714,76,395,116,0,12,1,4,6,9,1,0,0,0,0,0,0,1,52,0,1313,0.5437928408225438,0.3008377760853008,20,0.2,65.65,1,0,0,0,0,0,422
679,1957,PhD,37633.0,1,1,2012-09-20,49,13,4,20,0,0,1,2,1,0,3,9,0,0,0,0,0,0,0,57,2,38,0.34210526315789475,0.5263157894736842,6,0.16666666666666666,6.333333333333333,1,0,1,0,0,0,647
10659,1979,2n Cycle,7500.0,1,0,2013-05-07,7,2,8,11,3,8,21,4,3,2,2,7,0,0,0,0,0,0,0,35,1,53,0.03773584905660377,0.20754716981132076,11,0.2727272727272727,4.818181818181818,0,1,0,0,1,0,418
5303,1974,PhD,79632.0,0,0,2014-04-08,42,471,0,510,99,21,12,1,6,4,9,2,0,0,0,0,0,0,0,40,0,1113,0.42318059299191374,0.4582210242587601,20,0.3,55.65,1,0,0,0,1,0,82
3056,1978,Graduation,63693.0,0,1,2013-10-14,63,587,43,337,42,87,54,3,11,6,9,6,0,0,0,0,0,0,0,36,1,1150,0.5104347826086957,0.29304347826086957,29,0.3793103448275862,39.6551724137931,0,0,0,0,0,0,258
10992,1967,Graduation,75702.0,1,1,2012-08-29,77,650,28,353,45,42,30,5,4,6,11,8,0,0,0,0,0,0,0,47,2,1148,0.5662020905923345,0.3074912891986063,26,0.15384615384615385,44.15384615384615,0,0,0,0,1,0,669
9733,1978,Basic,24882.0,1,0,2012-09-09,52,1,4,10,29,0,36,1,1,1,2,6,1,0,0,0,0,0,0,36,1,80,0.0125,0.125,5,0.2,16.0,0,1,0,0,1,0,658
4066,1978,2n Cycle,21282.0,1,0,2014-05-11,76,1,5,8,4,8,20,2,2,1,2,6,0,0,0,0,0,0,0,36,1,46,0.021739130434782608,0.17391304347826086,7,0.2857142857142857,6.571428571428571,0,1,0,0,0,0,49
5184,1995,Graduation,34824.0,0,0,2014-03-26,65,4,2,11,2,0,4,1,1,0,2,6,0,0,0,0,0,0,0,19,0,23,0.17391304347826086,0.4782608695652174,4,0.25,5.75,0,0,0,1,0,0,95
6384,1978,Graduation,71022.0,0,1,2014-02-11,30,909,12,278,0,12,242,3,5,2,11,8,1,0,0,0,0,0,0,36,1,1453,0.6256022023399862,0.1913282863041982,21,0.23809523809523808,69.19047619047619,0,0,0,0,0,0,138
3799,1955,Graduation,67225.0,0,1,2013-11-26,4,315,35,322,46,7,143,3,7,2,11,5,0,0,0,0,0,0,0,59,1,868,0.3629032258064516,0.3709677419354839,23,0.30434782608695654,37.73913043478261,0,0,1,0,0,0,215
988,1965,Graduation,81168.0,0,0,2014-05-07,84,410,0,592,147,22,22,1,6,4,7,3,0,0,0,1,0,0,0,49,0,1193,0.34367141659681477,0.49622799664710815,18,0.3333333333333333,66.27777777777777,0,0,1,0,0,0,53
7698,1976,PhD,51650.0,0,1,2014-05-11,81,152,3,22,2,5,7,1,4,1,4,5,0,0,0,0,0,0,0,38,1,191,0.7958115183246073,0.11518324607329843,10,0.4,19.1,1,0,1,0,0,0,49
1717,1988,Graduation,39747.0,1,0,2014-04-13,43,80,15,93,20,13,52,3,5,1,4,8,0,0,0,0,0,0,0,26,1,273,0.29304029304029305,0.34065934065934067,13,0.38461538461538464,21.0,0,0,0,1,0,0,77
466,1944,Graduation,65275.0,0,0,2013-04-03,9,388,14,218,91,14,21,1,4,3,13,2,0,0,0,0,0,0,0,70,0,746,0.5201072386058981,0.29222520107238603,21,0.19047619047619047,35.523809523809526,0,0,1,0,0,0,452
8805,1960,Graduation,48904.0,0,1,2012-12-02,1,283,10,38,0,13,27,4,7,2,4,8,0,0,0,0,0,0,0,54,1,371,0.7628032345013477,0.10242587601078167,17,0.4117647058823529,21.823529411764707,0,0,0,1,0,0,574
10144,1976,Graduation,51369.0,0,1,2012-10-25,84,297,7,79,0,11,182,2,8,2,4,8,0,0,0,0,0,0,0,38,1,576,0.515625,0.1371527777777778,16,0.5,36.0,0,0,0,0,1,0,612
4786,1977,Graduation,75330.0,1,1,2012-10-04,94,555,82,257,93,61,61,4,10,3,12,6,0,0,0,0,0,0,0,37,2,1109,0.5004508566275925,0.23174030658250677,29,0.3448275862068966,38.241379310344826,0,0,1,0,0,0,633
1008,1981,PhD,44953.0,0,0,2012-12-21,31,728,17,133,11,8,124,1,7,3,13,6,1,0,0,0,0,0,0,33,0,1021,0.713026444662096,0.13026444662095985,24,0.2916666666666667,42.541666666666664,1,0,0,0,1,0,555
2929,1976,Graduation,20180.0,0,0,2013-02-20,27,18,42,24,15,20,18,1,2,1,4,7,0,0,0,0,0,0,0,38,0,137,0.13138686131386862,0.17518248175182483,8,0.25,17.125,0,0,0,1,0,0,494
405,1964,Graduation,41638.0,0,1,2013-02-13,68,315,0,31,4,0,91,4,5,5,3,8,1,0,0,0,0,0,0,50,1,441,0.7142857142857143,0.07029478458049887,17,0.29411764705882354,25.941176470588236,0,0,0,0,0,0,501
3696,1965,Graduation,30630.0,1,1,2014-01-27,67,27,1,12,2,0,10,2,2,0,3,7,0,0,0,0,0,0,0,49,2,52,0.5192307692307693,0.23076923076923078,7,0.2857142857142857,7.428571428571429,0,0,0,0,0,0,153
10490,1969,PhD,51039.0,1,1,2012-12-10,11,100,64,79,65,0,109,2,6,2,4,7,0,0,0,0,0,0,0,45,2,417,0.23980815347721823,0.18944844124700239,14,0.42857142857142855,29.785714285714285,1,0,1,0,0,0,566
3807,1955,Graduation,59925.0,0,1,2012-11-30,83,473,21,176,19,21,56,3,9,2,9,6,0,0,0,0,0,0,0,59,1,766,0.6174934725848564,0.2297650130548303,23,0.391304347826087,33.30434782608695,0,0,0,0,1,0,576
10581,1977,Graduation,41124.0,1,0,2012-10-31,41,281,7,84,15,0,119,7,7,3,4,8,0,0,0,0,0,0,0,37,1,506,0.5553359683794467,0.16600790513833993,21,0.3333333333333333,24.095238095238095,0,0,1,0,0,0,606
9283,1978,Graduation,60199.0,1,2,2013-09-12,49,8,1,7,2,0,0,1,0,0,3,4,0,0,0,0,0,0,0,36,3,18,0.4444444444444444,0.3888888888888889,4,0.0,4.5,0,0,0,1,0,0,290
4136,1992,Basic,7500.0,1,0,2012-12-03,63,10,17,18,8,26,40,4,3,2,2,9,0,0,0,0,0,0,0,22,1,119,0.08403361344537816,0.15126050420168066,11,0.2727272727272727,10.818181818181818,0,1,0,1,0,0,573
5545,1972,PhD,78075.0,0,0,2014-04-05,72,572,8,259,34,35,80,1,3,5,5,1,0,0,0,0,0,0,0,42,0,988,0.5789473684210527,0.26214574898785425,14,0.21428571428571427,70.57142857142857,1,0,1,0,0,0,85
9736,1980,Graduation,41850.0,1,1,2012-12-24,51,53,5,19,2,13,4,3,3,0,3,8,0,0,0,0,0,0,0,34,2,96,0.5520833333333334,0.19791666666666666,9,0.3333333333333333,10.666666666666666,0,0,1,0,0,0,552
1079,1971,PhD,71969.0,0,1,2012-10-16,59,1000,0,76,0,0,10,3,3,4,9,8,0,1,0,0,0,0,0,43,1,1086,0.9208103130755064,0.06998158379373849,19,0.15789473684210525,57.1578947368421,1,0,1,0,0,0,621
6421,1961,Graduation,88347.0,0,0,2013-07-03,32,1050,178,555,77,138,118,1,4,7,9,1,0,0,0,1,0,0,0,53,0,2116,0.4962192816635161,0.2622873345935728,21,0.19047619047619047,100.76190476190476,0,0,0,0,1,0,361
4286,1970,PhD,57642.0,0,1,2014-01-09,24,580,6,58,8,0,27,3,7,6,6,4,1,0,0,0,0,0,0,44,1,679,0.8541973490427098,0.08541973490427099,22,0.3181818181818182,30.863636363636363,1,0,0,1,0,0,171
2256,1973,Master,27159.0,1,1,2014-03-29,33,17,0,3,0,0,1,2,1,0,3,6,0,0,0,0,0,0,0,41,2,21,0.8095238095238095,0.14285714285714285,6,0.16666666666666666,3.5,1,0,1,0,0,0,92
528,1978,Graduation,65819.0,0,0,2012-11-29,99,267,38,701,149,165,63,1,5,4,10,3,0,0,0,0,0,0,0,36,0,1383,0.19305856832971802,0.5068691250903832,20,0.25,69.15,0,0,1,0,0,0,577
7093,1985,Graduation,19986.0,1,0,2013-11-14,74,3,6,5,0,2,6,1,0,0,3,7,0,0,0,0,0,0,0,29,1,22,0.13636363636363635,0.22727272727272727,4,0.0,5.5,0,0,1,0,0,0,227
1876,1990,Graduation,18929.0,0,0,2013-02-16,15,32,0,8,23,4,18,1,1,0,4,6,0,0,0,0,0,0,0,24,0,85,0.3764705882352941,0.09411764705882353,6,0.16666666666666666,14.166666666666666,0,0,1,0,0,0,498
2886,1971,Master,74290.0,0,1,2013-08-12,70,1121,0,72,0,12,12,4,10,8,10,6,0,1,0,1,0,0,0,43,1,1217,0.9211175020542317,0.05916187345932621,32,0.3125,38.03125,1,0,0,0,0,0,321
6059,1953,PhD,64504.0,1,2,2013-03-04,81,986,36,168,16,0,108,7,11,3,4,7,0,0,0,0,0,0,1,61,3,1314,0.7503805175038052,0.1278538812785388,25,0.44,52.56,1,0,0,0,1,0,482
5872,1951,Graduation,60689.0,0,1,2013-06-01,23,240,90,216,63,6,24,4,4,4,10,3,0,0,0,0,0,0,0,63,1,639,0.3755868544600939,0.3380281690140845,22,0.18181818181818182,29.045454545454547,0,0,0,1,0,0,393
7706,1975,2n Cycle,46772.0,0,1,2012-11-07,88,350,104,189,197,151,57,6,11,8,5,8,1,0,0,0,0,0,0,39,1,1048,0.33396946564885494,0.1803435114503817,30,0.36666666666666664,34.93333333333333,0,1,0,0,1,0,599
3547,1969,Master,41021.0,1,0,2012-12-30,12,14,7,9,6,16,12,2,2,0,3,6,0,0,0,0,0,0,1,45,1,64,0.21875,0.140625,7,0.2857142857142857,9.142857142857142,1,0,0,0,1,0,546
4541,1955,Graduation,38946.0,0,1,2013-10-24,84,116,6,82,6,6,41,2,3,1,6,5,0,0,0,0,0,0,0,59,1,257,0.45136186770428016,0.31906614785992216,12,0.25,21.416666666666668,0,0,0,0,1,0,248
9974,1974,Graduation,30631.0,1,0,2013-07-12,75,15,6,20,4,5,20,1,3,1,2,7,0,0,0,0,0,0,0,40,1,70,0.21428571428571427,0.2857142857142857,7,0.42857142857142855,10.0,0,0,1,0,0,0,352
3427,1955,PhD,59821.0,0,1,2013-04-12,11,629,0,70,0,0,35,6,11,2,7,8,0,0,0,0,0,0,0,59,1,734,0.8569482288828338,0.09536784741144415,26,0.4230769230769231,28.23076923076923,1,0,1,0,0,0,443
310,1970,Master,61872.0,0,1,2013-12-13,81,330,5,159,36,27,16,4,4,4,9,4,0,0,0,0,0,0,0,44,1,573,0.5759162303664922,0.2774869109947644,21,0.19047619047619047,27.285714285714285,1,0,1,0,0,0,198
10949,1963,PhD,72968.0,0,0,2013-12-16,8,1092,37,592,145,37,55,1,5,5,8,3,0,0,0,1,0,0,1,51,0,1958,0.557711950970378,0.3023493360572012,19,0.2631578947368421,103.05263157894737,1,0,0,0,0,0,195
7375,1976,Graduation,51369.0,0,1,2012-10-25,84,297,7,79,0,11,182,2,8,2,4,8,0,0,0,0,0,0,0,38,1,576,0.515625,0.1371527777777778,16,0.5,36.0,0,0,0,0,1,0,612
2404,1976,Graduation,53359.0,1,1,2013-05-27,4,173,4,30,3,6,41,4,5,1,4,7,0,0,0,0,0,0,0,38,2,257,0.6731517509727627,0.11673151750972763,14,0.35714285714285715,18.357142857142858,0,0,1,0,0,0,398
3969,1974,Master,43018.0,0,1,2013-11-01,46,35,4,17,7,6,64,1,2,2,2,5,0,0,0,0,0,0,0,40,1,133,0.2631578947368421,0.12781954887218044,7,0.2857142857142857,19.0,1,0,0,0,1,0,240
6289,1951,Master,59385.0,1,1,2013-04-28,85,135,0,10,0,4,36,2,3,1,4,5,0,0,0,0,0,0,0,63,2,185,0.7297297297297297,0.05405405405405406,10,0.3,18.5,1,0,0,0,1,0,427
5012,1989,Graduation,28691.0,1,0,2013-07-04,56,5,4,13,8,0,4,1,1,0,3,8,0,0,0,0,0,0,0,25,1,34,0.14705882352941177,0.38235294117647056,5,0.2,6.8,0,0,1,0,0,0,360
6983,1950,Master,38054.0,1,1,2014-05-01,24,23,2,17,2,1,0,2,2,0,3,7,0,0,0,0,0,0,0,64,2,45,0.5111111111111111,0.37777777777777777,7,0.2857142857142857,6.428571428571429,1,0,0,0,0,0,59
8140,1973,Graduation,22682.0,1,0,2013-10-03,51,10,14,29,4,2,36,3,2,1,4,4,0,0,0,0,0,0,0,41,1,95,0.10526315789473684,0.30526315789473685,10,0.2,9.5,0,0,0,0,1,0,269
6798,1966,Graduation,37070.0,1,1,2013-03-20,30,231,7,137,4,15,39,9,5,1,8,7,0,0,0,0,0,0,1,48,2,433,0.5334872979214781,0.3163972286374134,23,0.21739130434782608,18.82608695652174,0,0,0,1,0,0,466
10755,1976,2n Cycle,23718.0,1,0,2013-09-02,76,6,3,14,15,7,36,3,3,1,2,7,0,0,0,0,0,0,0,38,1,81,0.07407407407407407,0.1728395061728395,9,0.3333333333333333,9.0,0,1,1,0,0,0,300
1890,1971,2n Cycle,42033.0,1,1,2012-09-19,95,11,1,4,2,0,7,1,1,0,2,7,0,0,0,0,0,0,0,43,2,25,0.44,0.16,4,0.25,6.25,0,1,0,0,1,0,648
7094,1975,Graduation,58330.0,0,1,2013-12-25,87,445,53,213,104,98,151,1,6,4,13,4,0,0,0,0,0,0,0,39,1,1064,0.4182330827067669,0.20018796992481203,24,0.25,44.333333333333336,0,0,0,0,0,1,186
8870,1984,Graduation,35196.0,1,0,2012-11-13,68,75,12,141,43,39,187,6,6,1,5,8,0,0,0,0,0,0,1,30,1,497,0.15090543259557343,0.2837022132796781,18,0.3333333333333333,27.61111111111111,0,0,0,0,1,0,593
9958,1972,Graduation,65685.0,0,1,2014-03-29,54,642,14,49,0,7,57,1,9,2,9,5,0,0,0,0,0,0,0,42,1,769,0.834850455136541,0.06371911573472042,21,0.42857142857142855,36.61904761904762,0,0,1,0,0,0,92
564,1981,PhD,56937.0,1,0,2012-08-04,81,746,8,125,11,8,8,7,8,6,9,6,0,1,0,0,0,0,1,33,1,906,0.8233995584988962,0.13796909492273732,30,0.26666666666666666,30.2,1,0,0,0,1,0,694
5623,1980,Master,31535.0,1,0,2013-09-26,95,15,4,13,0,0,19,1,1,1,2,7,1,0,0,0,0,0,0,34,1,51,0.29411764705882354,0.2549019607843137,5,0.2,10.2,1,0,1,0,0,0,276
2134,1952,Graduation,53700.0,0,1,2012-08-17,94,263,5,233,69,41,83,4,5,5,8,5,0,0,0,0,0,0,0,62,1,694,0.37896253602305474,0.3357348703170029,22,0.22727272727272727,31.545454545454547,0,0,0,1,0,0,681
7366,1982,Master,75777.0,0,0,2013-07-04,12,712,26,538,69,13,80,1,3,6,11,1,0,1,1,0,0,0,1,32,0,1438,0.4951321279554937,0.3741307371349096,21,0.14285714285714285,68.47619047619048,1,0,0,1,0,0,360
7230,1960,PhD,50611.0,0,1,2012-10-04,98,459,0,24,6,0,4,6,4,5,7,6,0,1,0,0,0,0,1,54,1,493,0.9310344827586207,0.0486815415821501,22,0.18181818181818182,22.40909090909091,1,0,0,0,0,0,633
11013,1987,Graduation,67605.0,0,0,2013-03-31,84,336,28,282,184,54,54,1,2,8,6,1,0,0,0,0,0,0,0,27,0,938,0.3582089552238806,0.3006396588486141,17,0.11764705882352941,55.1764705882353,0,0,0,0,1,0,455
2131,1959,PhD,62859.0,0,1,2012-12-30,37,1063,89,102,16,12,25,4,9,4,6,6,0,0,0,0,0,0,0,55,1,1307,0.8133129303749044,0.07804131599081866,23,0.391304347826087,56.82608695652174,1,0,0,0,0,0,546
6958,1977,Master,27889.0,1,0,2013-07-05,42,14,0,4,0,0,8,1,1,1,2,6,0,0,0,0,0,0,0,37,1,26,0.5384615384615384,0.15384615384615385,5,0.2,5.2,1,0,1,0,0,0,359
1176,1973,Graduation,26228.0,1,0,2013-09-22,50,2,6,4,3,1,9,1,1,0,2,8,0,0,0,0,0,0,0,41,1,25,0.08,0.16,4,0.25,6.25,0,0,1,0,0,0,280
8432,1956,Graduation,54450.0,1,1,2012-09-14,0,454,0,171,8,19,32,12,9,2,8,8,0,0,0,0,0,0,0,58,2,684,0.6637426900584795,0.25,31,0.2903225806451613,22.06451612903226,0,0,0,0,1,0,653
5654,1972,Graduation,36026.0,2,1,2014-03-16,34,20,4,10,6,4,17,2,2,0,3,6,0,0,0,0,0,0,0,42,3,61,0.32786885245901637,0.16393442622950818,7,0.2857142857142857,8.714285714285714,0,0,1,0,0,0,105
6679,1966,Graduation,33279.0,0,0,2014-06-12,29,10,3,3,0,0,0,1,0,0,3,3,0,0,0,0,0,0,0,48,0,16,0.625,0.1875,4,0.0,4.0,0,0,0,1,0,0,17
6050,1975,2n Cycle,57036.0,0,1,2012-12-11,33,1171,43,219,19,14,47,4,6,3,13,9,1,0,0,0,0,0,0,39,1,1513,0.7739590218109715,0.14474553866490417,26,0.23076923076923078,58.19230769230769,0,1,1,0,0,0,565
5393,1977,Graduation,23763.0,1,0,2012-08-07,64,22,0,6,6,2,6,1,1,0,3,7,0,0,0,0,0,0,0,37,1,42,0.5238095238095238,0.14285714285714285,5,0.2,8.4,0,0,0,1,0,0,691
10001,1985,2n Cycle,7500.0,1,0,2012-08-01,98,5,17,17,13,14,34,4,2,1,3,9,0,0,0,0,0,0,0,29,1,100,0.05,0.17,10,0.2,10.0,0,1,0,0,1,0,697
3099,1970,Graduation,44267.0,1,1,2013-02-25,48,183,5,65,3,5,49,5,5,2,4,9,0,0,0,0,0,0,0,44,2,310,0.5903225806451613,0.20967741935483872,16,0.3125,19.375,0,0,0,0,0,0,489
9790,1957,Graduation,78499.0,0,0,2013-11-23,12,912,72,170,47,36,97,1,11,3,4,4,0,0,1,0,0,0,1,57,0,1334,0.6836581709145427,0.12743628185907047,19,0.5789473684210527,70.21052631578948,0,0,0,1,0,0,218
9930,1944,PhD,82716.0,0,0,2013-11-05,8,606,148,228,15,148,22,1,6,8,13,2,0,0,0,0,0,0,0,70,0,1167,0.519280205655527,0.1953727506426735,28,0.21428571428571427,41.67857142857143,1,0,0,1,0,0,236
8969,1977,Graduation,71855.0,0,1,2013-01-16,59,548,31,422,0,112,28,4,5,5,11,3,0,0,0,0,0,0,0,37,1,1141,0.4802804557405784,0.3698510078878177,25,0.2,45.64,0,0,1,0,0,0,529
2795,1958,Master,30523.0,2,1,2013-07-01,0,5,0,3,0,0,5,1,1,0,2,7,0,0,0,0,0,0,0,56,3,13,0.38461538461538464,0.23076923076923078,4,0.25,3.25,1,0,0,1,0,0,363
1045,1965,Graduation,52117.0,0,1,2012-08-16,55,112,10,107,30,0,20,2,5,2,4,7,0,0,0,0,0,0,0,49,1,279,0.4014336917562724,0.3835125448028674,13,0.38461538461538464,21.46153846153846,0,0,0,0,1,0,682
9665,1957,PhD,54237.0,0,1,2013-04-27,48,267,3,30,4,0,57,4,5,2,5,6,0,0,0,0,0,0,0,57,1,361,0.739612188365651,0.08310249307479224,16,0.3125,22.5625,1,0,0,0,0,0,428
10250,1947,Basic,28389.0,0,0,2012-11-20,49,1,5,3,7,4,8,1,1,0,2,7,0,0,0,0,0,0,0,67,0,28,0.03571428571428571,0.10714285714285714,4,0.25,7.0,0,1,0,0,1,0,586
5231,1974,2n Cycle,45894.0,0,2,2014-02-27,15,27,2,7,0,2,13,1,1,0,3,5,0,0,0,0,0,0,0,40,2,51,0.5294117647058824,0.13725490196078433,5,0.2,10.2,0,1,1,0,0,0,122
5536,1959,Graduation,87771.0,0,1,2013-05-22,61,1492,38,287,50,57,33,1,5,10,4,6,0,1,1,1,1,0,1,55,1,1957,0.7623914154317833,0.14665304036791008,20,0.25,97.85,0,0,0,0,1,0,403
4351,1955,Graduation,37244.0,1,1,2013-04-27,90,18,2,10,0,0,25,1,1,1,2,7,1,0,0,0,0,0,0,59,2,55,0.32727272727272727,0.18181818181818182,5,0.2,11.0,0,0,0,0,0,0,428
1321,1974,Graduation,26067.0,1,0,2013-11-04,49,22,2,18,0,2,12,3,3,0,3,8,0,0,0,0,0,0,0,40,1,56,0.39285714285714285,0.32142857142857145,9,0.3333333333333333,6.222222222222222,0,0,1,0,0,0,237
8443,1972,Graduation,24762.0,1,0,2014-02-10,16,6,10,12,3,15,40,3,3,1,2,8,1,0,0,0,0,0,1,42,1,86,0.06976744186046512,0.13953488372093023,9,0.3333333333333333,9.555555555555555,0,0,0,1,0,0,139
3138,1956,Graduation,91249.0,0,0,2012-10-20,84,1324,27,119,71,108,27,0,7,9,6,4,0,1,1,1,1,0,1,58,0,1676,0.7899761336515513,0.07100238663484487,22,0.3181818181818182,76.18181818181819,0,0,0,1,0,0,617
10505,1960,Master,73113.0,0,0,2013-12-26,86,741,19,154,50,9,28,1,3,4,7,2,0,0,0,0,0,0,0,54,0,1001,0.7402597402597403,0.15384615384615385,15,0.2,66.73333333333333,1,0,0,0,1,0,185
5113,1971,PhD,86979.0,0,0,2013-11-07,67,584,100,835,65,83,35,1,5,5,5,2,1,0,0,0,0,0,1,43,0,1702,0.34312573443008226,0.490599294947121,16,0.3125,106.375,1,0,0,0,0,0,234
7798,1972,2n Cycle,46344.0,0,1,2012-12-14,28,233,20,57,8,20,91,4,7,1,5,7,0,0,0,0,0,0,0,42,1,429,0.5431235431235432,0.13286713286713286,17,0.4117647058823529,25.235294117647058,0,1,0,0,1,0,562
4646,1951,2n Cycle,78497.0,0,0,2013-12-01,44,207,26,447,75,0,223,1,5,7,12,2,0,0,0,1,0,0,0,63,0,978,0.2116564417177914,0.4570552147239264,25,0.2,39.12,0,1,1,0,0,0,210
87,1981,2n Cycle,27733.0,1,0,2013-08-26,16,0,7,5,26,2,17,2,2,0,3,7,0,0,0,0,0,0,0,33,1,57,0.0,0.08771929824561403,7,0.2857142857142857,8.142857142857142,0,1,1,0,0,0,307
5389,1964,Graduation,48920.0,0,2,2013-10-20,93,238,17,68,8,10,6,3,6,2,5,7,0,1,0,0,0,0,0,50,2,347,0.6858789625360231,0.19596541786743515,16,0.375,21.6875,0,0,1,0,0,0,252
10617,1989,Master,10979.0,0,0,2014-05-22,34,8,4,10,2,2,4,2,3,0,3,5,0,0,0,0,0,0,0,25,0,30,0.26666666666666666,0.3333333333333333,8,0.375,3.75,1,0,0,0,0,0,38
961,1972,Graduation,74716.0,0,1,2013-09-12,92,133,27,421,13,195,71,2,7,3,5,4,0,0,0,0,0,0,0,42,1,860,0.15465116279069768,0.48953488372093024,17,0.4117647058823529,50.588235294117645,0,0,1,0,0,0,290
5628,1982,Graduation,61416.0,0,0,2013-02-08,25,848,154,323,201,61,78,1,10,3,10,6,1,0,0,0,0,0,0,32,0,1665,0.5093093093093093,0.193993993993994,24,0.4166666666666667,69.375,0,0,0,0,1,0,506
1570,1951,PhD,69702.0,0,1,2013-02-19,8,664,9,240,50,19,57,2,7,7,10,4,0,0,0,0,0,0,0,63,1,1039,0.6390760346487007,0.23099133782483156,26,0.2692307692307692,39.96153846153846,1,0,0,0,1,0,495
9370,1945,PhD,65846.0,0,0,2013-05-17,68,562,81,276,80,40,81,1,6,3,6,4,0,0,0,0,0,0,0,69,0,1120,0.5017857142857143,0.24642857142857144,16,0.375,70.0,1,0,1,0,0,0,408
1232,1982,PhD,70038.0,0,0,2013-10-25,54,587,54,348,71,54,130,1,4,4,8,2,0,0,0,0,0,0,0,32,0,1244,0.47186495176848875,0.2797427652733119,17,0.23529411764705882,73.17647058823529,1,0,0,0,1,0,247
8204,1971,2n Cycle,78041.0,0,0,2012-12-16,93,482,35,553,72,160,17,1,4,4,9,2,0,0,0,0,0,0,0,43,0,1319,0.36542835481425323,0.41925701288855194,18,0.2222222222222222,73.27777777777777,0,1,1,0,0,0,560
4547,1960,Graduation,13672.0,1,1,2013-04-17,86,6,2,9,2,1,5,2,1,0,3,8,0,0,0,0,0,0,0,54,2,25,0.24,0.36,6,0.16666666666666666,4.166666666666667,0,0,0,0,1,0,438
8395,1961,Graduation,82014.0,0,0,2012-08-20,48,980,37,265,35,163,31,1,3,6,12,6,0,0,0,0,0,0,1,53,0,1511,0.6485771012574454,0.17538054268696227,22,0.13636363636363635,68.68181818181819,0,0,0,1,0,0,678
4179,1959,Graduation,24221.0,0,0,2013-08-20,94,8,9,9,2,5,22,1,1,1,3,4,0,0,0,0,0,0,0,55,0,55,0.14545454545454545,0.16363636363636364,6,0.16666666666666666,9.166666666666666,0,0,0,0,1,0,313
10727,1970,PhD,69084.0,1,0,2013-11-19,43,1181,107,199,39,30,30,2,7,3,13,8,0,0,0,0,0,0,0,44,1,1586,0.744640605296343,0.12547288776796975,25,0.28,63.44,1,0,1,0,0,0,222
10676,1982,Graduation,63211.0,0,0,2012-11-02,3,145,193,459,205,26,145,2,3,8,7,2,0,0,0,0,0,0,1,32,0,1173,0.12361466325660699,0.391304347826087,20,0.15,58.65,0,0,1,0,0,0,604
4676,1951,Master,73705.0,0,2,2014-03-05,86,612,91,520,258,107,107,2,9,6,8,5,0,0,0,0,0,0,0,63,2,1695,0.36106194690265486,0.30678466076696165,25,0.36,67.8,1,0,0,0,0,1,116
749,1981,Graduation,42162.0,1,0,2013-11-19,31,46,7,59,2,4,27,2,3,1,3,6,1,0,0,0,0,0,1,33,1,145,0.31724137931034485,0.4068965517241379,9,0.3333333333333333,16.11111111111111,0,0,0,0,1,0,222
2225,1977,Graduation,82582.0,0,0,2014-06-07,54,510,120,550,156,40,241,1,4,9,7,1,1,0,0,1,0,0,1,37,0,1617,0.31539888682745826,0.3401360544217687,21,0.19047619047619047,77.0,0,0,0,0,0,0,22
7987,1969,Graduation,65747.0,0,1,2014-03-07,96,346,17,48,23,13,13,4,8,1,6,6,0,1,0,0,0,0,0,45,1,460,0.7521739130434782,0.10434782608695652,19,0.42105263157894735,24.210526315789473,0,0,1,0,0,0,114
3645,1972,PhD,27213.0,1,0,2012-08-30,19,19,3,26,10,9,3,3,2,0,4,8,0,0,0,0,0,0,1,42,1,70,0.2714285714285714,0.37142857142857144,9,0.2222222222222222,7.777777777777778,1,0,0,1,0,0,668
1077,1974,Graduation,56715.0,0,0,2012-12-05,52,258,105,239,237,172,9,1,7,3,4,4,0,0,0,0,0,0,0,40,0,1020,0.2529411764705882,0.23431372549019608,15,0.4666666666666667,68.0,0,0,0,0,1,0,571
868,1966,Graduation,44794.0,0,1,2014-06-08,99,54,0,7,0,0,4,1,2,0,3,6,0,0,0,0,0,0,0,48,1,65,0.8307692307692308,0.1076923076923077,6,0.3333333333333333,10.833333333333334,0,0,1,0,0,0,21
8207,1957,2n Cycle,53233.0,0,1,2014-03-18,18,28,0,9,3,0,0,1,1,0,3,4,0,0,0,0,0,0,0,57,1,40,0.7,0.225,5,0.2,8.0,0,1,1,0,0,0,103
7947,1969,Graduation,42231.0,1,1,2014-03-25,99,24,0,8,0,1,4,1,1,0,3,5,0,0,0,0,0,0,0,45,2,37,0.6486486486486487,0.21621621621621623,5,0.2,7.4,0,0,1,0,0,0,96
5995,1962,Graduation,39552.0,1,1,2012-12-18,54,165,3,147,4,24,41,7,6,2,5,8,0,0,0,0,0,0,1,52,2,384,0.4296875,0.3828125,20,0.3,19.2,0,0,0,0,0,0,558
2147,1969,Graduation,76653.0,0,0,2013-08-16,91,736,63,946,219,189,126,1,4,7,11,2,0,0,1,1,0,0,0,45,0,2279,0.3229486616937253,0.41509433962264153,23,0.17391304347826086,99.08695652173913,0,0,0,0,1,0,317
4855,1974,PhD,30351.0,1,0,2013-06-06,19,14,0,24,3,3,2,1,3,0,2,9,0,0,0,0,0,0,1,40,1,46,0.30434782608695654,0.5217391304347826,6,0.5,7.666666666666667,1,0,0,0,1,0,388
8562,1969,Graduation,54165.0,0,0,2013-05-28,72,127,4,73,15,6,11,1,2,1,7,2,0,0,0,0,0,0,0,45,0,236,0.538135593220339,0.3093220338983051,11,0.18181818181818182,21.454545454545453,0,0,0,0,1,0,397
10104,1974,Graduation,33590.0,2,1,2013-11-03,65,4,0,2,0,0,2,1,1,0,2,7,0,0,0,0,0,0,0,40,3,8,0.5,0.25,4,0.25,2.0,0,0,0,0,1,0,238
2055,1973,PhD,35860.0,1,1,2014-05-19,37,15,0,8,4,2,20,2,1,1,2,5,1,0,0,0,0,0,0,41,2,49,0.30612244897959184,0.16326530612244897,6,0.16666666666666666,8.166666666666666,1,0,0,0,0,0,41
4148,1972,Graduation,38988.0,1,2,2012-08-20,90,164,24,103,12,3,42,7,5,1,6,8,0,0,0,0,0,0,0,42,3,348,0.47126436781609193,0.2959770114942529,19,0.2631578947368421,18.31578947368421,0,0,1,0,0,0,678
4065,1976,PhD,49544.0,1,0,2013-02-12,0,308,0,73,0,0,23,2,5,1,8,7,0,0,0,0,0,0,0,38,1,404,0.7623762376237624,0.1806930693069307,16,0.3125,25.25,1,0,1,0,0,0,502
5304,1974,PhD,30899.0,1,0,2012-10-13,35,24,0,8,0,0,1,2,1,0,3,6,0,0,0,0,0,0,0,40,1,33,0.7272727272727273,0.24242424242424243,6,0.16666666666666666,5.5,1,0,0,1,0,0,624
4832,1979,Graduation,27244.0,1,0,2014-03-07,84,6,5,17,3,24,46,2,2,2,2,7,0,0,0,0,0,0,0,35,1,101,0.0594059405940594,0.16831683168316833,8,0.25,12.625,0,0,1,0,0,0,114
905,1986,Graduation,21846.0,1,0,2013-10-22,38,7,17,18,6,10,26,4,4,0,3,8,0,0,0,0,0,0,0,28,1,84,0.08333333333333333,0.21428571428571427,11,0.36363636363636365,7.636363636363637,0,0,0,0,0,0,250
10157,1965,Graduation,59686.0,0,1,2014-01-25,78,89,15,89,34,42,5,1,4,1,6,4,0,0,0,0,0,0,0,49,1,274,0.3248175182481752,0.3248175182481752,12,0.3333333333333333,22.833333333333332,0,0,0,1,0,0,155
8017,1981,2n Cycle,51111.0,1,1,2014-06-19,83,22,0,19,6,5,3,2,2,0,3,6,0,0,0,0,0,0,0,33,2,55,0.4,0.34545454545454546,7,0.2857142857142857,7.857142857142857,0,1,1,0,0,0,10
7022,1971,Graduation,76445.0,1,0,2012-09-28,2,739,107,309,140,80,35,1,2,5,13,6,0,0,0,0,0,0,0,43,1,1410,0.524113475177305,0.21914893617021278,21,0.09523809523809523,67.14285714285714,0,0,1,0,0,0,639
6568,1984,Graduation,38680.0,1,0,2013-03-28,97,11,0,36,15,5,12,1,2,0,3,7,0,0,0,0,0,0,0,30,1,79,0.13924050632911392,0.45569620253164556,6,0.3333333333333333,13.166666666666666,0,0,1,0,0,0,458
8858,1972,PhD,44325.0,0,1,2013-03-07,69,516,0,21,0,0,5,4,8,2,7,8,0,1,0,0,0,0,0,42,1,542,0.9520295202952029,0.03874538745387454,21,0.38095238095238093,25.80952380952381,1,0,1,0,0,0,479
10156,1975,Graduation,84196.0,0,1,2013-06-03,56,215,63,507,231,31,190,1,8,4,7,3,0,0,0,0,0,0,0,39,1,1237,0.17380759902991108,0.40986257073565074,20,0.4,61.85,0,0,0,1,0,0,391
8842,1971,Graduation,30372.0,1,1,2012-12-25,33,15,0,12,7,3,7,3,2,0,3,7,0,0,0,0,0,0,0,43,2,44,0.3409090909090909,0.2727272727272727,8,0.25,5.5,0,0,0,0,0,1,551
2937,1974,PhD,68352.0,0,1,2013-08-28,47,614,16,132,43,33,33,3,8,5,9,6,0,0,0,0,0,0,0,40,1,871,0.7049368541905855,0.1515499425947187,25,0.32,34.84,1,0,0,1,0,0,305
1419,1950,Graduation,34026.0,1,1,2013-08-05,11,18,6,15,12,8,17,3,2,1,3,5,0,0,0,0,0,0,0,64,2,76,0.23684210526315788,0.19736842105263158,9,0.2222222222222222,8.444444444444445,0,0,0,0,1,0,328
2387,1952,Master,43776.0,1,1,2013-02-03,9,177,2,71,3,2,20,6,5,2,4,8,0,0,0,0,0,0,1,62,2,275,0.6436363636363637,0.2581818181818182,17,0.29411764705882354,16.176470588235293,1,0,0,0,1,0,511
10711,1945,Graduation,69755.0,0,0,2013-10-02,23,217,77,373,111,23,93,1,3,6,12,1,0,0,0,0,0,0,0,69,0,894,0.24272930648769575,0.4172259507829978,22,0.13636363636363635,40.63636363636363,0,0,1,0,0,0,270
1183,1949,Master,36408.0,1,1,2013-09-21,11,9,1,4,3,2,3,1,1,0,2,6,0,0,0,0,0,0,0,65,2,22,0.4090909090909091,0.18181818181818182,4,0.25,5.5,1,0,1,0,0,0,281
2452,1971,Graduation,34600.0,1,1,2013-01-01,8,199,33,60,8,3,15,5,5,2,5,8,0,0,0,0,0,0,1,43,2,318,0.6257861635220126,0.18867924528301888,17,0.29411764705882354,18.705882352941178,0,0,0,0,1,0,544
9284,1958,Graduation,53977.0,0,1,2013-06-08,21,620,16,165,0,24,82,5,5,5,12,5,0,0,0,0,0,0,0,56,1,907,0.6835722160970231,0.1819184123484013,27,0.18518518518518517,33.592592592592595,0,0,0,0,1,0,386
2942,1964,Graduation,45906.0,0,1,2013-05-07,20,305,3,27,4,3,144,2,5,4,4,5,1,0,0,0,0,0,0,50,1,486,0.6275720164609053,0.05555555555555555,15,0.3333333333333333,32.4,0,0,0,1,0,0,418
6147,1971,Graduation,25818.0,1,0,2012-10-18,51,5,2,8,2,2,9,1,0,1,2,7,0,0,0,0,0,0,0,43,1,28,0.17857142857142858,0.2857142857142857,4,0.0,7.0,0,0,0,0,0,0,619
6355,1978,Graduation,44359.0,1,1,2014-06-17,19,20,0,14,7,3,1,3,2,0,4,3,0,0,0,0,0,0,0,36,2,45,0.4444444444444444,0.3111111111111111,9,0.2222222222222222,5.0,0,0,1,0,0,0,12
22,1976,Graduation,46310.0,1,0,2012-12-03,99,185,2,88,15,5,14,2,6,1,5,8,0,0,0,0,0,0,0,38,1,309,0.598705501618123,0.284789644012945,14,0.42857142857142855,22.071428571428573,0,0,0,0,0,0,573
9931,1963,PhD,4023.0,1,1,2014-06-23,29,5,0,1,1,1,1,15,0,0,0,19,0,0,0,0,0,0,0,51,2,9,0.5555555555555556,0.1111111111111111,15,0.0,0.6,1,0,1,0,0,0,6
5796,1963,Graduation,77437.0,0,0,2013-11-26,70,560,21,442,29,44,29,1,4,5,13,1,0,0,1,0,0,0,0,51,0,1125,0.49777777777777776,0.3928888888888889,23,0.17391304347826086,48.91304347826087,0,0,1,0,0,0,215
10837,1975,Graduation,23957.0,1,0,2012-10-28,47,2,1,18,20,11,16,1,2,0,3,6,0,0,0,0,0,0,1,39,1,68,0.029411764705882353,0.2647058823529412,6,0.3333333333333333,11.333333333333334,0,0,1,0,0,0,609
10530,1959,PhD,67786.0,0,0,2013-12-07,0,431,82,441,80,20,102,1,3,6,6,1,0,0,0,0,0,0,1,55,0,1156,0.3728373702422145,0.3814878892733564,16,0.1875,72.25,1,0,0,0,0,1,204
9797,1956,Graduation,58116.0,0,1,2014-04-13,38,228,19,130,4,11,51,2,3,3,8,2,0,0,0,0,0,0,0,58,1,443,0.5146726862302483,0.29345372460496616,16,0.1875,27.6875,0,0,1,0,0,0,77
10258,1965,Master,35791.0,2,1,2013-05-06,94,27,0,5,0,0,3,2,1,0,3,8,0,0,0,0,0,0,0,49,3,35,0.7714285714285715,0.14285714285714285,6,0.16666666666666666,5.833333333333333,1,0,0,1,0,0,419
2980,1952,Master,8820.0,1,1,2013-03-22,52,12,0,13,4,2,4,4,3,0,3,8,0,0,0,0,0,0,0,62,2,35,0.34285714285714286,0.37142857142857144,10,0.3,3.5,1,0,0,1,0,0,464
5084,1975,Graduation,58330.0,0,1,2013-12-25,87,445,53,213,104,98,151,1,6,4,13,4,0,0,0,0,0,0,0,39,1,1064,0.4182330827067669,0.20018796992481203,24,0.25,44.333333333333336,0,0,0,0,0,1,186
2952,1977,Master,36273.0,1,0,2014-04-16,80,29,3,30,3,2,9,2,3,0,3,6,0,0,0,0,0,0,0,37,1,76,0.3815789473684211,0.39473684210526316,8,0.375,9.5,1,0,0,1,0,0,74
5823,1970,PhD,32303.0,0,1,2014-03-08,63,35,0,2,0,0,2,2,1,0,4,5,0,0,0,0,0,0,0,44,1,39,0.8974358974358975,0.05128205128205128,7,0.14285714285714285,5.571428571428571,1,0,0,1,0,0,113
1453,1943,PhD,57513.0,0,0,2013-07-06,59,735,40,183,52,20,30,2,9,3,13,6,0,0,0,0,0,0,0,71,0,1060,0.6933962264150944,0.17264150943396225,27,0.3333333333333333,39.25925925925926,1,0,0,0,0,1,358
4587,1944,Master,45006.0,0,0,2013-07-18,90,162,25,53,16,0,10,1,3,1,7,3,0,0,0,0,0,0,0,70,0,266,0.6090225563909775,0.19924812030075187,12,0.25,22.166666666666668,1,0,0,0,0,1,346
7007,1968,Master,29543.0,2,0,2014-04-01,47,17,3,18,3,4,18,2,3,1,2,7,0,0,0,0,0,0,0,46,2,63,0.2698412698412698,0.2857142857142857,8,0.375,7.875,1,0,1,0,0,0,89
6422,1954,Graduation,86718.0,0,0,2013-01-17,20,344,189,482,50,33,172,1,5,6,5,2,0,0,0,0,0,0,0,60,0,1270,0.27086614173228346,0.3795275590551181,17,0.29411764705882354,74.70588235294117,0,0,1,0,0,0,528
2926,1952,Master,55951.0,0,1,2012-08-23,62,1241,0,80,0,13,40,3,3,6,11,8,0,1,0,0,1,0,0,62,1,1374,0.9032023289665211,0.05822416302765648,23,0.13043478260869565,59.73913043478261,1,0,0,0,1,0,675
8786,1956,Master,62058.0,0,1,2013-05-26,52,301,7,74,10,0,58,4,6,1,7,6,0,0,0,0,0,0,0,58,1,450,0.6688888888888889,0.16444444444444445,18,0.3333333333333333,25.0,1,0,1,0,0,0,399
615,1960,Graduation,30507.0,0,0,2013-03-11,29,65,36,74,38,20,110,1,5,1,4,7,0,0,0,0,0,0,0,54,0,343,0.18950437317784258,0.21574344023323616,11,0.45454545454545453,31.181818181818183,0,0,0,0,1,0,475
8442,1985,Master,19510.0,2,0,2013-09-04,63,9,0,7,3,4,7,2,1,0,3,7,0,0,0,0,0,0,0,29,2,30,0.3,0.23333333333333334,6,0.16666666666666666,5.0,1,0,1,0,0,0,298
2798,1977,PhD,102160.0,0,0,2012-11-02,54,763,29,138,76,176,58,0,7,9,10,4,0,1,1,1,0,0,1,37,0,1240,0.6153225806451613,0.11129032258064517,26,0.2692307692307692,47.69230769230769,1,0,0,0,1,0,604
10856,1980,2n Cycle,45889.0,0,1,2013-07-02,42,31,0,6,0,1,8,1,1,0,3,6,0,0,0,0,0,0,0,34,1,46,0.6739130434782609,0.13043478260869565,5,0.2,9.2,0,1,0,1,0,0,362
6856,1979,Graduation,21645.0,1,0,2012-09-03,75,14,0,23,4,5,19,3,3,0,3,9,0,0,0,0,0,0,1,35,1,65,0.2153846153846154,0.35384615384615387,9,0.3333333333333333,7.222222222222222,0,0,0,0,1,0,664
7500,1967,Graduation,79146.0,1,1,2014-04-24,33,245,16,223,21,43,16,2,8,1,8,6,0,0,0,0,0,0,0,47,2,564,0.43439716312056736,0.3953900709219858,19,0.42105263157894735,29.68421052631579,0,0,0,1,0,0,66
10356,1957,PhD,41437.0,1,1,2012-09-22,5,29,0,2,0,0,1,1,1,0,3,7,0,0,0,0,0,0,0,57,2,32,0.90625,0.0625,5,0.2,6.4,1,0,0,0,0,0,645
477,1986,Graduation,83512.0,0,0,2014-06-17,31,1060,61,835,80,20,101,1,4,7,10,1,1,0,1,1,1,0,1,28,0,2157,0.49142327306444133,0.38711172925359294,22,0.18181818181818182,98.04545454545455,0,0,1,0,0,0,12
4377,1971,Graduation,52914.0,0,1,2013-01-07,32,254,10,44,30,10,227,2,7,3,3,7,1,0,0,0,0,0,0,43,1,575,0.44173913043478263,0.07652173913043478,15,0.4666666666666667,38.333333333333336,0,0,1,0,0,0,538
967,1976,Graduation,46049.0,1,1,2013-07-21,11,342,9,112,19,14,19,10,5,2,9,7,0,0,0,0,0,0,1,38,2,515,0.6640776699029126,0.2174757281553398,26,0.19230769230769232,19.807692307692307,0,0,1,0,0,0,343
8299,1989,PhD,33996.0,0,0,2013-09-11,46,40,2,15,8,0,6,1,1,1,3,4,0,0,0,0,0,0,0,25,0,71,0.5633802816901409,0.2112676056338028,6,0.16666666666666666,11.833333333333334,1,0,0,1,0,0,291
6616,1975,Graduation,59481.0,0,1,2013-10-23,47,178,3,85,71,66,58,2,3,3,8,2,0,0,0,0,0,0,0,39,1,461,0.38611713665943603,0.1843817787418655,16,0.1875,28.8125,0,0,0,0,1,0,249
425,1985,Graduation,55357.0,2,0,2013-02-19,66,374,64,116,84,25,64,3,6,2,11,5,0,0,0,0,0,0,0,29,2,727,0.5144429160935351,0.15955983493810177,22,0.2727272727272727,33.04545454545455,0,0,1,0,0,0,495
10069,1988,Basic,13724.0,1,0,2012-08-31,43,2,7,5,2,15,27,1,2,0,2,9,1,0,0,0,0,0,0,26,1,58,0.034482758620689655,0.08620689655172414,5,0.4,11.6,0,1,0,0,1,0,667
1173,1947,Master,77632.0,0,0,2013-03-10,73,1200,105,758,0,42,147,1,4,2,6,2,0,1,1,0,0,0,1,67,0,2252,0.5328596802841918,0.33658969804618116,13,0.3076923076923077,173.23076923076923,1,0,0,0,1,0,476
2174,1954,Graduation,46344.0,1,1,2014-03-08,38,11,1,6,2,1,6,2,1,1,2,5,0,0,0,0,0,0,0,60,2,27,0.4074074074074074,0.2222222222222222,6,0.16666666666666666,4.5,0,0,0,1,0,0,113
10196,1978,Graduation,71427.0,2,0,2014-03-12,26,212,123,177,15,64,23,2,8,2,8,4,0,0,0,0,0,0,0,36,2,614,0.34527687296416937,0.28827361563517917,20,0.4,30.7,0,0,1,0,0,0,109
2814,1976,Master,30560.0,1,0,2013-06-27,6,9,1,5,4,5,7,1,1,0,3,7,0,0,0,0,0,0,0,38,1,31,0.2903225806451613,0.16129032258064516,5,0.2,6.2,1,0,0,0,1,0,367
2811,1963,PhD,48918.0,1,1,2014-04-12,21,52,0,9,0,0,1,2,1,0,4,4,0,0,0,0,0,0,0,51,2,62,0.8387096774193549,0.14516129032258066,7,0.14285714285714285,8.857142857142858,1,0,0,1,0,0,78
4973,1970,Graduation,20587.0,1,0,2014-05-11,39,2,3,6,4,1,9,1,1,1,2,7,0,0,0,0,0,0,0,44,1,25,0.08,0.24,5,0.2,5.0,0,0,0,1,0,0,49
10795,1973,PhD,37401.0,1,0,2014-05-06,14,19,3,19,3,1,3,2,2,0,3,7,0,0,0,0,0,0,0,41,1,48,0.3958333333333333,0.3958333333333333,7,0.2857142857142857,6.857142857142857,1,0,1,0,0,0,54
6710,1951,Master,58217.0,2,1,2012-11-17,84,68,1,13,3,5,13,1,2,0,4,6,0,0,0,0,0,0,0,63,3,103,0.6601941747572816,0.1262135922330097,7,0.2857142857142857,14.714285714285714,1,0,0,1,0,0,589
11166,1961,Graduation,49678.0,0,1,2013-02-02,81,229,5,56,3,2,20,2,6,2,4,7,0,0,0,0,0,0,0,53,1,315,0.726984126984127,0.17777777777777778,14,0.42857142857142855,22.5,0,0,1,0,0,0,512
3520,1990,Master,91172.0,0,0,2013-03-27,94,162,28,818,0,28,56,0,4,3,7,3,1,0,1,1,1,0,1,24,0,1092,0.14835164835164835,0.7490842490842491,14,0.2857142857142857,78.0,1,0,0,1,0,0,459
10906,1948,PhD,46681.0,0,2,2013-10-08,52,269,15,69,15,19,38,2,4,6,4,5,0,0,0,0,0,0,0,66,2,425,0.6329411764705882,0.1623529411764706,16,0.25,26.5625,1,0,0,0,1,0,264
10757,1967,PhD,28420.0,1,0,2013-12-24,36,4,2,5,2,0,0,1,1,0,2,6,0,0,0,0,0,0,0,47,1,13,0.3076923076923077,0.38461538461538464,4,0.25,3.25,1,0,0,0,0,0,187
8754,1974,PhD,45068.0,0,1,2013-05-16,25,14,0,3,0,0,3,1,1,0,2,7,0,0,0,0,0,0,0,40,1,20,0.7,0.15,4,0.25,5.0,1,0,0,0,1,0,409
9826,1972,PhD,86857.0,0,0,2012-09-12,96,899,102,838,133,102,40,1,5,6,10,2,0,0,0,0,0,0,1,42,0,2114,0.4252601702932829,0.39640491958372753,22,0.22727272727272727,96.0909090909091,1,0,0,1,0,0,655
5107,1973,PhD,35860.0,1,1,2014-05-19,37,15,0,8,4,2,20,2,1,1,2,5,1,0,0,0,0,0,0,41,2,49,0.30612244897959184,0.16326530612244897,6,0.16666666666666666,8.166666666666666,1,0,0,0,0,0,41
2863,1970,Graduation,50943.0,1,2,2013-08-23,67,738,20,172,52,50,20,6,2,3,10,7,0,1,0,1,0,0,0,44,3,1052,0.7015209125475285,0.1634980988593156,21,0.09523809523809523,50.095238095238095,0,0,0,1,0,0,310
6728,1985,Graduation,29103.0,1,0,2012-08-27,38,16,0,17,6,3,6,2,1,0,3,9,0,0,0,0,0,0,0,29,1,48,0.3333333333333333,0.3541666666666667,6,0.16666666666666666,8.0,0,0,0,0,1,0,671
2518,1986,2n Cycle,20491.0,0,0,2013-01-25,16,5,4,5,4,2,10,1,0,1,2,7,0,0,0,0,0,0,0,28,0,30,0.16666666666666666,0.16666666666666666,4,0.0,7.5,0,1,0,0,1,0,520
3102,1981,2n Cycle,19414.0,1,0,2013-10-16,32,2,3,12,3,5,7,1,1,0,3,8,0,0,0,0,0,0,0,33,1,32,0.0625,0.375,5,0.2,6.4,0,1,0,0,1,0,256
1388,1975,Graduation,33249.0,1,0,2013-02-20,11,6,10,21,19,14,42,2,2,1,3,6,0,0,0,0,0,0,0,39,1,112,0.05357142857142857,0.1875,8,0.25,14.0,0,0,0,1,0,0,494
5267,1970,Graduation,33986.0,1,0,2013-03-14,43,16,2,18,2,1,5,1,1,0,3,7,0,0,0,0,0,0,0,44,1,44,0.36363636363636365,0.4090909090909091,5,0.2,8.8,0,0,0,0,0,0,472
7592,1946,PhD,51012.0,0,0,2013-04-18,86,102,9,63,2,9,24,1,4,1,4,6,0,0,0,0,0,0,0,68,0,209,0.4880382775119617,0.3014354066985646,10,0.4,20.9,1,0,1,0,0,0,437
10286,1962,Graduation,83715.0,0,0,2014-02-03,2,318,8,407,150,35,8,1,2,8,13,0,0,0,0,0,0,0,0,52,0,926,0.3434125269978402,0.43952483801295894,24,0.08333333333333333,38.583333333333336,0,0,1,0,0,0,146
6658,1972,Graduation,59868.0,0,1,2013-07-22,37,771,51,154,54,10,154,7,11,2,12,6,0,0,0,0,0,0,0,42,1,1194,0.6457286432160804,0.12897822445561138,32,0.34375,37.3125,0,0,0,0,1,0,342
4188,1957,Graduation,36864.0,0,1,2012-08-13,53,204,5,39,17,0,89,3,5,2,4,8,0,0,0,0,0,0,1,57,1,354,0.576271186440678,0.11016949152542373,14,0.35714285714285715,25.285714285714285,0,0,0,1,0,0,685
9121,1972,Graduation,80134.0,1,0,2013-05-20,40,1218,16,272,104,0,80,2,5,3,6,6,0,1,1,1,0,0,1,42,1,1690,0.7207100591715976,0.16094674556213018,16,0.3125,105.625,0,0,1,0,0,0,405
6318,1988,Graduation,68487.0,0,0,2013-01-13,48,758,12,385,33,89,89,1,9,7,13,4,0,0,0,0,0,0,0,26,0,1366,0.554904831625183,0.28184480234260617,30,0.3,45.53333333333333,0,0,1,0,0,0,532
4974,1970,Graduation,83273.0,1,2,2012-09-25,98,433,89,650,16,102,102,10,4,6,9,7,0,0,0,0,0,0,0,44,3,1392,0.3110632183908046,0.46695402298850575,29,0.13793103448275862,48.0,0,0,0,1,0,0,642
3463,1975,PhD,69283.0,0,1,2014-06-14,41,674,62,134,0,26,8,4,7,3,13,5,0,0,0,0,0,0,0,39,1,904,0.745575221238938,0.14823008849557523,27,0.25925925925925924,33.48148148148148,1,0,1,0,0,0,15
6912,1967,PhD,63246.0,0,2,2013-08-20,60,593,30,91,29,22,7,1,6,3,12,4,0,0,0,0,0,0,0,47,2,772,0.7681347150259067,0.11787564766839378,22,0.2727272727272727,35.09090909090909,1,0,1,0,0,0,313
7712,1946,PhD,62159.0,0,0,2014-04-28,68,182,17,259,77,70,29,1,6,2,10,4,0,0,0,0,0,0,0,68,0,634,0.2870662460567823,0.4085173501577287,19,0.3157894736842105,33.36842105263158,1,0,0,1,0,0,62
2666,1972,Master,76234.0,0,1,2014-02-06,21,519,50,167,130,0,41,1,8,3,11,3,0,1,0,0,0,0,0,42,1,907,0.5722160970231532,0.18412348401323042,23,0.34782608695652173,39.43478260869565,1,0,1,0,0,0,143
10968,1969,Graduation,57731.0,0,1,2012-11-23,0,266,21,300,65,8,44,4,8,8,6,6,0,0,0,0,0,0,0,45,1,704,0.3778409090909091,0.42613636363636365,26,0.3076923076923077,27.076923076923077,0,0,0,1,0,0,583
5177,1974,Master,58494.0,0,1,2013-12-12,56,298,7,68,4,0,19,2,6,2,6,6,0,0,0,0,0,0,0,40,1,396,0.7525252525252525,0.1717171717171717,16,0.375,24.75,1,0,1,0,0,0,199
5731,1983,Master,27100.0,1,0,2013-04-05,64,12,0,13,2,0,10,1,1,0,3,7,0,0,0,0,0,0,0,31,1,37,0.32432432432432434,0.35135135135135137,5,0.2,7.4,1,0,1,0,0,0,450
3749,1973,Graduation,73926.0,0,0,2013-03-02,54,627,91,597,159,91,15,1,6,5,12,3,0,0,0,0,0,0,0,41,0,1580,0.3968354430379747,0.3778481012658228,24,0.25,65.83333333333333,0,0,0,0,1,0,484
5272,1965,Master,53843.0,0,1,2013-06-27,64,378,0,88,19,4,73,4,8,5,3,7,0,0,0,0,0,0,0,49,1,562,0.6725978647686833,0.15658362989323843,20,0.4,28.1,1,0,1,0,0,0,367
8334,1971,Master,33316.0,1,1,2013-10-04,34,79,1,31,4,4,12,3,2,1,4,6,0,0,0,0,0,0,0,43,2,131,0.6030534351145038,0.2366412213740458,10,0.2,13.1,1,0,0,1,0,0,268
2634,1979,Master,16653.0,1,0,2014-04-18,10,5,7,31,15,4,7,3,2,1,3,6,0,0,0,0,0,0,1,35,1,69,0.07246376811594203,0.4492753623188406,9,0.2222222222222222,7.666666666666667,1,0,0,1,0,0,72
10466,1965,Graduation,44393.0,1,1,2013-08-22,86,24,2,20,2,2,10,2,1,0,4,4,0,0,0,0,0,0,0,49,2,60,0.4,0.3333333333333333,7,0.14285714285714285,8.571428571428571,0,0,1,0,0,0,311
1162,1987,PhD,42000.0,0,0,2013-01-10,23,124,83,267,85,59,35,2,5,2,11,5,0,0,0,0,0,0,1,27,0,653,0.18989280245022971,0.40888208269525267,20,0.25,32.65,1,0,0,1,0,0,535
5547,1982,PhD,84169.0,0,0,2013-08-07,9,1478,19,403,0,19,0,1,7,6,6,3,0,1,1,0,0,0,1,32,0,1919,0.7701928087545596,0.21000521104742054,20,0.35,95.95,1,0,1,0,0,0,326
5939,1971,Graduation,38232.0,1,1,2014-01-17,84,43,5,28,7,6,33,4,3,1,3,5,0,0,0,0,0,0,0,43,2,122,0.3524590163934426,0.22950819672131148,11,0.2727272727272727,11.090909090909092,0,0,0,0,1,0,163
2118,1964,2n Cycle,62905.0,0,1,2013-09-10,68,166,75,96,119,107,59,3,7,2,8,4,0,0,0,0,0,0,0,50,1,622,0.26688102893890675,0.15434083601286175,20,0.35,31.1,0,1,1,0,0,0,292
10872,1969,PhD,55212.0,0,1,2012-11-23,65,1103,0,45,0,0,34,3,4,2,11,8,0,1,0,0,1,0,0,45,1,1182,0.9331641285956007,0.03807106598984772,20,0.2,59.1,1,0,1,0,0,0,583
7516,1983,Graduation,30096.0,1,0,2014-05-22,30,5,3,11,12,5,9,1,2,0,3,6,0,0,0,0,0,0,0,31,1,45,0.1111111111111111,0.24444444444444444,6,0.3333333333333333,7.5,0,0,1,0,0,0,38
4550,1966,Master,33564.0,0,1,2014-06-24,51,61,0,3,0,0,7,1,1,1,3,5,0,0,0,0,0,0,0,48,1,71,0.8591549295774648,0.04225352112676056,6,0.16666666666666666,11.833333333333334,1,0,0,0,1,0,5
9120,1962,Graduation,66565.0,0,1,2012-12-05,80,747,10,161,65,40,42,4,4,2,9,8,0,0,0,0,0,0,0,52,1,1065,0.7014084507042253,0.1511737089201878,19,0.21052631578947367,56.05263157894737,0,0,0,1,0,0,571
115,1966,Master,43456.0,0,1,2013-03-26,0,275,11,68,25,7,7,3,5,1,8,5,0,0,0,0,0,0,0,48,1,393,0.6997455470737913,0.17302798982188294,17,0.29411764705882354,23.11764705882353,1,0,0,1,0,0,460
5529,1946,PhD,64014.0,2,1,2014-06-10,56,406,0,30,0,0,8,7,8,2,5,7,0,0,0,1,0,0,0,68,3,444,0.9144144144144144,0.06756756756756757,22,0.36363636363636365,20.181818181818183,1,0,0,0,1,0,19
7679,1985,PhD,30298.0,0,0,2014-05-19,48,6,3,12,6,1,0,1,1,1,3,3,0,0,0,0,0,0,0,29,0,28,0.21428571428571427,0.42857142857142855,6,0.16666666666666666,4.666666666666667,1,0,0,1,0,0,41
6730,1954,Graduation,38998.0,1,1,2012-11-03,92,34,1,14,0,0,5,3,2,0,3,8,0,0,0,0,0,1,0,60,2,54,0.6296296296296297,0.25925925925925924,8,0.25,6.75,0,0,1,0,0,0,603
5552,1963,Master,48721.0,1,1,2013-05-13,50,81,18,113,47,13,21,6,4,2,5,6,0,0,0,0,0,0,0,51,2,293,0.2764505119453925,0.3856655290102389,17,0.23529411764705882,17.235294117647058,1,0,0,0,0,0,412
3428,1991,PhD,68682.0,0,0,2013-10-06,56,919,0,505,99,30,45,1,4,9,10,2,0,0,0,0,0,0,0,23,0,1598,0.5750938673341677,0.3160200250312891,24,0.16666666666666666,66.58333333333333,1,0,0,0,1,0,266
738,1981,2n Cycle,42395.0,1,1,2014-04-04,35,48,13,57,24,15,25,4,3,1,4,7,0,0,0,0,0,0,0,33,2,182,0.26373626373626374,0.3131868131868132,12,0.25,15.166666666666666,0,1,0,1,0,0,86
2488,1956,2n Cycle,31395.0,1,1,2013-03-23,80,23,1,25,0,8,7,4,2,1,3,6,0,0,0,0,0,0,0,58,2,64,0.359375,0.390625,10,0.2,6.4,0,1,0,0,0,0,463
8933,1983,2n Cycle,32146.0,1,0,2014-05-12,16,26,3,23,4,7,3,2,2,0,4,6,0,0,0,0,0,0,0,31,1,66,0.3939393939393939,0.3484848484848485,8,0.25,8.25,0,1,1,0,0,0,48
9220,1971,Graduation,91700.0,0,0,2013-01-17,58,576,172,961,125,115,19,1,8,6,5,3,0,0,0,0,0,0,1,43,0,1968,0.2926829268292683,0.4883130081300813,20,0.4,98.4,0,0,0,1,0,0,528
9743,1955,Graduation,76998.0,0,1,2013-01-11,85,1449,89,161,69,35,107,2,11,8,8,6,0,0,1,0,0,0,0,59,1,1910,0.7586387434554974,0.08429319371727749,29,0.3793103448275862,65.86206896551724,0,0,1,0,0,0,534
2456,1975,PhD,40233.0,0,1,2013-10-14,84,80,4,46,0,17,2,5,2,1,5,6,0,0,0,0,0,0,0,39,1,149,0.5369127516778524,0.3087248322147651,13,0.15384615384615385,11.461538461538462,1,0,1,0,0,0,258
8135,1986,Master,27161.0,1,0,2013-10-28,41,7,4,23,7,0,11,1,1,0,3,7,0,0,0,0,0,0,0,28,1,52,0.1346153846153846,0.4423076923076923,5,0.2,10.4,1,0,1,0,0,0,244
4619,1945,PhD,113734.0,0,0,2014-05-28,9,6,2,3,1,262,3,0,27,0,0,1,0,0,0,0,0,0,0,69,0,277,0.021660649819494584,0.010830324909747292,27,1.0,10.25925925925926,1,0,0,1,0,0,32
10609,1962,PhD,42769.0,0,1,2013-10-12,15,71,0,13,3,1,0,2,1,1,4,4,0,0,0,0,0,0,0,52,1,88,0.8068181818181818,0.14772727272727273,8,0.125,11.0,1,0,1,0,0,0,260
7352,1957,Graduation,55267.0,0,1,2013-10-21,28,161,28,136,32,3,45,4,3,4,6,3,0,0,0,0,0,0,0,57,1,405,0.39753086419753086,0.3358024691358025,17,0.17647058823529413,23.823529411764707,0,0,1,0,0,0,251
2154,1971,Graduation,30372.0,1,1,2012-12-25,33,15,0,12,7,3,7,3,2,0,3,7,0,0,0,0,0,0,0,43,2,44,0.3409090909090909,0.2727272727272727,8,0.25,5.5,0,0,0,0,0,1,551
4945,1953,Graduation,53653.0,0,0,2012-11-07,29,815,10,239,28,10,108,2,10,4,12,6,0,0,0,0,0,0,0,61,0,1210,0.6735537190082644,0.1975206611570248,28,0.35714285714285715,43.214285714285715,0,0,0,0,0,1,599
49,1970,Graduation,20587.0,1,0,2014-05-11,39,2,3,6,4,1,9,1,1,1,2,7,0,0,0,0,0,0,0,44,1,25,0.08,0.24,5,0.2,5.0,0,0,0,1,0,0,49
4227,1968,Master,32889.0,1,1,2013-09-06,78,28,0,13,4,2,8,3,2,1,3,5,0,0,0,0,0,0,0,46,2,55,0.509090909090909,0.23636363636363636,9,0.2222222222222222,6.111111111111111,1,0,0,0,1,0,296
10424,1968,Graduation,75922.0,0,0,2013-12-09,60,265,138,553,224,23,92,1,4,4,9,1,0,0,0,0,0,0,0,46,0,1295,0.20463320463320464,0.42702702702702705,18,0.2222222222222222,71.94444444444444,0,0,0,1,0,0,202
2686,1969,Basic,22390.0,0,0,2013-10-21,49,0,1,4,15,1,5,1,1,0,2,7,0,0,0,0,0,0,0,45,0,26,0.0,0.15384615384615385,4,0.25,6.5,0,1,0,0,1,0,251
762,1981,2n Cycle,75774.0,1,0,2014-05-02,27,340,21,134,258,14,56,1,7,5,8,4,0,0,0,0,0,0,0,33,1,823,0.4131227217496962,0.16281895504252733,21,0.3333333333333333,39.19047619047619,0,1,0,0,1,0,58
9543,1985,Graduation,19986.0,1,0,2013-11-14,74,3,6,5,0,2,6,1,0,0,3,7,0,0,0,0,0,0,0,29,1,22,0.13636363636363635,0.22727272727272727,4,0.0,5.5,0,0,1,0,0,0,227
3129,1983,Graduation,30096.0,1,0,2014-05-22,30,5,3,11,12,5,9,1,2,0,3,6,0,0,0,0,0,0,0,31,1,45,0.1111111111111111,0.24444444444444444,6,0.3333333333333333,7.5,0,0,1,0,0,0,38
3565,1955,Master,38452.0,1,1,2014-03-30,62,56,0,14,0,0,2,3,3,0,3,7,0,0,0,0,0,0,0,59,2,72,0.7777777777777778,0.19444444444444445,9,0.3333333333333333,8.0,1,0,1,0,0,0,91
7683,1968,Master,70777.0,0,1,2014-02-25,80,554,35,113,0,7,78,3,5,3,12,3,0,0,0,0,0,0,0,46,1,787,0.7039390088945362,0.14358322744599747,23,0.21739130434782608,34.21739130434783,1,0,1,0,0,0,124
2408,1976,Graduation,58597.0,1,1,2012-11-20,20,490,0,184,10,28,21,12,7,4,9,7,0,0,0,0,0,0,0,38,2,733,0.6684856753069577,0.25102319236016374,32,0.21875,22.90625,0,0,1,0,0,0,586
3598,1972,Graduation,62710.0,0,1,2013-05-23,53,441,35,83,7,29,11,4,4,2,12,4,0,0,0,0,0,0,0,42,1,606,0.7277227722772277,0.13696369636963696,22,0.18181818181818182,27.545454545454547,0,0,1,0,0,0,402
9463,1959,Graduation,71706.0,0,1,2012-11-13,16,931,56,253,91,98,14,4,9,5,7,5,0,0,0,0,0,0,0,55,1,1443,0.6451836451836452,0.17532917532917533,25,0.36,57.72,0,0,0,0,1,0,593
3945,1947,PhD,68117.0,0,1,2013-03-10,80,618,44,215,0,17,36,2,11,8,4,6,1,0,0,0,0,0,1,67,1,930,0.6645161290322581,0.23118279569892472,25,0.44,37.2,1,0,0,0,0,1,476
213,1963,PhD,23091.0,1,1,2014-05-28,98,35,0,11,0,0,2,4,2,1,3,7,0,0,0,0,0,0,0,51,2,48,0.7291666666666666,0.22916666666666666,10,0.2,4.8,1,0,0,1,0,0,32
5948,1975,Graduation,57338.0,0,1,2014-04-29,96,143,6,52,11,8,17,2,4,1,5,5,0,0,0,0,0,0,0,39,1,237,0.6033755274261603,0.21940928270042195,12,0.3333333333333333,19.75,0,0,0,1,0,0,61
4137,1948,Graduation,70666.0,0,0,2013-12-06,29,398,40,367,119,122,30,1,7,4,4,4,0,0,0,0,0,0,0,66,0,1076,0.36988847583643125,0.34107806691449816,16,0.4375,67.25,0,0,0,0,1,0,205
123,1951,Graduation,67046.0,0,1,2013-01-06,92,544,35,133,23,151,107,2,4,5,4,2,0,0,0,0,0,0,0,63,1,993,0.5478348439073515,0.1339375629405841,15,0.26666666666666666,66.2,0,0,0,0,0,1,539
3839,1958,Basic,15056.0,1,1,2013-05-03,76,6,12,3,21,6,40,5,2,2,3,5,0,0,0,0,0,0,0,56,2,88,0.06818181818181818,0.03409090909090909,12,0.16666666666666666,7.333333333333333,0,1,0,1,0,0,422
3136,1962,Master,59432.0,0,1,2013-04-13,88,317,25,265,25,19,12,3,5,3,11,5,0,0,0,0,0,0,0,52,1,663,0.4781297134238311,0.3996983408748115,22,0.22727272727272727,30.136363636363637,1,0,0,0,0,0,442
6878,1954,Graduation,27421.0,0,0,2012-12-12,14,43,12,96,78,40,55,3,4,1,6,7,0,0,0,0,0,0,0,60,0,324,0.13271604938271606,0.2962962962962963,14,0.2857142857142857,23.142857142857142,0,0,0,0,0,1,564
5331,1977,Graduation,74985.0,0,0,2012-09-11,8,587,51,898,247,0,86,1,3,6,7,2,0,0,0,0,0,0,0,37,0,1869,0.314071696094168,0.48047084002140183,17,0.17647058823529413,109.94117647058823,0,0,1,0,0,0,656
4442,1961,Graduation,46524.0,0,1,2013-04-05,70,31,19,35,26,14,52,2,1,1,5,3,0,0,0,0,0,0,0,53,1,177,0.1751412429378531,0.1977401129943503,9,0.1111111111111111,19.666666666666668,0,0,0,1,0,0,450
3081,1978,PhD,41014.0,1,0,2013-04-22,65,7,2,6,2,0,3,1,1,0,2,7,0,0,0,0,0,0,0,36,1,20,0.35,0.3,4,0.25,5.0,1,0,1,0,0,0,433
9653,1975,Graduation,35797.0,0,1,2012-10-16,16,27,1,14,4,1,21,2,2,0,3,8,0,0,0,0,0,0,0,39,1,68,0.39705882352941174,0.20588235294117646,7,0.2857142857142857,9.714285714285714,0,0,1,0,0,0,621
10172,1988,Graduation,68655.0,0,0,2012-08-10,95,456,19,832,75,118,38,1,4,5,11,3,0,0,0,0,0,0,0,26,0,1538,0.2964889466840052,0.540962288686606,21,0.19047619047619047,73.23809523809524,0,0,0,1,0,0,688
4436,1976,Graduation,20180.0,0,0,2013-02-20,27,18,42,24,15,20,18,1,2,1,4,7,0,0,0,0,0,0,0,38,0,137,0.13138686131386862,0.17518248175182483,8,0.25,17.125,0,0,0,1,0,0,494
2931,1978,Graduation,71847.0,0,0,2012-09-21,95,737,21,106,55,63,210,0,6,7,9,3,0,0,0,1,0,0,0,36,0,1192,0.6182885906040269,0.08892617449664429,22,0.2727272727272727,54.18181818181818,0,0,0,0,0,0,646
7540,1952,Graduation,50300.0,0,1,2014-05-25,52,143,15,60,24,23,5,2,2,1,8,2,0,0,0,0,0,0,0,62,1,270,0.5296296296296297,0.2222222222222222,13,0.15384615384615385,20.76923076923077,0,0,1,0,0,0,35
3900,1972,Graduation,65685.0,0,1,2014-03-29,54,642,14,49,0,7,57,1,9,2,9,5,0,0,0,0,0,0,0,42,1,769,0.834850455136541,0.06371911573472042,21,0.42857142857142855,36.61904761904762,0,0,1,0,0,0,92
1212,1973,Graduation,52845.0,1,0,2013-08-13,7,384,25,292,130,41,64,3,8,8,6,6,1,0,0,0,0,0,0,41,1,936,0.41025641025641024,0.31196581196581197,25,0.32,37.44,0,0,1,0,0,0,320
1406,1975,Graduation,53201.0,1,1,2013-02-12,49,280,7,81,20,0,27,8,6,3,5,7,0,0,0,0,0,0,0,39,2,415,0.6746987951807228,0.19518072289156627,22,0.2727272727272727,18.863636363636363,0,0,0,1,0,0,502
8727,1978,Graduation,63693.0,0,1,2013-10-14,63,587,43,337,42,87,54,3,11,6,9,6,0,0,0,0,0,0,0,36,1,1150,0.5104347826086957,0.29304347826086957,29,0.3793103448275862,39.6551724137931,0,0,0,0,0,0,258
9260,1945,PhD,70356.0,0,0,2012-11-05,20,1349,16,249,43,16,33,2,10,6,9,6,0,0,0,0,0,0,0,69,0,1706,0.7907385697538101,0.14595545134818289,27,0.37037037037037035,63.18518518518518,1,0,1,0,0,0,601
3503,1950,Graduation,82460.0,0,0,2013-12-02,78,255,47,573,52,32,15,1,5,3,6,1,0,0,0,0,0,0,0,64,0,974,0.2618069815195072,0.5882956878850103,15,0.3333333333333333,64.93333333333334,0,0,0,0,0,0,209
6988,1986,Graduation,71952.0,1,0,2013-01-10,93,656,80,455,52,107,93,2,8,4,8,4,1,0,1,0,0,0,0,28,1,1443,0.4546084546084546,0.3153153153153153,22,0.36363636363636365,65.5909090909091,0,0,1,0,0,0,535
3594,1973,Master,54108.0,1,1,2012-11-05,74,539,6,91,8,6,97,13,8,2,9,8,0,0,0,0,0,0,0,41,2,747,0.7215528781793842,0.12182061579651941,32,0.25,23.34375,1,0,1,0,0,0,601
5961,1978,Graduation,42693.0,1,0,2014-06-07,29,8,4,20,6,3,16,1,1,0,3,5,0,0,0,0,0,0,0,36,1,57,0.14035087719298245,0.3508771929824561,5,0.2,11.4,0,0,1,0,0,0,22
4240,1978,Graduation,17345.0,1,0,2012-11-03,79,4,9,16,17,0,12,2,2,1,2,8,0,0,0,0,0,0,0,36,1,58,0.06896551724137931,0.27586206896551724,7,0.2857142857142857,8.285714285714286,0,0,1,0,0,0,603
5892,1980,Graduation,34968.0,1,0,2013-04-10,11,158,6,45,8,2,2,7,3,2,5,7,0,0,0,0,0,0,0,34,1,221,0.7149321266968326,0.20361990950226244,17,0.17647058823529413,13.0,0,0,1,0,0,0,445
2109,1990,Graduation,96843.0,0,0,2013-04-23,60,448,71,951,40,17,17,1,6,11,10,2,0,0,1,0,0,0,1,24,0,1544,0.29015544041450775,0.6159326424870466,28,0.21428571428571427,55.142857142857146,0,0,0,1,0,0,432
8755,1946,Master,68657.0,0,0,2013-02-20,4,482,34,471,119,68,22,1,3,5,9,7,0,0,0,0,0,0,0,68,0,1196,0.40301003344481606,0.39381270903010035,18,0.16666666666666666,66.44444444444444,1,0,1,0,0,0,494
2461,1955,Master,51124.0,1,1,2013-12-18,79,26,1,11,0,1,4,2,1,0,3,3,0,0,0,0,0,0,0,59,2,43,0.6046511627906976,0.2558139534883721,6,0.16666666666666666,7.166666666666667,1,0,0,1,0,0,193
7787,1960,Graduation,62807.0,0,1,2012-08-31,83,526,28,135,10,21,99,3,5,3,12,5,0,0,0,0,0,0,0,54,1,819,0.6422466422466423,0.16483516483516483,23,0.21739130434782608,35.608695652173914,0,0,0,0,1,0,667
5289,1975,2n Cycle,41658.0,1,1,2012-11-09,30,8,4,12,15,4,29,2,1,1,2,4,0,0,0,0,0,0,0,39,2,72,0.1111111111111111,0.16666666666666666,6,0.16666666666666666,12.0,0,1,0,1,0,0,597
7124,1968,Graduation,36997.0,1,1,2013-02-01,72,43,4,12,8,0,27,5,2,1,4,5,0,0,0,0,0,0,0,46,2,94,0.4574468085106383,0.1276595744680851,12,0.16666666666666666,7.833333333333333,0,0,0,0,0,0,513
2698,1976,Graduation,47025.0,0,1,2013-11-07,52,254,7,108,20,0,26,3,6,3,5,6,0,0,0,0,0,0,0,38,1,415,0.6120481927710844,0.26024096385542167,17,0.35294117647058826,24.41176470588235,0,0,0,1,0,0,234
4095,1971,Graduation,37150.0,1,0,2012-09-11,80,167,37,64,49,34,116,8,4,3,6,7,0,0,0,0,0,0,0,43,1,467,0.3576017130620985,0.13704496788008566,21,0.19047619047619047,22.238095238095237,0,0,1,0,0,0,656
9529,1990,Graduation,73687.0,0,0,2013-11-28,8,559,153,503,218,13,181,1,3,9,9,2,0,0,0,1,0,0,1,24,0,1627,0.3435771358328211,0.3091579594345421,22,0.13636363636363635,73.95454545454545,0,0,1,0,0,0,213
10897,1974,Graduation,67445.0,0,1,2012-08-12,63,757,80,217,29,80,11,5,9,6,12,6,0,0,0,0,0,0,0,40,1,1174,0.6448040885860307,0.1848381601362862,32,0.28125,36.6875,0,0,1,0,0,0,686
895,1948,PhD,61467.0,0,2,2012-12-09,69,410,16,114,0,5,49,3,5,2,10,5,0,0,0,0,0,0,0,66,2,594,0.6902356902356902,0.1919191919191919,20,0.25,29.7,1,0,1,0,0,0,567
5336,1971,Master,157733.0,1,0,2013-06-04,37,39,1,9,2,0,8,0,1,0,1,1,0,0,0,0,0,0,0,43,1,59,0.6610169491525424,0.15254237288135594,2,0.5,29.5,1,0,0,0,1,0,390
2712,1956,Graduation,71866.0,0,1,2013-12-25,85,184,178,178,103,39,33,1,6,3,10,3,0,0,0,0,0,0,0,58,1,715,0.2573426573426573,0.24895104895104894,20,0.3,35.75,0,0,1,0,0,0,186
10928,1958,Graduation,66886.0,0,1,2013-09-16,28,315,4,62,41,31,146,2,7,1,7,5,0,0,0,0,0,0,0,56,1,599,0.5258764607679466,0.10350584307178631,17,0.4117647058823529,35.23529411764706,0,0,0,0,1,0,286
125,1958,2n Cycle,53083.0,1,1,2013-05-15,65,215,7,33,3,0,13,6,5,1,5,7,0,1,0,0,0,0,0,56,2,271,0.7933579335793358,0.12177121771217712,17,0.29411764705882354,15.941176470588236,0,1,0,0,1,0,410
1740,1944,Graduation,55956.0,0,0,2014-04-07,22,760,38,104,50,9,38,2,7,3,4,4,0,1,0,0,0,0,0,70,0,999,0.7607607607607607,0.1041041041041041,16,0.4375,62.4375,0,0,1,0,0,0,83
5896,1987,Master,73395.0,0,0,2014-03-18,94,272,7,80,20,7,11,1,4,4,6,2,0,0,0,0,0,0,0,27,0,397,0.6851385390428212,0.20151133501259447,15,0.26666666666666666,26.466666666666665,1,0,1,0,0,0,103
4184,1950,PhD,52157.0,0,1,2014-06-07,48,189,2,29,3,2,40,2,3,2,5,4,0,0,0,0,0,0,0,64,1,265,0.7132075471698113,0.10943396226415095,12,0.25,22.083333333333332,1,0,0,0,1,0,22
6431,1964,PhD,45759.0,1,1,2013-02-23,13,42,1,18,3,0,4,2,2,0,3,7,0,0,0,0,0,0,0,50,2,68,0.6176470588235294,0.2647058823529412,7,0.2857142857142857,9.714285714285714,1,0,1,0,0,0,491
1990,1974,PhD,63159.0,0,0,2012-11-05,74,965,34,586,89,86,37,1,3,5,8,3,1,0,0,0,0,0,0,40,0,1797,0.5370061213132999,0.32609905397885364,17,0.17647058823529413,105.70588235294117,1,0,0,1,0,0,601
3308,1952,Graduation,35704.0,1,1,2014-01-03,54,30,9,12,2,11,30,3,2,0,4,4,0,0,0,0,0,0,0,62,2,94,0.3191489361702128,0.1276595744680851,9,0.2222222222222222,10.444444444444445,0,0,1,0,0,0,177
626,1951,Graduation,32871.0,1,1,2013-03-09,28,22,2,12,0,2,5,1,1,0,3,4,0,0,0,0,0,0,0,63,2,43,0.5116279069767442,0.27906976744186046,5,0.2,8.6,0,0,1,0,0,0,477
6295,1977,Graduation,54233.0,0,1,2013-02-04,46,652,8,158,21,0,142,4,11,6,5,8,0,0,0,0,0,0,0,37,1,981,0.6646279306829765,0.16106014271151886,26,0.4230769230769231,37.73076923076923,0,0,1,0,0,0,510
5512,1977,Master,55842.0,0,1,2014-05-23,19,451,0,39,0,4,24,1,7,1,8,5,0,0,0,0,0,0,0,37,1,518,0.8706563706563707,0.07528957528957529,17,0.4117647058823529,30.470588235294116,1,0,1,0,0,0,37
6974,1972,PhD,83443.0,0,0,2013-12-31,89,518,42,742,55,56,84,1,6,10,5,2,0,0,0,0,0,0,0,42,0,1497,0.3460253841015364,0.4956579826319305,22,0.2727272727272727,68.04545454545455,1,0,0,0,1,0,180
5376,1979,Graduation,2447.0,1,0,2013-01-06,42,1,1,1725,1,1,1,15,0,28,0,1,0,0,0,0,0,0,0,35,1,1730,0.0005780346820809249,0.9971098265895953,43,0.0,40.23255813953488,0,0,1,0,0,0,539
8594,1958,PhD,50520.0,0,1,2014-01-28,25,112,0,6,2,1,14,2,3,1,3,6,0,0,0,0,0,0,0,56,1,135,0.8296296296296296,0.044444444444444446,9,0.3333333333333333,15.0,1,0,0,0,0,1,152
9855,1952,PhD,62000.0,0,1,2013-08-25,25,899,0,101,0,0,20,1,6,6,13,4,0,0,0,1,0,0,0,62,1,1020,0.8813725490196078,0.09901960784313725,26,0.23076923076923078,39.23076923076923,1,0,0,1,0,0,308
1523,1973,Graduation,59041.0,1,1,2014-05-07,25,69,2,15,2,2,6,2,2,0,4,5,0,0,0,0,0,0,0,41,2,96,0.71875,0.15625,8,0.25,12.0,0,0,1,0,0,0,53
4500,1991,PhD,68682.0,0,0,2013-10-06,56,919,0,505,99,30,45,1,4,9,10,2,0,0,0,0,0,0,0,23,0,1598,0.5750938673341677,0.3160200250312891,24,0.16666666666666666,66.58333333333333,1,0,0,0,1,0,266
10380,1972,Master,37787.0,1,0,2013-09-20,50,40,1,40,4,3,18,1,3,0,3,8,0,0,0,0,0,0,0,42,1,106,0.37735849056603776,0.37735849056603776,7,0.42857142857142855,15.142857142857142,1,0,1,0,0,0,282
8897,1965,Graduation,42720.0,1,1,2013-04-24,9,392,5,91,28,26,112,8,7,3,7,8,0,0,0,0,0,0,1,49,2,654,0.599388379204893,0.13914373088685014,25,0.28,26.16,0,0,0,1,0,0,431
9256,1971,Graduation,58350.0,0,1,2013-01-04,5,493,26,206,116,80,80,4,8,3,12,6,0,0,0,0,0,0,0,43,1,1001,0.4925074925074925,0.2057942057942058,27,0.2962962962962963,37.074074074074076,0,0,0,1,0,0,541
8026,1952,Graduation,62998.0,0,1,2013-09-30,10,120,58,73,65,89,58,5,5,4,5,5,0,0,0,0,0,0,0,62,1,463,0.2591792656587473,0.15766738660907129,19,0.2631578947368421,24.36842105263158,0,0,1,0,0,0,272
2948,1954,Master,62637.0,0,1,2014-03-01,76,104,12,48,4,12,5,1,2,2,5,2,0,0,0,0,0,0,0,60,1,185,0.5621621621621622,0.2594594594594595,10,0.2,18.5,1,0,0,0,0,0,120
9988,1976,Master,70379.0,0,1,2013-03-03,84,553,25,142,65,67,8,3,6,3,13,4,0,0,0,0,0,0,0,38,1,860,0.6430232558139535,0.16511627906976745,25,0.24,34.4,1,0,0,1,0,0,483
10675,1956,PhD,66334.0,0,1,2013-04-03,82,909,11,218,0,0,23,2,9,3,5,5,0,0,0,0,0,0,1,58,1,1161,0.7829457364341085,0.18776916451335057,19,0.47368421052631576,61.10526315789474,1,0,1,0,0,0,452
1921,1967,PhD,59062.0,2,1,2013-10-03,74,46,1,12,3,0,9,2,2,0,3,4,0,0,0,0,0,0,0,47,3,71,0.647887323943662,0.16901408450704225,7,0.2857142857142857,10.142857142857142,1,0,1,0,0,0,269
3916,1971,PhD,49269.0,1,0,2012-08-15,92,639,8,166,11,8,58,3,7,3,12,7,0,0,0,0,0,0,0,43,1,890,0.7179775280898877,0.18651685393258427,25,0.28,35.6,1,0,0,0,1,0,683
4084,1975,Graduation,60934.0,0,1,2014-01-17,41,224,155,155,192,93,54,2,6,4,11,4,0,0,0,0,0,0,0,39,1,873,0.2565864833906071,0.1775486827033219,23,0.2608695652173913,37.95652173913044,0,0,0,0,1,0,163
1665,1964,PhD,64140.0,0,2,2013-09-23,71,1459,0,61,0,15,215,5,2,5,6,5,1,0,1,0,1,0,1,50,2,1750,0.8337142857142857,0.03485714285714286,18,0.1111111111111111,97.22222222222223,1,0,0,0,0,0,279
1109,1982,Master,27590.0,1,0,2013-04-23,38,6,0,5,0,0,1,1,1,0,2,7,0,0,0,0,0,0,0,32,1,12,0.5,0.4166666666666667,4,0.25,3.0,1,0,0,0,1,0,432
2975,1976,Graduation,85606.0,0,1,2012-11-12,89,717,42,864,219,30,84,2,6,7,9,3,0,0,0,1,0,0,0,38,1,1956,0.3665644171779141,0.44171779141104295,24,0.25,81.5,0,0,0,0,1,0,594
5543,1966,Graduation,57811.0,0,1,2013-06-24,49,545,7,114,37,21,78,5,7,2,11,5,0,1,0,0,0,0,0,48,1,802,0.6795511221945137,0.14214463840399003,25,0.28,32.08,0,0,0,0,1,0,370
4271,1989,2n Cycle,38683.0,1,0,2012-10-04,80,46,35,69,84,41,66,6,4,1,6,7,0,0,0,0,0,0,0,25,1,341,0.1348973607038123,0.20234604105571846,17,0.23529411764705882,20.058823529411764,0,1,0,0,1,0,633
